owner_org,???? Dataset ID,title,????????????? Domain,????????????????? Sub_Domain,???????????????? Data_Entity,???????????????? Related Hazards,???? Sectors,???????????? Temporal Dimension,???????? Time Period,????? Unit,??????????????????? Temporal Resolution,geo_coverage,?????????????????????? Spatial Resolution,data_format,accessible_condition,url,???????? Limitations / Gaps,???????? Remarks,data_source,???????????????? Source_Type,??????????????? Access_Level (2),???????? Remarks (2),data_type,maintainer,maintainer_email,tag_string,notes,objective,update_frequency_unit,update_frequency_interval,data_category,license_id,created_date,last_updated_date,data_support,data_collect,data_language,high_value_dataset,reference_data
DCCE,DCCE_2_1,"??????????? (GridData, historical)",Forward-looking,Climate Driver,CLIMATE_DRIVER,Drought (???????) ,Cross-cutting (????????),Historical,1981-2023,mm,Daily; Monthly,National,25 km (Grid),NetCDF,Restricted,https://clim-webbased.dcce.go.th/DataServices,-,Model/Source: GridData · Variable: pr · Scenario: historical,Website Climate Data Visualization,Website,Restricted,,,,,,,,,,,,,,,,,,
DCCE,DCCE_2_10,???????????????? (WRF-Chem),Forward-looking,Climate Driver,CLIMATE_DRIVER,??????? (Drought); ????? (Wildfire),Cross-cutting (????????),Historical; Projected,1981-2014 (historical); 2015-2099 (ssp585),%,Daily; Monthly,National,25 km (Grid),NetCDF,Restricted,https://clim-webbased.dcce.go.th/DataServices,??????? ssp585,Model/Source: WRF-Chem · Variable: hurs,Website Climate Data Visualization,Website,Restricted,,,,,,,,,,,,,,,,,,
DCCE,DCCE_2_11,"??????????? (RegCM5, EC-Earth3-Veg)",Forward-looking,Climate Driver,CLIMATE_DRIVER,??????? (Flood); ??????? (Drought),Cross-cutting (????????),Historical; Projected,1960-2014 (historical); 2015-2099 (ssp245); 2015-2099 (ssp585),mm,Daily; Monthly,National,25 km (Grid),NetCDF,Restricted,https://clim-webbased.dcce.go.th/DataServices,-,Model/Source: RegCM5(Driving Model: EC-Earth3-Veg) · Variable: pr,Website Climate Data Visualization,Website,Restricted,,,,,,,,,,,,,,,,,,
DCCE,DCCE_2_12,"?????????????? (RegCM5, EC-Earth3-Veg)",Forward-looking,Climate Driver,CLIMATE_DRIVER,????????????? (Heat); ??????? (Drought),Cross-cutting (????????),Historical; Projected,1960-2014 (historical); 2015-2099 (ssp245); 2015-2099 (ssp585),°C,Daily; Monthly,National,25 km (Grid),NetCDF,Restricted,https://clim-webbased.dcce.go.th/DataServices,-,Model/Source: RegCM5 (EC-Earth3-Veg) · Variable: tasmax,Website Climate Data Visualization,Website,Restricted,,,,,,,,,,,,,,,,,,
DCCE,DCCE_2_13,"?????????????? (RegCM5, EC-Earth3-Veg)",Forward-looking,Climate Driver,CLIMATE_DRIVER,????????????? (Cold spell); ????????????? (Heat),Cross-cutting (????????),Historical; Projected,1960-2014 (historical); 2015-2099 (ssp245); 2015-2099 (ssp585),°C,Daily; Monthly,National,25 km (Grid),NetCDF,Restricted,https://clim-webbased.dcce.go.th/DataServices,-,Model/Source: RegCM5 (EC-Earth3-Veg) · Variable: tasmin,Website Climate Data Visualization,Website,Restricted,,,,,,,,,,,,,,,,,,
DCCE,DCCE_2_14,"?????????????? (RegCM5, EC-Earth3-Veg)",Forward-looking,Climate Driver,CLIMATE_DRIVER,Multi-hazard,Cross-cutting (????????),Historical; Projected,1960-2014 (historical); 2015-2099 (ssp245); 2015-2099 (ssp585),°C,Daily; Monthly,National,25 km (Grid),NetCDF,Restricted,https://clim-webbased.dcce.go.th/DataServices,-,Model/Source: RegCM5 (EC-Earth3-Veg) · Variable: tas,Website Climate Data Visualization,Website,Restricted,,,,,,,,,,,,,,,,,,
DCCE,DCCE_2_15,"???????????????? (RegCM5, EC-Earth3-Veg)",Forward-looking,Climate Driver,CLIMATE_DRIVER,??????? (Drought); ????? (Wildfire),Cross-cutting (????????),Historical; Projected,1960-2014 (historical); 2015-2099 (ssp245); 2015-2099 (ssp585),%,Daily; Monthly,National,25 km (Grid),NetCDF,Restricted,https://clim-webbased.dcce.go.th/DataServices,-,Model/Source: RegCM5 (EC-Earth3-Veg) · Variable: hurs,Website Climate Data Visualization,Website,Restricted,,,,,,,,,,,,,,,,,,
DCCE,DCCE_2_16,"??????????? (Statistical Downscaling, CMIP6)",Forward-looking,Climate Driver,CLIMATE_DRIVER,??????? (Flood); ??????? (Drought),Cross-cutting (????????),Historical; Projected,1981-2014 (historical); 2015-2100 (ssp245); 2015-2100 (ssp585),mm,Daily; Monthly,National,5 km (Grid),NetCDF,Restricted,https://clim-webbased.dcce.go.th/DataServices,-,Model/Source: Statistical Downscaling??? CMIP6 GCMs (ACCESS-CM2; MIROC6; MPI-ESM1-2) · Variable: pr,Website Climate Data Visualization,Website,Restricted,,,,,,,,,,,,,,,,,,
DCCE,DCCE_2_17,"?????????????? (Statistical Downscaling, CMIP6)",Forward-looking,Climate Driver,CLIMATE_DRIVER,????????????? (Heat); ??????? (Drought),Cross-cutting (????????),Historical; Projected,1981-2014 (historical); 2015-2100 (ssp245); 2015-2100 (ssp585),°C,Daily; Monthly,National,5 km (Grid),NetCDF,Restricted,https://clim-webbased.dcce.go.th/DataServices,-,Model/Source: Statistical Downscaling(ACCESS-CM2; MIROC6; MPI-ESM1-2) · Variable: tasmax,Website Climate Data Visualization,Website,Restricted,,,,,,,,,,,,,,,,,,
DCCE,DCCE_2_18,"?????????????? (Statistical Downscaling, CMIP6)",Forward-looking,Climate Driver,CLIMATE_DRIVER,????????????? (Cold spell); ????????????? (Heat),Cross-cutting (????????),Historical; Projected,1981-2014 (historical); 2015-2100 (ssp245); 2015-2100 (ssp585),°C,Daily; Monthly,National,5 km (Grid),NetCDF,Restricted,https://clim-webbased.dcce.go.th/DataServices,-,Model/Source: Statistical Downscaling(ACCESS-CM2; MIROC6; MPI-ESM1-2) · Variable: tasmin,Website Climate Data Visualization,Website,Restricted,,,,,,,,,,,,,,,,,,
DCCE,DCCE_2_19,"?????????????? (Statistical Downscaling, CMIP6)",Forward-looking,Climate Driver,CLIMATE_DRIVER,Multi-hazard,Cross-cutting (????????),Historical; Projected,1981-2014 (historical); 2015-2100 (ssp245); 2015-2100 (ssp585),°C,Daily; Monthly,National,5 km (Grid),NetCDF,Restricted,https://clim-webbased.dcce.go.th/DataServices,SD ??????????? Relative Humidity (hurs),Model/Source: Statistical Downscaling(ACCESS-CM2; MIROC6; MPI-ESM1-2) · Variable: tas,Website Climate Data Visualization,Website,Restricted,,,,,,,,,,,,,,,,,,
DCCE,DCCE_2_2,"?????????????? (GridData, historical)",Forward-looking,Climate Driver,CLIMATE_DRIVER,Drought (???????) ,Cross-cutting (????????),Historical,1981-2023,°C,Daily; Monthly,National,25 km (Grid),NetCDF,Restricted,https://clim-webbased.dcce.go.th/DataServices,-,Model/Source: GridData · Variable: tasmax · Scenario: historical,Website Climate Data Visualization,Website,Restricted,,,,,,,,,,,,,,,,,,
DCCE,DCCE_2_3,"?????????????? (GridData, historical)",Forward-looking,Climate Driver,CLIMATE_DRIVER,Drought (???????) ,Cross-cutting (????????),Historical,1981-2023,°C,Daily; Monthly,National,25 km (Grid),NetCDF,Restricted,https://clim-webbased.dcce.go.th/DataServices,-,Model/Source: GridData · Variable: tasmin · Scenario: historical,Website Climate Data Visualization,Website,Restricted,,,,,,,,,,,,,,,,,,
DCCE,DCCE_2_4,"?????????????? (GridData, historical)",Forward-looking,Climate Driver,CLIMATE_DRIVER,Drought (???????) ,Cross-cutting (????????),Historical,1981-2023,°C,Daily; Monthly,National,25 km (Grid),NetCDF,Restricted,https://clim-webbased.dcce.go.th/DataServices,-,Model/Source: GridData · Variable: tas · Scenario: historical,Website Climate Data Visualization,Website,Restricted,,,,,,,,,,,,,,,,,,
DCCE,DCCE_2_5,"???????????????? (GridData, historical)",Forward-looking,Climate Driver,CLIMATE_DRIVER,??????? (Drought); ????? (Wildfire),Cross-cutting (????????),Historical,1981-2023,%,Daily; Monthly,National,25 km (Grid),NetCDF,Restricted,https://clim-webbased.dcce.go.th/DataServices,-,Model/Source: GridData · Variable: hurs · Scenario: historical,Website Climate Data Visualization,Website,Restricted,,,,,,,,,,,,,,,,,,
DCCE,DCCE_2_6,"??????????? (WRF-Chem, CMIP6 bias-corrected)",Forward-looking,Climate Driver,CLIMATE_DRIVER,??????? (Flood); ??????? (Drought),Cross-cutting (????????),Historical; Projected,1981-2014 (historical); 2015-2099 (ssp585),mm,Daily; Monthly,National,25 km (Grid),NetCDF,Restricted,https://clim-webbased.dcce.go.th/DataServices,??????? ssp585,"Model/Source: WRF-Chem(driven by CMIP6 GCMs, Bias-Corrected) · Variable: pr",Website Climate Data Visualization,Website,Restricted,,,,,,,,,,,,,,,,,,
DCCE,DCCE_2_7,?????????????? (WRF-Chem),Forward-looking,Climate Driver,CLIMATE_DRIVER,????????????? (Heat); ??????? (Drought),Cross-cutting (????????),Historical; Projected,1981-2014 (historical); 2015-2099 (ssp585),°C,Daily; Monthly,National,25 km (Grid),NetCDF,Restricted,https://clim-webbased.dcce.go.th/DataServices,??????? ssp585,Model/Source: WRF-Chem · Variable: tasmax,Website Climate Data Visualization,Website,Restricted,,,,,,,,,,,,,,,,,,
DCCE,DCCE_2_8,?????????????? (WRF-Chem),Forward-looking,Climate Driver,CLIMATE_DRIVER,????????????? (Cold spell); ????????????? (Heat),Cross-cutting (????????),Historical; Projected,1981-2014 (historical); 2015-2099 (ssp585),°C,Daily; Monthly,National,25 km (Grid),NetCDF,Restricted,https://clim-webbased.dcce.go.th/DataServices,??????? ssp585,Model/Source: WRF-Chem · Variable: tasmin,Website Climate Data Visualization,Website,Restricted,,,,,,,,,,,,,,,,,,
DCCE,DCCE_2_9,?????????????? (WRF-Chem),Forward-looking,Climate Driver,CLIMATE_DRIVER,Multi-hazard,Cross-cutting (????????),Historical; Projected,1981-2014 (historical); 2015-2099 (ssp585),°C,Daily; Monthly,National,25 km (Grid),NetCDF,Restricted,https://clim-webbased.dcce.go.th/DataServices,??????? ssp585,Model/Source: WRF-Chem · Variable: tas,Website Climate Data Visualization,Website,Restricted,,,,,,,,,,,,,,,,,,
DCCE,DCCE_3_1,???????????????????????????????????????????,Forward-looking,Composite Index,COMPOSITE_INDEX,Cross-cutting (??????),Agriculture (?????),Historical; Projected,1960-2014; 2015-2040; 2041-2060; 2061-2080; 2081-2100,,,National,Province,CSV,Open,https://ccic.dcce.go.th/riskarea,??????? ssp585 ??? ssp245,??????????? Hazard × Exposure × Vulnerability ??????????,Website ?????????????????????????????????????????????????,Website,Open,,,,,,,,,,,,,,,,,,
DCCE,DCCE_3_2,??????????????????????????,Forward-looking,Composite Index,COMPOSITE_INDEX,Cross-cutting (??????),Water (???),Historical; Projected,1960-2014; 2015-2040; 2041-2060; 2061-2080; 2081-2101,,,National,Province,CSV,Open,https://ccic.dcce.go.th/riskarea,??????? ssp585 ??? ssp246,??????????? Hazard × Exposure × Vulnerability ??????????,Website ?????????????????????????????????????????????????,Website,Open,,,,,,,,,,,,,,,,,,
DCCE,DCCE_3_3,???????????????????????????????????????????????,Forward-looking,Composite Index,COMPOSITE_INDEX,Cross-cutting (??????),Human Settlement (???????????),Historical; Projected,1960-2014; 2015-2040; 2041-2060; 2061-2080; 2081-2102,Index (0-1),Annual,National,Province,CSV,Open,https://ccic.dcce.go.th/riskarea,??????? ssp585 ??? ssp247,??????????? Hazard × Exposure × Vulnerability ??????????,Website ?????????????????????????????????????????????????,Website,Open,,,,,,,,,,,,,,,,,,
DCCE,DCCE_3_4,???????????????????????????,Forward-looking,Composite Index,COMPOSITE_INDEX,Cross-cutting (??????),Tourism (??????????),Historical; Projected,1960-2014; 2015-2040; 2041-2060; 2061-2080; 2081-2103,Index (0-1),Annual,National,Province,CSV,Open,https://ccic.dcce.go.th/riskarea,??????? ssp585 ??? ssp248,??????????? Hazard × Exposure × Vulnerability ??????????,Website ?????????????????????????????????????????????????,Website,Open,,,,,,,,,,,,,,,,,,
DCCE,DCCE_3_5,????????????????????????????????????????????,Forward-looking,Composite Index,COMPOSITE_INDEX,Cross-cutting (??????),Natural Resources (????????????????),Historical; Projected,1960-2014; 2015-2040; 2041-2060; 2061-2080; 2081-2104,Index (0-1),Annual,National,Province,CSV,Open,https://ccic.dcce.go.th/riskarea,??????? ssp585 ??? ssp249,??????????? Hazard × Exposure × Vulnerability ??????????,Website ?????????????????????????????????????????????????,Website,Open,,,,,,,,,,,,,,,,,,
DCCE,DCCE_3_6,???????????????????????,Forward-looking,Composite Index,COMPOSITE_INDEX,Cross-cutting (??????),Public Health (?????????),Historical; Projected,1960-2014; 2015-2040; 2041-2060; 2061-2080; 2081-2105,Index (0-1),Annual,National,Province,CSV,Open,https://ccic.dcce.go.th/riskarea,??????? ssp585 ??? ssp250,??????????? Hazard × Exposure × Vulnerability ??????????,Website ?????????????????????????????????????????????????,Website,Open,,,,,,,,,,,,,,,,,,
DCCE,DCCE_3_7,??????????????,Forward-looking,Climate Driver,CLIMATE_DRIVER,Cross-cutting (??????),Cross-cutting (????????),Historical; Projected,1960-2014; 2015-2040; 2041-2060; 2061-2080; 2081-2106,Index,Annual,National,Province,CSV,Open,https://ccic.dcce.go.th/riskarea,??????? ssp585 ??? ssp251,"??????????????????????? (T, P) ?????? screening ??????????",Website ?????????????????????????????????????????????????,Website,Open,,,,,,,,,,,,,,,,,,
GISTDA,GISTDA_1_1,?????????????????????????? (??????) ?????? 365 ??? v1.2,Forward-looking,Hazard,SATELLITE_OBSERVATION,Wildfire (?????),,Natural Resources (????????????????),2025-2026,??.??.,Annual,National,-,API / Web Service,Open,https://api-gateway.gistda.or.th/gi-service/v1.2/disasters/burnt-area-latest-365,-,"API endpoint: /gi-service/v1.2/disasters/burnt-area-latest-365 | tags: gi-services, disasters, burnt area, opendata, Fire | ????????????: 30 ??.?. 2569",Website Gistda Gateway,Website,Open,-,Historical,,,,,,,,,,,,,,,,
GISTDA,GISTDA_1_10,?????????????????????????????????? (40 ????) v2.2,Forward-looking,Exposure,EXPOSED_ASSET,Cross-cutting (??????),,Agriculture (?????),2025,??.??.,Bi-weekly,National,40 m (Grid),API / Web Service,Open,https://api-gateway.gistda.or.th/gi-service/v2.2/agriculture/rice-weekly-40m,-,"API endpoint: /gi-service/v2.2/agriculture/rice-weekly-40m | tags: gi-services, opendata, agriculture, rice, weekly, 40m | ???? ????????????? | ?????????????: 11 ?.?. 2568",Website Gistda Gateway,Website,Open,-,Historical,,,,,,,,,,,,,,,,
GISTDA,GISTDA_1_2,?????????????????????????? (??????) v1.2,Forward-looking,Hazard,SATELLITE_OBSERVATION,Wildfire (?????),,Natural Resources (????????????????),2025,??.??.,Event-based,National,-,API / Web Service,Open,https://api-gateway.gistda.or.th/gi-service/v1.2/disasters/burnt-area-latest,-,"API endpoint: /gi-service/v1.2/disasters/burnt-area-latest | tags: gi-services, disasters, burnt area, opendata, Fire | ????????????: 24 ?.?. 2568",Website Gistda Gateway,Website,Open,-,Historical,,,,,,,,,,,,,,,,
GISTDA,GISTDA_1_3,???????????????????????????????????????????? 6 ????????????????????? v1.1,Forward-looking,Exposure,EXPOSED_ASSET,Cross-cutting (??????),,Agriculture (?????),2025,??.??.,Annual,Sub-national,-,API / Web Service,Open,https://api-gateway.gistda.or.th/gi-service/v1.1/agriculture/crop-suitability,-,"API endpoint: /gi-service/v1.1/agriculture/crop-suitability | tags: gi-services, opendata, agriculture, crop, suitability | ??????????? 6 ???? | ????????????: 11 ?.?. 2568",Website Gistda Gateway,Website,Open,-,Historical,,,,,,,,,,,,,,,,
GISTDA,GISTDA_1_4,???????????????????????????? 6 ????????????????????? v2.2,Forward-looking,Exposure,EXPOSED_ASSET,Cross-cutting (??????),,Agriculture (?????),2025,??.??.,Annual,Sub-national,40 m (Grid),API / Web Service,Open,https://api-gateway.gistda.or.th/gi-service/v2.2/agriculture/check-crop,-,"API endpoint: /gi-service/v2.2/agriculture/check-crop | tags: gi-services, opendata, agriculture, crop, 40m | ?????????????????? 6 ???? | ????????????: 11 ?.?. 2568",Website Gistda Gateway,Website,Open,-,Historical,,,,,,,,,,,,,,,,
GISTDA,GISTDA_1_5,????????????????????????????????? (40 ????) v2.2,Forward-looking,Exposure,EXPOSED_ASSET,Cross-cutting (??????),,Agriculture (?????),2025,??.??.,Annual,National,40 m (Grid),API / Web Service,Open,https://api-gateway.gistda.or.th/gi-service/v2.2/agriculture/palm-yearly-40m,-,"API endpoint: /gi-service/v2.2/agriculture/palm-yearly-40m | tags: gi-services, opendata, agriculture, palm, 40m | ????? | ????????????: 11 ?.?. 2568",Website Gistda Gateway,Website,Open,-,Historical,,,,,,,,,,,,,,,,
GISTDA,GISTDA_1_6,????????????????????????????? (40 ????) v2.2,Forward-looking,Exposure,EXPOSED_ASSET,Cross-cutting (??????),,Agriculture (?????),2025,??.??.,Annual,National,40 m (Grid),API / Web Service,Open,https://api-gateway.gistda.or.th/gi-service/v2.2/agriculture/rubber-yearly-40m,-,"API endpoint: /gi-service/v2.2/agriculture/rubber-yearly-40m | tags: gi-services, opendata, agriculture, rubber, 40m | ??????? ????? | ????????????: 11 ?.?. 2568",Website Gistda Gateway,Website,Open,-,Historical,,,,,,,,,,,,,,,,
GISTDA,GISTDA_1_7,?????????????????????????????????? (40 ????) v2.2,Forward-looking,Exposure,EXPOSED_ASSET,Cross-cutting (??????),,Agriculture (?????),2025,??.??.,Bi-weekly,National,40 m (Grid),API / Web Service,Open,https://api-gateway.gistda.or.th/gi-service/v2.2/agriculture/sugarcane-weekly-40m,-,"API endpoint: /gi-service/v2.2/agriculture/sugarcane-weekly-40m | tags: gi-services, opendata, agriculture, sugarcane, weekly, 40m | ???? ????????????? | ????????????: 11 ?.?. 2568",Website Gistda Gateway,Website,Open,-,Historical,,,,,,,,,,,,,,,,
GISTDA,GISTDA_1_8,????????????????????????????????????????? (40 ????) v2.2,Forward-looking,Exposure,EXPOSED_ASSET,Cross-cutting (??????),,Agriculture (?????),2025,??.??.,Bi-weekly,National,40 m (Grid),API / Web Service,Open,https://api-gateway.gistda.or.th/gi-service/v2.2/agriculture/cassava-weekly-40m,-,"API endpoint: /gi-service/v2.2/agriculture/cassava-weekly-40m | tags: gi-services, opendata, agriculture, cassava, weekly, 40m | ??????????? ????????????? | ????????????: 11 ?.?. 2568",Website Gistda Gateway,Website,Open,-,Historical,,,,,,,,,,,,,,,,
GISTDA,GISTDA_1_9,????????????????????????????????????? (40 ????) v2.2,Forward-looking,Exposure,EXPOSED_ASSET,Cross-cutting (??????),,Agriculture (?????),2025,??.??.,Bi-weekly,National,40 m (Grid),API / Web Service,Open,https://api-gateway.gistda.or.th/gi-service/v2.2/agriculture/maize-weekly-40m,-,"API endpoint: /gi-service/v2.2/agriculture/maize-weekly-40m | tags: gi-services, opendata, agriculture, maize, weekly, 40m | ??????? ????????????? | ????????????: 11 ?.?. 2568",Website Gistda Gateway,Website,Open,-,Historical,,,,,,,,,,,,,,,,
GISTDA,GISTDA_2_1,?????????????????????? (SST),Forward-looking,Climate Driver,CLIMATE_DRIVER,Multi-hazard,,Cross-cutting (????????),Up to 2026,°C,Daily,National,0.85 km (Grid),NetCDF,Open,https://portal.marineportal.gistda.or.th/catalogue/#/,-,??????????????????????????????????? Suomi-NPP/NOAA-20 ???? VIIRS,Website Marine GI Portal ??????????????????????????????????????????????,Website,Open,,Historical,,,,,,,,,,,,,,,,
GISTDA,GISTDA_2_2,?????????????????? (Nighttime Light),Forward-looking,Exposure,EXPOSED_ASSET,Cross-cutting (??????),,Human Settlement (???????????),2016-2025,nW/cm²/sr,Annual,National,-,Shapefile,Open,https://portal.marineportal.gistda.or.th/catalogue/#/,,"???????????????????????????????????????????? ??????? proxy ?????????????????? | ????????????????? WebGIS DCCE 19/01/2026 (1_Data_WebGIS_DCCE_20260119.xlsx ? sheet: GISTDA, ???????? 4)",Website Marine GI Portal ??????????????????????????????????????????????,Website,Open,,Historical,,,,,,,,,,,,,,,,
GISTDA,GISTDA_3_1,???????????????????????????????,Forward-looking,Hazard,SATELLITE_OBSERVATION,Flood (???????),,Cross-cutting (????????),2022-2025,??.??.,Event-based,National,Sub-district,Shapefile,Open,https://disaster.gistda.or.th/services/download,???????????????????????,????????????????????????????????????????????????????????????????????????????????,Website Disaster Platform ?????????????????????????????????????????????????,Website,Open,,Historical,,,,,,,,,,,,,,,,
GISTDA,GISTDA_3_2,?????????????????,Forward-looking,Hazard,SATELLITE_OBSERVATION,Flood (???????),,Cross-cutting (????????),2022-2026,???,Event-based,National,Sub-district,Shapefile,Open,https://disaster.gistda.or.th/services/download,???????????????????????,,Website Disaster Platform ?????????????????????????????????????????????????,Website,Open,,Historical,,,,,,,,,,,,,,,,
GISTDA,GISTDA_3_3,????????????? (Soil Moisture Active Passive : SMAP),Forward-looking,Hazard,SATELLITE_OBSERVATION,Drought (???????),,Cross-cutting (????????),2023-2026,-,Weekly,National,Tambon,Image; CSV,Open,https://disaster.gistda.or.th/services/download,???????????????????????,,Website Disaster Platform ?????????????????????????????????????????????????,Website,Open,,Historical,,,,,,,,,,,,,,,,
GISTDA,GISTDA_4_1,???????????????,Forward-looking,Hazard,SATELLITE_OBSERVATION,Multi-hazard,,Cross-cutting (????????),2017-2025,-,Daily; Monthly,National,2 m (Grid),NetCDF,Open,https://datacube.gistda.or.th/,-,-,Website GISTDA DATA CUBE,Website,Open,,Historical,,,,,,,,,,,,,,,,
GISTDA,GISTDA_5_1,????????????????????,Forward-looking,Hazard,HAZARD_MAP,Flood (???????),,Agriculture — ?????; Human Settlement — ???????????; Tourism — ??????????; Water — ???,1960-2014; 2015-2040; 2041-2060; 2061-2080; 2081-2100,??.??.,Annual,National,Province,CSV,Restricted,-,-,,Report ????????????????????????????????????????????????????????????????????????????????????????????????,Report,Restricted,,Historical; Projected,,,,,,,,,,,,,,,,
TMD,TMD_1_1,???????????? 1 ??????? (P1H),Forward-looking,Climate Driver,CLIMATE_DRIVER,??????? (Flood),Cross-cutting (????????),Forecast,3 days,mm,Hourly,National,3 km (Grid),PNG / Image,Open,https://hpc.tmd.go.th/imgda,??????????????????????,"WRF model output, Domain 2",Website ?????????????????????????? ???????????????,Website,Open,,,,,,,,,,,,,,,,,,
TMD,TMD_1_2,???????????? 24 ??????? (P24H),Forward-looking,Climate Driver,CLIMATE_DRIVER,Flood (???????); Landslide (???????),Cross-cutting (????????),Forecast,3 days,mm,Daily,National,3 km (Grid),PNG / Image,Open,https://hpc.tmd.go.th/imgda,??????????????????????,"WRF model output, Domain 2",Website ?????????????????????????? ???????????????,Website,Open,,,,,,,,,,,,,,,,,,
TMD,TMD_1_3,?????????????????????????????? (PRMSL),Forward-looking,Climate Driver,CLIMATE_DRIVER,Storm (????),Cross-cutting (????????),Forecast,3 days,hPa,Sub-daily,National,3 km (Grid),PNG / Image,Open,https://hpc.tmd.go.th/imgda,??????????????????????,"WRF model output, Domain 2",Website ?????????????????????????? ???????????????,Website,Open,,,,,,,,,,,,,,,,,,
TMD,TMD_1_4,???????????????? (RHUM),Forward-looking,Climate Driver,CLIMATE_DRIVER,Drought (???????); Wildfire (?????),Cross-cutting (????????),Forecast,3 days,%,Sub-daily,National,3 km (Grid),PNG / Image,Open,https://hpc.tmd.go.th/imgda,??????????????????????,"WRF model output, Domain 2",Website ?????????????????????????? ???????????????,Website,Open,,,,,,,,,,,,,,,,,,
TMD,TMD_1_5,??????????????? ???????? 2 ???? (T2M),Forward-looking,Climate Driver,CLIMATE_DRIVER,Heat (?????????????); Drought (???????),Cross-cutting (????????),Forecast,3 days,°C,Sub-daily,National,3 km (Grid),PNG / Image,Open,https://hpc.tmd.go.th/imgda,??????????????????????,"WRF model output, Domain 2; T at 2m AGL",Website ?????????????????????????? ???????????????,Website,Open,,,,,,,,,,,,,,,,,,
TMD,TMD_1_6,??????? 10 ???? (W10M),Forward-looking,Climate Driver,CLIMATE_DRIVER,Storm (????),Cross-cutting (????????),Forecast,3 days,m/s,Sub-daily,National,3 km (Grid),PNG / Image,Open,https://hpc.tmd.go.th/imgda,??????????????????????,"WRF model output, Domain 2; wind at 10m AGL",Website ?????????????????????????? ???????????????,Website,Open,,,,,,,,,,,,,,,,,,
TMD,TMD_5_1,????????????? (Heat index) — WebGIS DCCE,Forward-looking,Climate Driver,CLIMATE_DRIVER,Heat (?????????????),Public Health (?????????),Historical,Unknown,°C,Annual,National,-,Shapefile / Vector; CSV; API / Web Service,Restricted,https://data.tmd.go.th/dataset/index.php,??????????????????? - ????????????,"????????????????????????????????????????????????????????? ????????????????????????????????????????? | ????????????????? WebGIS DCCE 19/01/2026 (1_Data_WebGIS_DCCE_20260119.xlsx ? sheet: TMD, ???????? 1)",Website Open Data of TMD ???????????????????????????????????,Website,Open,,,,,,,,,,,,,,,,,,
TMD,TMD_4_1,??????????? — WebGIS DCCE (???????????????),Forward-looking,Hazard,HAZARDOUS_EVENT,Storm (????),DRR (??????????????????),Historical,Unknown,-,Annual,National,-,Shapefile / Vector; CSV; API / Web Service,Restricted,https://www.tmd.go.th/climate/climateStat/TropicalCyclone,??????????????????? - ????????????,"??????????????????????????????????????????????????? | ????????????????? WebGIS DCCE 19/01/2026 (1_Data_WebGIS_DCCE_20260119.xlsx ? sheet: TMD, ???????? 2)",Website ????????????????????,Website,Open,,,,,,,,,,,,,,,,,,
TMD,TMD_2_1,????????????? (Heat index) — ?????,Forward-looking,Hazard,METEOROLOGICAL_OBSERVATION,Heat (?????????????),Cross-cutting (????????),Projected,2014-2019,-,-,National,Province,Image,Open,http://www.rnd.tmd.go.th/heatindexanalysis/,-,Heat index,Website Heat Index Analysis ????????????????????????????,Website,Open,,,,,,,,,,,,,,,,,,
TMD,TMD_3_1,??????????? — ??????????????????,Forward-looking,Hazard,HAZARDOUS_EVENT,Storm (????),Cross-cutting (????????),Historical,-,-,-,??????????,-,GIS (Shapefile / GeoJSON),-,https://www.tmd.go.th/storms,-,??????????????????,Website ???????????,Website,Open,,,,,,,,,,,,,,,,,,
TMD,TMD_6_1,TXx - ????????????????????????????????????? (Max Tmax),Forward-looking,Climate Driver,CLIMATE_DRIVER,Heat (?????????????),Cross-cutting (????????),Historical,-,°C,Annual,National,Unknown,Unknown,Restricted,-,???????????????????????????? DCCE,???????????????????? (Intensity): Warmest daily maximum temperature - ?????????????? Heat Intensity Index,Report ????????????????????????????????????????????????????????????????????????????????????????????????,Report,Restricted,,,,,,,,,,,,,,,,,,
TMD,TMD_6_2,TNx - ????????????????????????????????????? (Max Tmin),Forward-looking,Climate Driver,CLIMATE_DRIVER,Heat (?????????????),Cross-cutting (????????),Historical,-,°C,Annual,National,Unknown,Unknown,Restricted,-,???????????????????????????? DCCE,???????????????????? (Intensity): Warmest daily minimum temperature - ?????????????? Heat Intensity Index,Report ????????????????????????????????????????????????????????????????????????????????????????????????,Report,Restricted,,,,,,,,,,,,,,,,,,
TMD,TMD_6_3,GSL - ???????????????????????? (Growing Season Length),Forward-looking,Climate Driver,CLIMATE_DRIVER,Heat (?????????????),Agriculture (?????),Historical,-,days,Annual,National,Unknown,Unknown,Restricted,-,???????????????????????????? DCCE,???????????????????? (Duration): ??????????????????????????????? Tmean > 5°C ?????? 6 ??? ?????????????? Tmean < 5°C ?????? 6 ??? - ?????????????? Heat Duration Index,Report ????????????????????????????????????????????????????????????????????????????????????????????????,Report,Restricted,,,,,,,,,,,,,,,,,,
TMD,TMD_6_4,WSDI - ?????????????????????????? (Warm Spell Duration Indicator),Forward-looking,Climate Driver,CLIMATE_DRIVER,Heat (?????????????),Cross-cutting (????????),Historical,-,days,Annual,National,Unknown,Unknown,Restricted,-,???????????????????????????? DCCE,???????????????????? (Duration): ?????????????????? Tmax > ???????????????? 90 ?????????????????? 6 ??? - ?????????????? Heat Duration Index,Report ????????????????????????????????????????????????????????????????????????????????????????????????,Report,Restricted,,,,,,,,,,,,,,,,,,
TMD,TMD_6_5,TX90p - ????????????????????????????? (Warm Days),Forward-looking,Climate Driver,CLIMATE_DRIVER,Heat (?????????????),Cross-cutting (????????),Historical,-,% of days,Annual,National,Unknown,Unknown,Restricted,-,???????????????????????????? DCCE,???????????????????? (Frequency): ?????????????????? Tmax > ???????????????? 90 - ?????????????? Heat Frequency Index,Report ????????????????????????????????????????????????????????????????????????????????????????????????,Report,Restricted,,,,,,,,,,,,,,,,,,
TMD,TMD_6_6,TN90p - ????????????????????????????? (Warm Nights),Forward-looking,Climate Driver,CLIMATE_DRIVER,Heat (?????????????),Cross-cutting (????????),Historical,-,% of days,Annual,National,Unknown,Unknown,Restricted,-,???????????????????????????? DCCE,???????????????????? (Frequency): ?????????????????? Tmin > ???????????????? 90 - ?????????????? Heat Frequency Index,Report ????????????????????????????????????????????????????????????????????????????????????????????????,Report,Restricted,,,,,,,,,,,,,,,,,,
TMD,TMD_6_7,"SU35 - ?????????? (Summer Days, Tmax > 35°C)",Forward-looking,Climate Driver,CLIMATE_DRIVER,Heat (?????????????),Cross-cutting (????????),Historical,-,days,Annual,National,Unknown,Unknown,Restricted,-,???????????????????????????? DCCE,???????????????????? (Frequency): ?????????????????? Tmax > 35°C - ?????????????? Heat Frequency Index,Report ????????????????????????????????????????????????????????????????????????????????????????????????,Report,Restricted,,,,,,,,,,,,,,,,,,
TMD,TMD_6_8,"TR20 - ?????????? (Tropical Nights, Tmin > 20°C)",Forward-looking,Climate Driver,CLIMATE_DRIVER,Heat (?????????????),Cross-cutting (????????),Historical,-,days,Annual,National,Unknown,Unknown,Restricted,-,???????????????????????????? DCCE,???????????????????? (Frequency): ?????????????????? Tmin > 20°C - ?????????????? Heat Frequency Index,Report ????????????????????????????????????????????????????????????????????????????????????????????????,Report,Restricted,,,,,,,,,,,,,,,,,,
TMD,TMD_6_9,Rx1day - ???????????????? 1 ??? (Max 1-day Precipitation),Forward-looking,Climate Driver,CLIMATE_DRIVER,Flood (???????),Cross-cutting (????????),Historical,-,mm,Annual,National,Unknown,Unknown,Restricted,-,???????????????????????????? DCCE,?????????????? (Intensity): ??????????????????? 1 ??? - ?????????????? Flood Intensity Index,Report ????????????????????????????????????????????????????????????????????????????????????????????????,Report,Restricted,,,,,,,,,,,,,,,,,,
TMD,TMD_6_10,Rx5day - ???????????????? 5 ??? (Max 5-day Precipitation),Forward-looking,Climate Driver,CLIMATE_DRIVER,Flood (???????),Cross-cutting (????????),Historical,-,mm,Annual,National,Unknown,Unknown,Restricted,-,???????????????????????????? DCCE,?????????????? (Intensity): ??????????????????? 5 ??? - ?????????????? Flood Intensity Index,Report ????????????????????????????????????????????????????????????????????????????????????????????????,Report,Restricted,,,,,,,,,,,,,,,,,,
TMD,TMD_6_11,SDII - ???????????????????????? (Simple Daily Intensity Index),Forward-looking,Climate Driver,CLIMATE_DRIVER,Flood (???????),Cross-cutting (????????),Historical,-,mm/day,Annual,National,Unknown,Unknown,Restricted,-,???????????????????????????? DCCE,?????????????? (Intensity): ???????????????? ??????????????????? (?? ? 1 mm) - ?????????????? Flood Intensity Index,Report ????????????????????????????????????????????????????????????????????????????????????????????????,Report,Restricted,,,,,,,,,,,,,,,,,,
TMD,TMD_6_12,R95p - ??????????????????????? (Annual contribution from very wet days),Forward-looking,Climate Driver,CLIMATE_DRIVER,Flood (???????),Cross-cutting (????????),Historical,-,mm,Annual,National,Unknown,Unknown,Restricted,-,???????????????????????????? DCCE,?????????????? (Intensity): ???????????????? > ???????????????? 95 - ?????????????? Flood Intensity Index,Report ????????????????????????????????????????????????????????????????????????????????????????????????,Report,Restricted,,,,,,,,,,,,,,,,,,
TMD,TMD_6_13,R99p - ????????????????????????????? (Annual contribution from extremely wet days),Forward-looking,Climate Driver,CLIMATE_DRIVER,Flood (???????),Cross-cutting (????????),Historical,-,mm,Annual,National,Unknown,Unknown,Restricted,-,???????????????????????????? DCCE,?????????????? (Intensity): ???????????????? > ???????????????? 99 - ?????????????? Flood Intensity Index,Report ????????????????????????????????????????????????????????????????????????????????????????????????,Report,Restricted,,,,,,,,,,,,,,,,,,
TMD,TMD_6_14,PRCPTOT - ????????????????????? (Annual contribution from wet days),Forward-looking,Climate Driver,CLIMATE_DRIVER,Flood (???????),Cross-cutting (????????),Historical,-,mm,Annual,National,Unknown,Unknown,Restricted,-,???????????????????????????? DCCE,?????????????? (Intensity): ?????????????????????? ? 1 mm - ?????????????? Flood Intensity Index,Report ????????????????????????????????????????????????????????????????????????????????????????????????,Report,Restricted,,,,,,,,,,,,,,,,,,
TMD,TMD_6_15,CWD - ??????????????????????????? (Consecutive Wet Days),Forward-looking,Climate Driver,CLIMATE_DRIVER,Flood (???????),Cross-cutting (????????),Historical,-,days,Annual,National,Unknown,Unknown,Restricted,-,???????????????????????????? DCCE,?????????????? (Duration): ???????????????????????????????? (?? ? 1 mm) - ?????????????? Flood Duration Index,Report ????????????????????????????????????????????????????????????????????????????????????????????????,Report,Restricted,,,,,,,,,,,,,,,,,,
TMD,TMD_6_16,CDD - ??????????????????????????? (Consecutive Dry Days),Forward-looking,Climate Driver,CLIMATE_DRIVER,Drought (???????),Cross-cutting (????????),Historical,-,days,Annual,National,Unknown,Unknown,Restricted,-,???????????????????????????? DCCE,?????????????? (Duration): ???????????????????????????????? (?? < 1 mm) - ?????????????? Drought Duration Index,Report ????????????????????????????????????????????????????????????????????????????????????????????????,Report,Restricted,,,,,,,,,,,,,,,,,,
TMD,TMD_6_17,"R10mm - ???????????????? (Heavy Precipitation Days, ? 10 mm)",Forward-looking,Climate Driver,CLIMATE_DRIVER,Flood (???????),Cross-cutting (????????),Historical,-,days,Annual,National,Unknown,Unknown,Restricted,-,???????????????????????????? DCCE,?????????????? (Frequency): ?????????????????? ? 10 mm - ?????????????? Flood Frequency Index,Report ????????????????????????????????????????????????????????????????????????????????????????????????,Report,Restricted,,,,,,,,,,,,,,,,,,
TMD,TMD_6_18,"R20mm - ??????????????????? (Very Heavy Precipitation Days, ? 20 mm)",Forward-looking,Climate Driver,CLIMATE_DRIVER,Flood (???????),Cross-cutting (????????),Historical,-,days,Annual,National,Unknown,Unknown,Restricted,-,???????????????????????????? DCCE,?????????????? (Frequency): ?????????????????? ? 20 mm - ?????????????? Flood Frequency Index,Report ????????????????????????????????????????????????????????????????????????????????????????????????,Report,Restricted,,,,,,,,,,,,,,,,,,
TMD,TMD_6_19,SPI-1 - ?????????????? 1 ????? (Standardized Precipitation Index-1),Forward-looking,Climate Driver,CLIMATE_DRIVER,Flood (???????); Drought (???????),Cross-cutting (????????),Historical,-,-,Monthly,National,Unknown,Unknown,Restricted,-,???????????????????????????? DCCE,?????????????? (SPI): ???? 1 ????? - SPI-1 > 1.5 ????? Flood Intensity Index; |SPI-1 < -1.5| ????? Drought Intensity Index,Report ????????????????????????????????????????????????????????????????????????????????????????????????,Report,Restricted,,,,,,,,,,,,,,,,,,
TMD,TMD_6_20,CSPI-1 - ?????????????????????? SPI-1 ??????? (Consecutive SPI-1),Forward-looking,Climate Driver,CLIMATE_DRIVER,Flood (???????); Drought (???????),Cross-cutting (????????),Historical,-,months,Annual,National,Unknown,Unknown,Restricted,-,???????????????????????????? DCCE,?????????????? (SPI): ????????????????????????????????? SPI-1 ? 1.5 ???? ? -1.5 - ????? Flood/Drought Duration Index,Report ????????????????????????????????????????????????????????????????????????????????????????????????,Report,Restricted,,,,,,,,,,,,,,,,,,
TMD,TMD_6_21,FSPI-1 - ?????????? SPI-1 (Frequency SPI-1),Forward-looking,Climate Driver,CLIMATE_DRIVER,Flood (???????); Drought (???????),Cross-cutting (??????),Historical,-,months,Annual,National,Unknown,Unknown,Restricted,-,???????????????????????????? DCCE,?????????????? (SPI): ???????????????????? SPI-1 ? 1.5 ???? ? -1.5 - ????? Flood/Drought Frequency Index,Report ????????????????????????????????????????????????????????????????????????????????????????????????,Report,Restricted,,,,,,,,,,,,,,,,,,
TMD,TMD_6_22,HI_Heat - ?????????????????????????? (Heat Hazard Index),Forward-looking,Composite Index,COMPOSITE_INDEX,Heat (?????????????),Cross-cutting (????????),Historical,-,-,Annual,National,Unknown,Unknown,Restricted,-,???????????????????????????? DCCE,"???????? (Composite): HI_Heat = (Heat Intensity Index + Heat Duration Index + Heat Frequency Index) / 3 ??? Heat Intensity = (TXx + TNx + DTR)/3, Heat Duration = (GSL + WSDI)/2, Heat Frequency = (TX90p + TN90p + SU35 + TR20)/4 - ??? normalize ????????? max-min ???????",Report ????????????????????????????????????????????????????????????????????????????????????????????????,Report,Restricted,,,,,,,,,,,,,,,,,,
TMD,TMD_6_23,HI_Flood - ????????????????????????? (Flood Hazard Index),Forward-looking,Composite Index,COMPOSITE_INDEX,Flood (???????),Cross-cutting (????????),Historical,-,-,Annual,National,Unknown,Unknown,Restricted,-,???????????????????????????? DCCE,"???????? (Composite): HI_Flood = (Flood Intensity Index + Flood Duration Index + Flood Frequency Index)/3 ??? Flood Intensity = [Rx1day + Rx5day + SDII + R95p + R99p + PRCPTOT + (SPI-1>1.5)]/7, Flood Duration = [CWD + (CSPI-1>1.5)]/2, Flood Frequency = [R10mm + R20mm + (FSPI-1>1.5)]/3 - ??? normalize ????????? max-min ???????",Report ????????????????????????????????????????????????????????????????????????????????????????????????,Report,Restricted,,,,,,,,,,,,,,,,,,
TMD,TMD_6_24,HI_Drought - ????????????????????????? (Drought Hazard Index),Forward-looking,Composite Index,COMPOSITE_INDEX,Drought (???????),Cross-cutting (????????),Historical,-,-,Annual,National,Unknown,Unknown,Restricted,-,???????????????????????????? DCCE,"???????? (Composite): HI_Drought = (Drought Intensity Index + Drought Duration Index + Drought Frequency Index)/3 ??? Drought Intensity = |SPI-1<-1.5|, Drought Duration = [CDD + (CSPI-1<-1.5)]/2, Drought Frequency = (FSPI-1<-1.5) - ??? normalize ????????? max-min ???????",Report ????????????????????????????????????????????????????????????????????????????????????????????????,Report,Restricted,,,,,,,,,,,,,,,,,,
TMD,TMD_6_25,???????????????????????????????????????,Forward-looking,Vulnerability,ADAPTIVE_CAPACITY,Drought (???????); Flood (???????),Human Settlement — ???????????; Tourism — ??????????; Water — ???,Historical; Projected,1960-2014; 2015-2040; 2041-2060; 2061-2080; 2081-2100,-,Annual,National,Province,CSV,Restricted,-,-,????????: ???????????????? / ?????????????? / ???. (?????????????????/????????),Report ????????????????????????????????????????????????????????????????????????????????????????????????,Report,Restricted,,,,,,,,,,,,,,,,,,
TMD,TMD_6_26,????????????????????,Forward-looking,Vulnerability,SENSITIVITY,Drought (???????); Heat (?????????????),Agriculture — ?????; Water — ???,Historical; Projected,1960-2014; 2015-2040; 2041-2060; 2061-2080; 2081-2100,??./??,Annual,National,Province,CSV,Restricted,-,-,????????: ???????????????? / ??????????? (??????????? ET),Report ????????????????????????????????????????????????????????????????????????????????????????????????,Report,Restricted,,,,,,,,,,,,,,,,,,
TMD,TMD_6_27,?????????????????????????????????????????????????,Forward-looking,Vulnerability,ADAPTIVE_CAPACITY,Flood (???????),Natural Resources — ????????????????,Historical; Projected,1960-2014; 2015-2040; 2041-2060; 2061-2080; 2081-2100,-,Annual,National,Province,CSV,Restricted,-,-,????????: ???????????????? / ?????????? (?????????????????????????),Report ????????????????????????????????????????????????????????????????????????????????????????????????,Report,Restricted,,,,,,,,,,,,,,,,,,
DMCR,DMCR_1_1,????????????????????? (WebGIS DCCE),Forward-looking,Hazard,HAZARD_MAP,Coastal Erosion (??????????????),Coastal (???????),Historical,Up to 2025,??. / ??.??.,Annual,National,-,Shapefile / Vector; CSV; API / Web Service,Restricted,https://tcs.dmcr.go.th/dmcr/v2/router?page=dashboard,-,"????????????????????????????????????? ???????? ???????????????????????????? | ????????????????? WebGIS DCCE 19/01/2026 (1_Data_WebGIS_DCCE_20260119.xlsx ? sheet: DMCR, ???????? 1)",Website THAILAND COASTAL SPATIAL DATABASE SYSTEM ???????????????????????????????????????????????????????????,Website,Restricted,,,,,,,,,,,,,,,,,,
DMCR,DMCR_2_1,?????????????,IMPACT (Backward-looking),Loss & Damage,LOSS_DAMAGE_RECORD,Heat (?????????????); Sea-level Rise (???????????????????),Coastal (???????); Natural Resources (????????????????),Historical,Up to 2025,??.??. / %,Annual,National,-,Shapefile / Vector; CSV; API / Web Service,Restricted,https://thailandcoralbleaching.dmcr.go.th/th/home#coral-report-scroll,-,"????????????????????????????????????????? ???????????????????????????????????????????? | ????????????????? WebGIS DCCE 19/01/2026 (1_Data_WebGIS_DCCE_20260119.xlsx ? sheet: DMCR, ???????? 2)",Website Project to develop a system for assessing coral bleaching ???????????????????????????????????????????,Website,Restricted,,,,,,,,,,,,,,,,,,
DMCR,DMCR_3_1,??????????,Forward-looking,Hazard,ENVIRONMENT,Cross-cutting (??????),Coastal (???????); Natural Resources (????????????????),Historical,Up to 2025,??.??.,Annual,National,-,Shapefile / Vector; API / Web Service,Restricted,https://marinemap.dmcr.go.th/,-,"??????????????????????????????????? ??????????????????????????????????????? | ????????????????? WebGIS DCCE 19/01/2026 (1_Data_WebGIS_DCCE_20260119.xlsx ? sheet: DMCR, ???????? 3)",Website GEO-INFORMATICS DATA CENTER FOR MARINE AND COASTAL ????????????????????????????????????????,Website,Restricted,,,,,,,,,,,,,,,,,,
DMCR,DMCR_3_2,????????????,Forward-looking,Hazard,ENVIRONMENT,Coastal Erosion (??????????????); Storm (????),Coastal (???????); Natural Resources (????????????????),Historical,Up to 2025,??.??. / ???,Annual,National,-,Shapefile / Vector; API / Web Service,Restricted,https://marinemap.dmcr.go.th/,-,"????????????????????? ????????????????????????????????????????????????????????????????? | ????????????????? WebGIS DCCE 19/01/2026 (1_Data_WebGIS_DCCE_20260119.xlsx ? sheet: DMCR, ???????? 4)",Website GEO-INFORMATICS DATA CENTER FOR MARINE AND COASTAL ????????????????????????????????????????,Website,Restricted,,,,,,,,,,,,,,,,,,
DMCR,DMCR_4_1,????????????????????? (DMCR ???????),Forward-looking,Hazard,HAZARD_MAP,Coastal Erosion (??????????????),Cross-cutting (????????),Historical,-,-,-,??????????????,-,GIS (Shapefile / GeoJSON),-,https://tcs.dmcr.go.th/dmcr/v2/router?page=dashboard,-,??????????????????????????????????????????????????????????????,Website THAILAND COASTAL SPATIAL DATABASE SYSTEM ???????????????????????????????????????????????????????????,Website,Restricted,,,,,,,,,,,,,,,,,,
DMCR,DMCR_5_1,????????????????????????????,Forward-looking,Vulnerability,SENSITIVITY,Heat (?????????????),Tourism — ??????????,Historical; Projected,1960-2014; 2015-2040; 2041-2060; 2061-2080; 2081-2100,-,Annual,National,Province,CSV,Restricted,-,-,????????: ???????????????????????????? (??.) - ?????????????????,Report ????????????????????????????????????????????????????????????????????????????????????????????????,Report,Restricted,,,,,,,,,,,,,,,,,,
DMR,DMR_1_1,??????????????????????????????????????????????????,Forward-looking,Hazard,HAZARD_MAP,Landslide (???????),Cross-cutting (????????),Historical,2024,-,-,??????????,-,Shapefile; CSV,-,https://gdcatalog.go.th/dataset/gdpublish-debris_flood,-,????????????????????????????????????? ????????????? ?????????????????,Website GD Catalog ??????????????????????????????????????????????????,Website,Open,"??????????????????????????????????????????????????? ????????????? ????????????????? | ????????????????? WebGIS DCCE 19/01/2026 (1_Data_WebGIS_DCCE_20260119.xlsx ? sheet: DMR, ???????? 1)",,,,,,,,,,,,,,,,,
DMR,DMR_2_1,??????????????????????? ????????????? ?????????????????,Forward-looking,Hazard,HAZARD_MAP,Flood (???????),Human Settlement — ???????????; Natural Resources — ????????????????; Water — ???,Historical; Projected,1960-2014; 2015-2040; 2041-2060; 2061-2080; 2081-2100,??.??.,Annual,National,Province,CSV,Restricted,-,-,????????: ??????????????? / ??. (????????????????????????????????????),Report ????????????????????????????????????????????????????????????????????????????????????????????????,Report,Restricted,,,,,,,,,,,,,,,,,,
DMR,DMR_2_2,?????????????????????????,Forward-looking,Hazard,HAZARD_MAP,Flood (???????),Water — ???,Historical; Projected,1960-2014; 2015-2040; 2041-2060; 2061-2080; 2081-2100,??.??.,Annual,National,Province,CSV,Restricted,-,-,????????: ??????????????? / ??. (????????????????????),Report ????????????????????????????????????????????????????????????????????????????????????????????????,Report,Restricted,,,,,,,,,,,,,,,,,,
DDPM,DDPM_1_1,???????????????????????,Forward-looking,Hazard,HAZARD_MAP,Flood (???????),DRR (??????????????????),Historical,2016-2025,-,Annual,National,-,Shapefile / Vector; CSV; API / Web Service,Restricted,-,-,"??????????????????????????????????????????????? | ????????????????? WebGIS DCCE 19/01/2026 (1_Data_WebGIS_DCCE_20260119.xlsx ? sheet: DDPM, ???????? 1)",,,Restricted,,,,,,,,,,,,,,,,,,
DDPM,DDPM_2_1,???????????????????????????????? 10 ?? (10-year historical disaster occurrence data),IMPACT (Backward-looking),Disaster Record,DISASTER_RECORD,Cross-cutting (??????),Cross-cutting (????????),Historical,Unknown,??????????????; ???????????,Event-based,Mooban,Mooban,Database,Restricted,-,?????? one-way ??? ???. ? ???????; ??????????? ground-truth ???; ??? taxonomy ??? UNDRR,????? rollout ?????????? GIS reporting,????????????????????,Interview,Restricted,,,,,,,,,,,,,,,,,,
DDPM,DDPM_2_2,????????????????????????????????????????????????????? 17 ??????? (Northern Region Climate Risk Assessment),Forward-looking,Risk Metric,COMPOSITE_INDEX,Flood (???????); Landslide (???????),Cross-cutting (????????),Projected,Unknown,-,Annual,Sub-national,Sub-district,PDF Report; Shapefile,Restricted,-,????????????????????????? ??????????????? 2569,??????? index-based 10-20 ?????????,????????????????????,Interview,Restricted,,,,,,,,,,,,,,,,,,
DDPM,DDPM_2_3,????????????????????????????? (??? ???????? ??? ???) ???????????? ???. (LAO-reported damage counts),IMPACT (Backward-looking),Loss & Damage,LOSS_DAMAGE_RECORD,Flood (???????); Storm (????); Drought (???????),Agriculture (?????); Human Settlement (???????????); Cross-cutting (????????),Historical,Unknown,?????; THB,Event-based,Mooban,Mooban,Database,Restricted,-,LAO ?????????????????????????????? ????????????????? AI ???????????,????????????????????????????,????????????????????,Interview,Restricted,,,,,,,,,,,,,,,,,,
DDPM,DDPM_3_1,????????????????????????????,Forward-looking,Hazard,HAZARDOUS_EVENT,Drought (???????); Heat (?????????????),Human Settlement — ???????????; Water — ???,Historical; Projected,1960-2014; 2015-2040; 2041-2060; 2061-2080; 2081-2100,??.??.,Annual,National,Province,CSV,Restricted,-,-,????????: ???????????????????????????? (??.); ?????????????? (?????????????????????????),Report ????????????????????????????????????????????????????????????????????????????????????????????????,Report,Restricted,,,,,,,,,,,,,,,,,,
DDPM,DDPM_3_2,???????????????????????????,IMPACT (Backward-looking),Loss & Damage,LOSS_DAMAGE_RECORD,Drought (???????),Agriculture — ?????; Human Settlement — ???????????; Tourism — ??????????; Water — ???,Historical; Projected,1960-2014; 2015-2040; 2041-2060; 2061-2080; 2081-2100,????????,Annual,National,Province,CSV,Restricted,-,-,????????: ???????????????????????????? (??.) - ?????????????????????????????,Report ????????????????????????????????????????????????????????????????????????????????????????????????,Report,Restricted,,,,,,,,,,,,,,,,,,
DDPM,DDPM_3_3,????????????????????????????,Forward-looking,Hazard,HAZARDOUS_EVENT,Flood (???????),Human Settlement — ???????????; Water — ???,Historical; Projected,1960-2014; 2015-2040; 2041-2060; 2061-2080; 2081-2100,??.??.,Annual,National,Province,CSV,Restricted,-,-,????????: ??. / ???????????????????????????? (????????????????????????????),Report ????????????????????????????????????????????????????????????????????????????????????????????????,Report,Restricted,,,,,,,,,,,,,,,,,,
DDPM,DDPM_3_4,????????????????????????????????????????????,IMPACT (Backward-looking),Loss & Damage,LOSS_DAMAGE_RECORD,Flood (???????),Agriculture — ?????; Human Settlement — ???????????; Tourism — ??????????; Water — ???,Historical; Projected,1960-2014; 2015-2040; 2041-2060; 2061-2080; 2081-2100,????????,Annual,National,Province,CSV,Restricted,-,-,????????: ??. (???????????????????????????),Report ????????????????????????????????????????????????????????????????????????????????????????????????,Report,Restricted,,,,,,,,,,,,,,,,,,
DDPM,DDPM_3_5,????????????????????? ?????????????????,IMPACT (Backward-looking),Loss & Damage,LOSS_DAMAGE_RECORD,Flood (???????),Human Settlement — ???????????; Water — ???,Historical; Projected,1960-2014; 2015-2040; 2041-2060; 2061-2080; 2081-2100,???????,Annual,National,Province,CSV,Restricted,-,-,????????: ??. / ???. / ??????????????????????? (??????????????????),Report ????????????????????????????????????????????????????????????????????????????????????????????????,Report,Restricted,,,,,,,,,,,,,,,,,,
DDPM,DDPM_3_6,?????????????????????? ?????????????????,IMPACT (Backward-looking),Loss & Damage,LOSS_DAMAGE_RECORD,Flood (???????),Human Settlement — ???????????; Water — ???,Historical; Projected,1960-2014; 2015-2040; 2041-2060; 2061-2080; 2081-2100,????,Annual,National,Province,CSV,Restricted,-,-,????????: ??. / ???. / ??????????????????????? (???????????????????),Report ????????????????????????????????????????????????????????????????????????????????????????????????,Report,Restricted,,,,,,,,,,,,,,,,,,
DDPM,DDPM_3_7,???????????????????????????????????/??????????? (??? — ??????????????????),IMPACT (Backward-looking),Loss & Damage,LOSS_DAMAGE_RECORD,Drought (???????),Water — ???,Historical; Projected,1960-2014; 2015-2040; 2041-2060; 2061-2080; 2081-2100,??????,Annual,National,Province,CSV,Restricted,-,-,????????: ??. / ?????????????? (??????????????????????????????),Report ????????????????????????????????????????????????????????????????????????????????????????????????,Report,Restricted,,,,,,,,,,,,,,,,,,
DDPM,DDPM_3_8,??????????????????????????????????? ?????????????????????????????,IMPACT (Backward-looking),Loss & Damage,LOSS_DAMAGE_RECORD,Flood (???????),Water — ???,Historical; Projected,1960-2014; 2015-2040; 2041-2060; 2061-2080; 2081-2100,-,Annual,National,Province,CSV,Restricted,-,-,????????: ??. (???????????????????????????/???????????),Report ????????????????????????????????????????????????????????????????????????????????????????????????,Report,Restricted,,,,,,,,,,,,,,,,,,
DDPM,DDPM_3_9,????????????????????????????????????????????????????????????????????????????????,Forward-looking,Vulnerability,SENSITIVITY,Flood (???????),Agriculture — ?????; Water — ???,Historical; Projected,1960-2014; 2015-2040; 2041-2060; 2061-2080; 2081-2100,????,Annual,National,Province,CSV,Restricted,-,-,????????: ??. (???????????????????????????????????),Report ????????????????????????????????????????????????????????????????????????????????????????????????,Report,Restricted,,,,,,,,,,,,,,,,,,
DDPM,DDPM_3_10,?????????????????????????? (?????????????????????????????????????),Forward-looking,Hazard,HAZARD_MAP,Drought (???????),Public Health — ?????????; Tourism — ??????????,Historical; Projected,1960-2014; 2015-2040; 2041-2060; 2061-2080; 2081-2100,-,Annual,National,Province,CSV,Restricted,-,-,????????: ??. / ?????????????? (??????????????????????????),Report ????????????????????????????????????????????????????????????????????????????????????????????????,Report,Restricted,,,,,,,,,,,,,,,,,,
DDPM,DDPM_3_11,??????????????????????????????????? ???????????,IMPACT (Backward-looking),Loss & Damage,LOSS_DAMAGE_RECORD,Flood (???????),Public Health — ?????????; Tourism — ??????????,Historical; Projected,1960-2014; 2015-2040; 2041-2060; 2061-2080; 2081-2100,??????,Annual,National,Province,CSV,Restricted,-,-,????????: ??. (???????????????????????????/???????????),Report ????????????????????????????????????????????????????????????????????????????????????????????????,Report,Restricted,,,,,,,,,,,,,,,,,,
MD,MD_1_2,??????????????????,Forward-looking,Hazard,METEOROLOGICAL_OBSERVATION,Sea-level Rise (???????????????????),Cross-cutting (????????),Historical,Up to 2026,?. (????),Annual,National,-,Shapefile / Vector; CSV; API / Web Service,Restricted,http://hydro.md.go.th/,-,-,Website ?????????????? ??????????,Website,Open,-,,,,,,,,,,,,,,,,,
LDD,LDD_1_1,????????????????????,Forward-looking,Hazard,HAZARD_MAP,Flood (???????),Agriculture (?????); Water (???),Historical,2014-2019,??.??.,Annual,National,-,Shapefile / Vector; API / Web Service,Restricted,http://sql.ldd.go.th/ldddata/mapsoilH2.html,-,"??????????????????????????????????????????????? | ????????????????? WebGIS DCCE 19/01/2026 (1_Data_WebGIS_DCCE_20260119.xlsx ? sheet: LDD, ???????? 2)",Website ???????????????????????????????,Website,Restricted,,,,,,,,,,,,,,,,,,
LDD,LDD_1_2,?????????????,Forward-looking,Hazard,ENVIRONMENT,Cross-cutting (??????),Cross-cutting (????????),Historical,2006-2020,??.??.,Annual,National,-,Shapefile / Vector; API / Web Service,Restricted,http://sql.ldd.go.th/ldddata/mapsoilB1.html,-,"???????????????????????????????????????? (Land Use/Land Cover) | ????????????????? WebGIS DCCE 19/01/2026 (1_Data_WebGIS_DCCE_20260119.xlsx ? sheet: LDD, ???????? 3)",Website ???????????????????????????????,Website,Restricted,,,,,,,,,,,,,,,,,,
LDD,LDD_1_3,?????????????????,Forward-looking,Hazard,HAZARD_MAP,Drought (???????),Cross-cutting (????????),Historical,2014-2019,??.??.,Annual,National,Tambon,Shapefile / Vector,Restricted,http://sql.ldd.go.th/ldddata/mapsoilH3.html,-,????????????????????????????????????????????????????????????????????????????,Website ???????????????????????????????,Website,Restricted,,,,,,,,,,,,,,,,,,
LDD,LDD_2_1,??????????????????????????,Forward-looking,Hazard,HAZARD_MAP,Drought (???????); Heat (?????????????),Human Settlement — ???????????,Historical; Projected,1960-2014; 2015-2040; 2041-2060; 2061-2080; 2081-2100,??.??.,Annual,National,Province,CSV,Restricted,-,-,????????: ?????????????? (??????????????????????????); ???????????????????????????? (??.),Report ????????????????????????????????????????????????????????????????????????????????????????????????,Report,Restricted,,,,,,,,,,,,,,,,,,
LDD,LDD_2_2,???????????,Forward-looking,Exposure,EXPOSED_ASSET,Flood (???????); Heat (?????????????),Human Settlement — ???????????,Historical; Projected,1960-2014; 2015-2040; 2041-2060; 2061-2080; 2081-2100,??.??.,Annual,National,Province,CSV,Restricted,-,-,????????: ?????????????? / ??????????????????????? (???????????),Report ????????????????????????????????????????????????????????????????????????????????????????????????,Report,Restricted,,,,,,,,,,,,,,,,,,
LDD,LDD_2_3,???????????????????????????????????,Forward-looking,Exposure,EXPOSED_ASSET,Drought (???????),Agriculture — ?????,Historical; Projected,1960-2014; 2015-2040; 2041-2060; 2061-2080; 2081-2100,??.??.,Annual,National,Province,CSV,Restricted,-,-,????????: ?????????????? / ???????????????????????? (???????????????????????????????),Report ????????????????????????????????????????????????????????????????????????????????????????????????,Report,Restricted,,,,,,,,,,,,,,,,,,
LDD,LDD_2_4,??????????,Forward-looking,Vulnerability,SENSITIVITY,Drought (???????); Flood (???????),Agriculture — ?????,Historical; Projected,1960-2014; 2015-2040; 2041-2060; 2061-2080; 2081-2100,-,Annual,National,Province,CSV,Restricted,-,-,????????: ?????????????? / GISTDA (??????????),Report ????????????????????????????????????????????????????????????????????????????????????????????????,Report,Restricted,,,,,,,,,,,,,,,,,,
LDD,LDD_2_5,??????????????????,Forward-looking,Vulnerability,SENSITIVITY,Drought (???????); Flood (???????); Heat (?????????????),Agriculture — ?????,Historical; Projected,1960-2014; 2015-2040; 2041-2060; 2061-2080; 2081-2100,??.,Annual,National,Province,CSV,Restricted,-,-,????????: ?????????????? (??????????????????),Report ????????????????????????????????????????????????????????????????????????????????????????????????,Report,Restricted,,,,,,,,,,,,,,,,,,
LDD,LDD_2_6,???????????????????????????????,Forward-looking,Vulnerability,SENSITIVITY,Drought (???????); Flood (???????); Heat (?????????????),Agriculture — ?????,Historical; Projected,1960-2014; 2015-2040; 2041-2060; 2061-2080; 2081-2100,mm water / m soil,Annual,National,Province,CSV,Restricted,-,-,????????: ?????????????? (???????????????????????????????),Report ????????????????????????????????????????????????????????????????????????????????????????????????,Report,Restricted,,,,,,,,,,,,,,,,,,
LDD,LDD_2_7,????????????????????,Forward-looking,Hazard,HAZARD_MAP,Drought (???????),Natural Resources — ????????????????,Historical; Projected,1960-2014; 2015-2040; 2041-2060; 2061-2080; 2081-2100,-,Annual,National,Province,CSV,Restricted,-,-,????????: ?????????????? / ??. (????????????????????),Report ????????????????????????????????????????????????????????????????????????????????????????????????,Report,Restricted,,,,,,,,,,,,,,,,,,
HII,HII_1_1,????????????????????,Forward-looking,Hazard,HAZARD_MAP,Drought (???????),Water (???); Agriculture (?????),Historical,2024-2026,??????????????? (1-5),Annual,National,Tambon,PDF,Open,https://data.hii.or.th/th/dataset/drought-risk-area/resource/1cd84954-8df7-4bbd-a13e-2c6fd92e5a95,-,"?????????????????????????????????????????????????????? Drought Risk Index (DRI) | ????????????????? WebGIS DCCE 19/01/2026 (1_Data_WebGIS_DCCE_20260119.xlsx ? sheet: HII, ???????? 1)",Website,Website,Open,,,,,,,,,,,,,,,,,,
HII,HII_2_1,???????????????????,Forward-looking,Exposure,EXPOSED_ASSET,Drought (???????); Heat (?????????????),Human Settlement — ???????????; Natural Resources — ????????????????; Public Health — ?????????; Tourism — ??????????; Water — ???,Historical; Projected,1960-2014; 2015-2040; 2041-2060; 2061-2080; 2081-2100,-,Annual,National,Province,CSV,Restricted,-,-,????????: ????????????????????????? (???.) / ?????????????? (?????????????????????),Report ????????????????????????????????????????????????????????????????????????????????????????????????,Report,Restricted,,,,,,,,,,,,,,,,,,
HII,HII_2_2,?????????????????????????? ???.,Forward-looking,Vulnerability,ADAPTIVE_CAPACITY,Drought (???????),Water — ???,Historical; Projected,1960-2014; 2015-2040; 2041-2060; 2061-2080; 2081-2100,-,Annual,National,Province,CSV,Restricted,-,-,??????????: ????????????????????????? (???.) - ??????????????????????????; ?????????????? - ??????????????????,Report ????????????????????????????????????????????????????????????????????????????????????????????????,Report,Restricted,,,,,,,,,,,,,,,,,,
DOT,DOT_1_1,??????????? (?????? ??????? ???) — ????????????????/???.,Forward-looking,Exposure,EXPOSED_ASSET,Cross-cutting (??????),Tourism (??????????),Historical,Up to 2025,??????????,Annual,National,Point,Shapefile / Vector; API / Web Service,Restricted,https://www.dot.go.th/pages/140,,"???????????????????????????????????????????????? ???????? ????? ????? ???????????? | ????????????????? WebGIS DCCE 19/01/2026 (1_Data_WebGIS_DCCE_20260119.xlsx ? sheet: DOT, ???????? 1)",,,Restricted,,,,,,,,,,,,,,,,,,
DOT,DOT_2_1,??????????? (?????? ??????? ???),Forward-looking,Exposure,EXPOSED_ASSET,Drought (???????); Flood (???????),Tourism — ??????????,Historical; Projected,1960-2014; 2015-2040; 2041-2060; 2061-2080; 2081-2100,-,Annual,National,Point,CSV,Restricted,-,-,????????: ???????????????? / ?????????????????????????? (???.) (??????/??????),Report ????????????????????????????????????????????????????????????????????????????????????????????????,Report,Restricted,,,,,,,,,,,,,,,,,,
DOT,DOT_2_2,???????????????????????????????,Forward-looking,Exposure,EXPOSED_ASSET,Drought (???????); Flood (???????),Tourism — ??????????,Historical; Projected,1960-2014; 2015-2040; 2041-2060; 2061-2080; 2081-2100,????,Annual,National,Point,CSV,Restricted,-,-,????????: ???????????????? / ?????????? (??????????????????????????),Report ????????????????????????????????????????????????????????????????????????????????????????????????,Report,Restricted,,,,,,,,,,,,,,,,,,
DOT,DOT_2_3,?????????????????????????????? ??????? ???????,Forward-looking,Exposure,EXPOSED_ASSET,Drought (???????); Flood (???????); Heat (?????????????),Tourism — ??????????,Historical; Projected,1960-2014; 2015-2040; 2041-2060; 2061-2080; 2081-2100,-,Annual,National,Point,CSV,Restricted,-,-,????????: ???????????????? / ???????????????????????????? (??.) (???????????????????/???????),Report ????????????????????????????????????????????????????????????????????????????????????????????????,Report,Restricted,,,,,,,,,,,,,,,,,,
DOT,DOT_2_4,??????????????????????????????????,Forward-looking,Vulnerability,SENSITIVITY,Flood (???????),Tourism — ??????????,Historical; Projected,1960-2014; 2015-2040; 2041-2060; 2061-2080; 2081-2100,-,Annual,National,Point,CSV,Restricted,-,-,????????: ???????????????? / ??. (?????????????????????????),Report ????????????????????????????????????????????????????????????????????????????????????????????????,Report,Restricted,,,,,,,,,,,,,,,,,,
DOT,DOT_2_5,?????????????? (?????? ??????? ???) — ????????????????,Forward-looking,Exposure,EXPOSED_ASSET,Heat (?????????????),Tourism — ??????????,Historical; Projected,1960-2014; 2015-2040; 2041-2060; 2061-2080; 2081-2100,-,Annual,National,Point,CSV,Restricted,-,-,????????: ???????????????? / ??????????????? (????????????????????/??????????),Report ????????????????????????????????????????????????????????????????????????????????????????????????,Report,Restricted,,,,,,,,,,,,,,,,,,
DOT,DOT_2_6,?????????????? (?????? ??????? ???),Forward-looking,Exposure,EXPOSED_ASSET,Heat (?????????????),Tourism — ??????????,Historical; Projected,1960-2014; 2015-2040; 2041-2060; 2061-2080; 2081-2100,-,Annual,National,Point,CSV,Restricted,-,-,????????: ???????????????? / ???. (??????????????),Report ????????????????????????????????????????????????????????????????????????????????????????????????,Report,Restricted,,,,,,,,,,,,,,,,,,
DOT,DOT_2_7,??????????????????????????????,Forward-looking,Vulnerability,SENSITIVITY,Heat (?????????????),Tourism — ??????????,Historical; Projected,1960-2014; 2015-2040; 2041-2060; 2061-2080; 2081-2100,-,Annual,National,Point,CSV,Restricted,-,-,????????: ???????????????? / ???. (??????????????????/????????????????????),Report ????????????????????????????????????????????????????????????????????????????????????????????????,Report,Restricted,,,,,,,,,,,,,,,,,,
DOT,DOT_2_8,??????????????????????????????????????????????????????????????????????? ???? ?????????????? ?????????? ???,Forward-looking,Vulnerability,ADAPTIVE_CAPACITY,Heat (?????????????),Tourism — ??????????,Historical; Projected,1960-2014; 2015-2040; 2041-2060; 2061-2080; 2081-2100,-,Annual,National,Point,CSV,Restricted,-,-,????????: ???????????????? / ???. (????????????????????/???????????),Report ????????????????????????????????????????????????????????????????????????????????????????????????,Report,Restricted,,,,,,,,,,,,,,,,,,
DOPA,DOPA_1_1,????????????,Forward-looking,Exposure,EXPOSED_ASSET,Cross-cutting (??????),Human Settlement (???????????),Historical,1993-2025,??,Annual,National,Mooban,CSV,Restricted,https://stat.bora.dopa.go.th/new_stat/webPage/statByAge.php,,,Website ????????????,Website,Restricted,,,,,,,,,,,,,,,,,,
DOPA,DOPA_1_2,???????????,Forward-looking,Exposure,EXPOSED_ASSET,Cross-cutting (??????),Human Settlement (???????????),Historical,-,-,Annual,National,Mooban,Shapefile,Restricted,https://www.dopa.go.th/,,"?????????????????????/????? ??????????????????????????????????????????????????? | ????????????????? WebGIS DCCE 19/01/2026 (1_Data_WebGIS_DCCE_20260119.xlsx ? sheet: DOPA, ???????? 2)",Website ????????????,Website,Restricted,,,,,,,,,,,,,,,,,,
DOPA,DOPA_1_3,???????????????,Spatial Unit,Spatial Unit,SPATIAL_UNIT,Cross-cutting (??????),Cross-cutting (????????),Historical,Unknown,-,-,National,Tambon,GeoJSON,Restricted,https://www.dopa.go.th/,,,Website ????????????,Website,Restricted,,,,,,,,,,,,,,,,,,
DOPA,DOPA_2_1,????????????????????????????,Forward-looking,Vulnerability,SENSITIVITY,Drought (???????); Flood (???????); Heat (?????????????),Human Settlement — ???????????,Historical; Projected,1960-2014; 2015-2040; 2041-2060; 2061-2080; 2081-2100,?????????,Annual,National,Province,CSV,Restricted,-,-,????????: ???????????? / ?????????????????????,Report ????????????????????????????????????????????????????????????????????????????????????????????????,Report,Restricted,,,,,,,,,,,,,,,,,,
DOH,DOH_1_1,??????? ?????????? ???????????????,Forward-looking,Exposure,EXPOSED_ASSET,Cross-cutting (??????),Transport (??????),Historical,Up to 2025,??.,Annual,National,-,Shapefile / Vector; API / Web Service,Restricted,https://hris.doh.go.th/highway,-,"???????????????????? ?????????? ??????????????? | ????????????????? WebGIS DCCE 19/01/2026 (1_Data_WebGIS_DCCE_20260119.xlsx ? sheet: DOH, ???????? 1)",,,Open,,,,,,,,,,,,,,,,,,
DOH,DOH_2_1,????????????????????????????????,Forward-looking,Exposure,EXPOSED_ASSET,Flood (???????),Human Settlement — ???????????; Water — ???,Historical; Projected,1960-2014; 2015-2040; 2041-2060; 2061-2080; 2081-2100,??.,Annual,National,Province,CSV,Restricted,-,-,????????: ?????????? / ?????????????? ??????? GISTDA (??????????????????????????),Report ????????????????????????????????????????????????????????????????????????????????????????????????,Report,Restricted,,,,,,,,,,,,,,,,,,
DOH,DOH_2_2,???????????????????????????????,Forward-looking,Exposure,EXPOSED_ASSET,Flood (???????),Human Settlement — ???????????,Historical; Projected,1960-2014; 2015-2040; 2041-2060; 2061-2080; 2081-2100,-,Annual,National,Province,CSV,Restricted,-,-,????????: ?????????? / ?????????????? / ???????????????????????????????????? (???.),Report ????????????????????????????????????????????????????????????????????????????????????????????????,Report,Restricted,,,,,,,,,,,,,,,,,,
DOH,DOH_2_3,????????????????????????????????????? ???? ??? ???,Forward-looking,Exposure,EXPOSED_ASSET,Flood (???????),Tourism — ??????????,Historical; Projected,1960-2014; 2015-2040; 2041-2060; 2061-2080; 2081-2100,-,Annual,National,Province,CSV,Restricted,-,-,????????: ?????????? / ?????????????? / ???????????????? (??????????????????????????),Report ????????????????????????????????????????????????????????????????????????????????????????????????,Report,Restricted,,,,,,,,,,,,,,,,,,
FAD,FAD_1_1,??????????????,Forward-looking,Exposure,EXPOSED_ASSET,Cross-cutting (??????),Tourism (??????????),Historical,Up to 2025,??????????,Annual,National,Point,API,Restricted,https://gdcatalog.go.th/dataset/gdpublish-gis-fad001,-,"??????????????????????????????????????????????????????????????????? | ????????????????? WebGIS DCCE 19/01/2026 (1_Data_WebGIS_DCCE_20260119.xlsx ? sheet: FAD, ???????? 1)",Website ???????????????????????????,Website,Open,,,,,,,,,,,,,,,,,,
FAD,FAD_2_1,???????????????????????????????/????????,Forward-looking,Exposure,EXPOSED_ASSET,Flood (???????),Human Settlement — ???????????,Historical; Projected,1960-2014; 2015-2040; 2041-2060; 2061-2080; 2081-2100,-,Annual,National,Province,CSV,Restricted,-,-,????????: ?????????? / ?????????????????????????????????????????????????? (??.) (????????????/????????),Report ????????????????????????????????????????????????????????????????????????????????????????????????,Report,Restricted,,,,,,,,,,,,,,,,,,
FAD,FAD_2_2,??????????????????????????????????? ????????????? ???,Forward-looking,Exposure,EXPOSED_ASSET,Flood (???????),Tourism — ??????????,Historical; Projected,1960-2014; 2015-2040; 2041-2060; 2061-2080; 2081-2100,-,Annual,National,Point,CSV,Restricted,-,-,????????: ?????????? / ???????????????? (?????????/??????????????????),Report ????????????????????????????????????????????????????????????????????????????????????????????????,Report,Restricted,,,,,,,,,,,,,,,,,,
DOHealth,DOHealth_1_1,??????????????????? ???????????????????? (??.??.),Forward-looking,Exposure,EXPOSED_ASSET,Cross-cutting (??????),Public Health (?????????),Historical,2025 ??????????,?????????,Annual,National,Point,Shapefile / Vector; API / Web Service,Restricted,https://gis-health.moph.go.th/,-,"??????????????????????????????????????????????????????? (??.??.) | ????????????????? WebGIS DCCE 19/01/2026 (1_Data_WebGIS_DCCE_20260119.xlsx ? sheet: DOHealth, ???????? 1)",Website????????????????????????????????????(GIS Health),Website,Open,,,,,,,,,,,,,,,,,,
DOHealth,DOHealth_1_2,?????????????????????????????????????????????????????????,IMPACT (Backward-looking),Loss & Damage,LOSS_DAMAGE_RECORD,Heat (?????????????); Cross-cutting (??????),Public Health (?????????),Historical,2025 ??????????,?? / ???,Annual,National,-,,Restricted,-,??????????????????? - ????????????,"???????????????????????????????????????????????????????????????? (???? ?????????????? ???????????????????) | ????????????????? WebGIS DCCE 19/01/2026 (1_Data_WebGIS_DCCE_20260119.xlsx ? sheet: DOHealth, ???????? 2)",Website????????????????????????????????????(GIS Health),Website,Restricted,,,,,,,,,,,,,,,,,,
DOHealth,DOHealth_2_1,??????????????????????? ??????? ?????????????????????????????,Forward-looking,Vulnerability,SENSITIVITY,Drought (???????); Flood (???????); Heat (?????????????),Public Health — ?????????,Historical; Projected,1960-2014; 2015-2040; 2041-2060; 2061-2080; 2081-2100,??,Annual,National,Province,CSV,Restricted,-,-,??????????: ????????? - ?????????????????????????????????; ???????????????? (NCDs),Report ????????????????????????????????????????????????????????????????????????????????????????????????,Report,Restricted,,,,,,,,,,,,,,,,,,
CDD,CDD_1_1,???????????????????????????,Forward-looking,Vulnerability,SENSITIVITY,Cross-cutting (??????),Human Settlement (???????????),Historical,2025 ??????????,?????????,Annual,National,Mooban,Shapefile / Vector; CSV; API / Web Service,Restricted,https://dashboard66.cdd.go.th/Home/DashBoardPublic,,"??????????????????????????????????????????????????? (????? ?????????? ???????? ???) | ????????????????? WebGIS DCCE 19/01/2026 (1_Data_WebGIS_DCCE_20260119.xlsx ? sheet: CDD, ???????? 1)",Website dashboard66 CDD,Website,Open,,,,,,,,,,,,,,,,,,
OBEC,OBEC_1_1,????????????????????????????????????????????????? ???.,Forward-looking,Exposure,EXPOSED_ASSET,Cross-cutting (??????),Human Settlement (???????????),Historical,2025 ??????????,?????????????,Annual,National,-,Shapefile / Vector; CSV; API / Web Service,Restricted,https://asset.bopp-obec.info/,-,"????????????????????????????????????????????????? ???. | ????????????????? WebGIS DCCE 19/01/2026 (1_Data_WebGIS_DCCE_20260119.xlsx ? sheet: OBEC, ???????? 1)",Website OBEC,Website,Open,,,,,,,,,,,,,,,,,,
MHESI,MHESI_1_1,???????????????????????????????????????????????,Forward-looking,Exposure,EXPOSED_ASSET,Cross-cutting (??????),Human Settlement (???????????),Historical,2025 ??????????,?????????,Annual,National,-,Shapefile / Vector; CSV; API / Web Service,Restricted,https://info.mhesi.go.th/homestat_academy.php,-,"??????????????????????????????????????????????? | ????????????????? WebGIS DCCE 19/01/2026 (1_Data_WebGIS_DCCE_20260119.xlsx ? sheet: MHESI, ???????? 1)",Website ?????????????????????,Website,Open,,,,,,,,,,,,,,,,,,
IEAT,IEAT_1_1,?????????????????,Forward-looking,Exposure,EXPOSED_ASSET,Cross-cutting (??????),Human Settlement (???????????); Energy (???????),Historical,Up to 2025,??.??. / ???,Annual,National,-,Shapefile / Vector; CSV; API / Web Service,Restricted,https://www.ieat.go.th/web-upload/1xff0d34e409a13ef56eea54c52a291126/202205/m_document/8190/16421/file_download/2f763a7ceb431ec89442d39c616529f8.pdf,-,"????????????????????????????????????????????????? | ????????????????? WebGIS DCCE 19/01/2026 (1_Data_WebGIS_DCCE_20260119.xlsx ? sheet: IEAT, ???????? 1)",Report ???????????????????????? 66 ???? ?? 16 ???????,Report,Open,,,,,,,,,,,,,,,,,,
MWA,MWA_1_1,???????????????????????????????????????????????,Forward-looking,Exposure,EXPOSED_ASSET,Cross-cutting (??????),Water (???),Historical,Up to 2025,?????????,Annual,National,Point,Shapefile / Vector; CSV,Restricted,https://gisonline.mwa.co.th/fvt_gis/,-,"??????????????????????????????????????????????? | ????????????????? WebGIS DCCE 19/01/2026 (1_Data_WebGIS_DCCE_20260119.xlsx ? sheet: MWA, ???????? 1)",Website,Website,Open,,,,,,,,,,,,,,,,,,
PWA,PWA_1_1,???????????????????????????????????????????????????,Forward-looking,Exposure,EXPOSED_ASSET,Cross-cutting (??????),Water (???),Historical,2025 ??????????,?????????,Annual,National,Point,Shapefile / Vector; CSV; API / Web Service,Restricted,https://gisapp.pwa.co.th/p/home,,"??????????????????????????????????????????????????? | ????????????????? WebGIS DCCE 19/01/2026 (1_Data_WebGIS_DCCE_20260119.xlsx ? sheet: PWA, ???????? 1)",Website ???????????????? GIS ??????? ???????????????????,Website,Open,,,,,,,,,,,,,,,,,,
PWA,PWA_2_1,?????????????????????????????????????,Forward-looking,Exposure,EXPOSED_ASSET,Drought (???????); Heat (?????????????),Human Settlement — ???????????,Historical; Projected,1960-2014; 2015-2040; 2041-2060; 2061-2080; 2081-2100,??????.?.,Annual,National,Province,CSV,Restricted,-,-,????????: ??????????????????? (???.) / ??????????????? (???.); ???????????????????,Report ????????????????????????????????????????????????????????????????????????????????????????????????,Report,Restricted,,,,,,,,,,,,,,,,,,
PWA,PWA_2_2,??????????????????????????????????,Forward-looking,Exposure,EXPOSED_ASSET,Drought (???????); Heat (?????????????),Human Settlement — ???????????,Historical; Projected,1960-2014; 2015-2040; 2041-2060; 2061-2080; 2081-2100,-,Annual,National,Province,CSV,Restricted,-,-,????????: ??????????????????? (???.),Report ????????????????????????????????????????????????????????????????????????????????????????????????,Report,Restricted,,,,,,,,,,,,,,,,,,
PWA,PWA_2_3,?????????????????????????,Forward-looking,Exposure,EXPOSED_ASSET,Flood (???????),Human Settlement — ???????????,Historical; Projected,1960-2014; 2015-2040; 2041-2060; 2061-2080; 2081-2100,-,Annual,National,Province,CSV,Restricted,-,-,????????: ??????????????????? (???.) / ??????????????? (???.),Report ????????????????????????????????????????????????????????????????????????????????????????????????,Report,Restricted,,,,,,,,,,,,,,,,,,
PWA,PWA_2_4,????????????????????????????????????????????????????????????????,Forward-looking,Vulnerability,SENSITIVITY,Drought (???????); Flood (???????); Heat (?????????????),Tourism — ??????????; Water — ???,Historical; Projected,1960-2014; 2015-2040; 2041-2060; 2061-2080; 2081-2100,-,Annual,National,Province,CSV,Restricted,-,-,????????: ??????????????????? (???.) / ???????????????????????????? (?????????????????????????),Report ????????????????????????????????????????????????????????????????????????????????????????????????,Report,Restricted,,,,,,,,,,,,,,,,,,
SRT,SRT_1_1,??????????????,Forward-looking,Exposure,EXPOSED_ASSET,Cross-cutting (??????),Human Settlement (???????????),Historical,Unknown,-,Unknown,National,-,Shapefile,Restricted,https://www.railway.co.th/Home/Index,-,"????????????????????????????????? | ????????????????? WebGIS DCCE 19/01/2026 (1_Data_WebGIS_DCCE_20260119.xlsx ? sheet: SRT, ???????? 1)",Website ????????????????????,Website,Open,,,,,,,,,,,,,,,,,,
NSO,NSO_1_1,????????????????????? — WebGIS DCCE (??????????),Forward-looking,Exposure,EXPOSED_ASSET,Cross-cutting (??????),Human Settlement (???????????),Historical,Up to 2025,?????????,Annual,National,Province,CSV,Open,https://nsodw.nso.go.th/dwportal/Home.aspx,-,"????????????????????????????????????????? | ????????????????? WebGIS DCCE 19/01/2026 (1_Data_WebGIS_DCCE_20260119.xlsx ? sheet: NSO, ???????? 1)",Website ???????????????????,Website,Open,,,,,,,,,,,,,,,,,,
NSO,NSO_1_2,???????????????????? (Population and Housing Census),IMPACT (Backward-looking),Exposure,EXPOSED_ASSET,Cross-cutting (??????),Human Settlement (???????????); Cross-cutting (????????),Historical,??? 10 ??,??; ?????????,Annual,Tambon,????????? (basic) ??????????????? (deep attributes),Database; CSV,Open,https://nsodw.nso.go.th/dwportal/Home.aspx,-,??????????????????? ???????????????????,Website ???????????????????,Website,Open,????????????????????,,,,,,,,,,,,,,,,,
NSO,NSO_1_3,?????????????? (Agricultural Census),IMPACT (Backward-looking),Vulnerability,SENSITIVITY,Drought (???????); Flood (???????),Agriculture (?????),Historical,Unknown,?????????; ???; THB,Annual,Tambon,?????????,Database; CSV,Open,https://nsodw.nso.go.th/dwportal/Home.aspx,-,"????????????????????????: ???????, ???????????????????????, ????????????????",Website ???????????????????,Website,Open,????????????????????,,,,,,,,,,,,,,,,,
NSO,NSO_1_4,???????????????? (Industrial Census),IMPACT (Backward-looking),Exposure,EXPOSED_ASSET,Cross-cutting (??????),Cross-cutting (????????),Historical,Unknown,?????????????,Annual,Province,??????????,Database; CSV,Open,https://nsodw.nso.go.th/dwportal/Home.aspx,financial attributes ?????????????????????????,-,Website ???????????????????,Website,Open,????????????????????,,,,,,,,,,,,,,,,,
NSO,NSO_1_5,?????????????????????????????? (Labor Force Survey),IMPACT (Backward-looking),Exposure,EXPOSED_ASSET,Cross-cutting (??????),Cross-cutting (????????),Historical,Unknown,??,Monthly,Province,-,Database; CSV,Open,https://nsodw.nso.go.th/dwportal/Home.aspx,-,"????? ~20,000 ?????????/100,000 ?? ????????",Website ???????????????????,Website,Open,????????????????????,,,,,,,,,,,,,,,,,
NSO,NSO_1_6,???????????????????????????????????????? (Socio-Economic Survey - SES),IMPACT (Backward-looking),Vulnerability,SENSITIVITY,Cross-cutting (??????),Human Settlement (???????????); Cross-cutting (????????),Historical,Unknown,THB; ?????????,Annual,Province,-,Database; CSV,Open,https://nsodw.nso.go.th/dwportal/Home.aspx,??? proxy questions ???? ????????????????????,-,Website ???????????????????,Website,Open,????????????????????,,,,,,,,,,,,,,,,,
NSO,NSO_1_7,???????????????????????????? (Framework for Development of Environment Statistics - FDES),Spatial Unit,Spatial Unit,SPATIAL_UNIT,Cross-cutting (??????),Natural Resources (????????????????); Cross-cutting (????????),Historical,Unknown,-,Annual,National,-,PDF Report; Database,Restricted,-,???????????????? ???. ???????,????????????? UN: 6 components / 21 sub-components,????????????????????,Interview,Restricted,????????????????????,,,,,,,,,,,,,,,,,
NSO,NSO_1_8,????????? Common Frame ???????????????? (Common Frame Database of establishments),Spatial Unit,Exposure,EXPOSED_ASSET,Cross-cutting (??????),Cross-cutting (????????),Historical,Unknown,?????????????,Annual,Tambon,?????????,Database,Restricted,-,-,???????????? >10 ???????? ???? ??. ???.,????????????????????,Interview,Restricted,????????????????????,,,,,,,,,,,,,,,,,
NSO,NSO_2_1,????????????????????? — ?????????????/?????????,Forward-looking,Exposure,EXPOSED_ASSET,Drought (???????); Flood (???????); Heat (?????????????),Human Settlement — ???????????,Historical; Projected,1960-2014; 2015-2040; 2041-2060; 2061-2080; 2081-2100,??,Annual,National,Province,CSV,Restricted,-,-,????????: ????????????????????? / ????????? (????????????????/??????????),Report ????????????????????????????????????????????????????????????????????????????????????????????????,Report,Restricted,,,,,,,,,,,,,,,,,,
NSO,NSO_2_2,???????????????,Forward-looking,Vulnerability,SENSITIVITY,Drought (???????); Flood (???????); Heat (?????????????),Human Settlement — ???????????,Historical; Projected,1960-2014; 2015-2040; 2041-2060; 2061-2080; 2081-2100,??,Annual,National,Province,CSV,Restricted,-,-,????????: ????????????????????? / ????????? (??????????),Report ????????????????????????????????????????????????????????????????????????????????????????????????,Report,Restricted,,,,,,,,,,,,,,,,,,
NSO,NSO_2_3,????????????????????? 5 ??,Forward-looking,Vulnerability,SENSITIVITY,Drought (???????); Flood (???????); Heat (?????????????),Human Settlement — ???????????,Historical; Projected,1960-2014; 2015-2040; 2041-2060; 2061-2080; 2081-2100,??,Annual,National,Province,CSV,Restricted,-,-,????????: ????????????????????? / ???????????? (?????????????????),Report ????????????????????????????????????????????????????????????????????????????????????????????????,Report,Restricted,,,,,,,,,,,,,,,,,,
NSO,NSO_2_4,???????????????????????????????????????????,Forward-looking,Vulnerability,SENSITIVITY,Drought (???????); Flood (???????); Heat (?????????????),Human Settlement — ???????????,Historical; Projected,1960-2014; 2015-2040; 2041-2060; 2061-2080; 2081-2100,-,Annual,National,Province,CSV,Restricted,-,-,????????: ????????????????????? / ?????????,Report ????????????????????????????????????????????????????????????????????????????????????????????????,Report,Restricted,,,,,,,,,,,,,,,,,,
NSO,NSO_2_5,?????????????????????,Forward-looking,Exposure,EXPOSED_ASSET,Heat (?????????????),Water — ???,Historical; Projected,1960-2014; 2015-2040; 2041-2060; 2061-2080; 2081-2100,?????????,Annual,National,Province,CSV,Restricted,-,-,????????: ????????????????????? / ????????? (??????????????),Report ????????????????????????????????????????????????????????????????????????????????????????????????,Report,Restricted,,,,,,,,,,,,,,,,,,
NSO,NSO_2_6,????????????????????????????????????????????????????????????????,Forward-looking,Vulnerability,ADAPTIVE_CAPACITY,Drought (???????); Flood (???????); Heat (?????????????),Public Health — ?????????,Historical; Projected,1960-2014; 2015-2040; 2041-2060; 2061-2080; 2081-2100,-,Annual,National,Province,CSV,Restricted,-,-,????????: ????????????????????? / ????????????????? (?????????????),Report ????????????????????????????????????????????????????????????????????????????????????????????????,Report,Restricted,,,,,,,,,,,,,,,,,,
EPPO,EPPO_1_1,??????????????????????,Forward-looking,Exposure,EXPOSED_ASSET,Cross-cutting (??????),Human Settlement (???????????),Historical,Unknown,?????????,Unknown,National,Point,CSV,Restricted,https://www2.eppo.go.th/cdf/data_regional_central.html,-,"???????????????????????????????????????? ???????????????????? | ????????????????? WebGIS DCCE 19/01/2026 (1_Data_WebGIS_DCCE_20260119.xlsx ? sheet: EPPO, ???????? 1)",Website ??????????????,Website,Open,,,,,,,,,,,,,,,,,,
DPT,DPT_1_1,????????????????????????????????????????????? (Flood-prone area planning maps),IMPACT (Backward-looking),Hazard,HAZARD_MAP,Flood (???????),Human Settlement (???????????),Historical,-,-,Event-based,Basin,-,Shapefile; PDF Report,Restricted,-,???????????????? ????????????????????????????????????????,????????????????????????????????????????????,????????????????????,Interview,Restricted,,,,,,,,,,,,,,,,,,
DPT,DPT_1_2,????????????????????????????????????? (Land-use data from town/city plans),Spatial Unit,Exposure,EXPOSED_ASSET,Cross-cutting (??????),Human Settlement (???????????),Historical,??????????????????????,-,Event-based,Sub-national,????????????/?????,Shapefile; PDF Report,Restricted,-,??????????????? PDF/?????? ???????????? GIS-ready,?????????? DPT,????????????????????,Interview,Restricted,,,,,,,,,,,,,,,,,,
DPT,DPT_1_3,??????????????????????????????????????????????????? (Building-use data from field surveys),Spatial Unit,Exposure,EXPOSED_ASSET,Cross-cutting (??????),Human Settlement (???????????),Historical,-,-,Event-based,District,-,Shapefile,Restricted,-,???????????????????????????????? ????????? ???.,?????????? DPT,????????????????????,Interview,Restricted,,,,,,,,,,,,,,,,,,
DPT,DPT_1_4,?????????????????????? (River-basin drainage planning data),Adaptation Planning,Response,RESPONSE,Flood (???????),Water (???); Human Settlement (???????????),Historical; Projected,-,-,Event-based,Basin,-,PDF Report; Shapefile,Restricted,-,????????? terrain ????????????????????????????????????? flood model,-,????????????????????,Interview,Restricted,,,,,,,,,,,,,,,,,,
DPT,DPT_1_5,??????????????????????????????????????????????????? Urban-Act (Risk maps & resilient urban planning from Urban-Act project),Forward-looking,Risk Metric,RISK_METRIC,Flood (???????); Heat (?????????????),Human Settlement (???????????),Projected,-,-,Annual,Sub-national,?????????? (????????? ??????),Shapefile; PDF Report,Restricted,-,????????????????????? ????????????????????????,?????????????? GIZ ??????????????,????????????????????,Interview,Restricted,,,,,,,,,,,,,,,,,,
DPT,DPT_2_1,????????????,Forward-looking,Exposure,EXPOSED_ASSET,Drought (???????),Human Settlement — ???????????,Historical; Projected,1960-2014; 2015-2040; 2041-2060; 2061-2080; 2081-2100,??.??.,Annual,National,Province,CSV,Restricted,-,-,????????: ??????????????????????? / ?????????????? (??????????????????/????????????); ????????? (?????????????/?????),Report ????????????????????????????????????????????????????????????????????????????????????????????????,Report,Restricted,,,,,,,,,,,,,,,,,,
DPT,DPT_2_2,???????????????????????????,Forward-looking,Exposure,EXPOSED_ASSET,Flood (???????),Human Settlement — ???????????,Historical; Projected,1960-2014; 2015-2040; 2041-2060; 2061-2080; 2081-2100,-,Annual,National,Province,CSV,Restricted,-,-,????????: ??????????????????????? / ????????????? (????????????????????),Report ????????????????????????????????????????????????????????????????????????????????????????????????,Report,Restricted,,,,,,,,,,,,,,,,,,
DPT,DPT_2_3,???????????????????????????????????????????,Forward-looking,Vulnerability,ADAPTIVE_CAPACITY,Flood (???????),Human Settlement — ???????????,Historical; Projected,1960-2014; 2015-2040; 2041-2060; 2061-2080; 2081-2100,-,Annual,National,Province,CSV,Restricted,-,-,????????: ??????????????????????? (??????????????????????????),Report ????????????????????????????????????????????????????????????????????????????????????????????????,Report,Restricted,,,,,,,,,,,,,,,,,,
DPT,DPT_2_4,??????????????????????????????????????????????????? (??????) ????????????????????????????????????,Forward-looking,Vulnerability,ADAPTIVE_CAPACITY,Flood (???????),Water — ???,Historical; Projected,1960-2014; 2015-2040; 2041-2060; 2061-2080; 2081-2100,-,Annual,National,Province,CSV,Restricted,-,-,????????: ??????????????????????? (??????????????????????????/??????),Report ????????????????????????????????????????????????????????????????????????????????????????????????,Report,Restricted,,,,,,,,,,,,,,,,,,
BMA,BMA_1_1,??????????????????????????????????? ???. (Rainfall measurements from BMA stations),IMPACT (Backward-looking),Hazard,METEOROLOGICAL_OBSERVATION,Flood (???????); Storm (????),Water (???); Human Settlement (???????????),Historical,-,mm,Real-time,Point,??????????????? ???.,API / Web Service; CSV,Open,https://weather.bangkok.go.th,-,?????????????????????????????,????????????????????,Interview,Open,,,,,,,,,,,,,,,,,,
BMA,BMA_1_2,????????????????????? (Rainfall radar data),Forward-looking,Hazard,METEOROLOGICAL_OBSERVATION,Flood (???????); Storm (????),Water (???),Forecast,-,mm/hr,Sub-daily,Sub-national,-,Image; API / Web Service,Open,https://weather.bangkok.go.th,??????????? 1-3 ??. ?????????????????? rain bomb ????????,-,????????????????????,Interview,Open,,,,,,,,,,,,,,,,,,
BMA,BMA_2_1,???????????????????? (Canal water levels),IMPACT (Backward-looking),Hazard,HAZARDOUS_EVENT,Flood (???????),Water (???),Historical,-,m,Real-time,Point,????/?????????????,API / Web Service,Open,https://data.bangkok.go.th/th/,-,-,????????????????????,Interview,Open,,,,,,,,,,,,,,,,,,
BMA,BMA_2_2,??????????????????????? (Road-flood monitoring data),IMPACT (Backward-looking),Disaster Record,DISASTER_RECORD,Flood (???????),Human Settlement (???????????),Historical,-,-,Real-time,Point,??????????,API / Web Service,Open,https://data.bangkok.go.th/th/,-,-,????????????????????,Interview,Open,,,,,,,,,,,,,,,,,,
BMA,BMA_2_3,?????????????????????????????? ??? ???? ??????? ??????????? ????????????? (Drainage system asset inventory),Spatial Unit,Exposure,EXPOSED_ASSET,Flood (???????),Human Settlement (???????????); Water (???),Historical,-,km; ?????????,Annual,Sub-national,??????????? ???.,Shapefile; Database,Restricted,https://data.bangkok.go.th/th/,-,"??????????? ~6,800 km; ???? ~2,700 km; ??????????????? 4 ????",????????????????????,Interview,Open,,,,,,,,,,,,,,,,,,
BMA,BMA_2_4,??????????????????????????? ???. (Cooling rooms / cooling points),Adaptation Planning,Response,RESPONSE,Heat (?????????????),Public Health (?????????); Human Settlement (???????????),Historical,2569 (2026),?????????,Annual,Sub-national,??????????? ???.,Database; PDF Report,Open,https://data.bangkok.go.th/th/,-,255 ????????????; ???????????????????? 2569,????????????????????,Interview,Open,,,,,,,,,,,,,,,,,,
BMA,BMA_3_1,???????????????????????????????????? ???. (Air quality monitoring & Heat Index),IMPACT (Backward-looking),Hazard,ENVIRONMENT,Heat (?????????????); Air Quality / Haze (??????????? / ????????),Public Health (?????????); Human Settlement (???????????),Historical,-,°C; Heat Index; AQI,Real-time,Point,????????????,API / Web Service,Open,https://airbkk.com,????????? urban heat island ????????/????,-,????????????????????,Interview,Open,,,,,,,,,,,,,,,,,,
UDDC,UDDC_1_1,???????????????????????????????? DEM 1 ???? (High-resolution flood inundation model with 1m DEM),Forward-looking,Hazard,HAZARD_MAP,Flood (???????),Human Settlement (???????????); Water (???),Projected,Unknown,m (depth),Annual,Sub-national,1 m (Grid),GeoTIFF / Raster; Shapefile,Restricted,-,?????????????????? ???????? ???????????????,"??????? URBAN (IKI-Germany 2024-2028) ??????? ADPC, TMD, DDPM",????????????????????,Interview,Restricted,SSP3; SSP5,,,,,,,,,,,,,,,,,
UDDC,UDDC_1_2,?????????????????????????????? DSM/DTM ??????????? 20 ??. (20cm drone-captured DSM/DTM),Spatial Unit,Spatial Unit,TOPOGRAPHY,Flood (???????),Natural Resources (????????????????); Human Settlement (???????????),Historical,Unknown,m,Event-based,Point,0.2 m (Grid),GeoTIFF / Raster,Restricted,-,?????????????????????? NbS ??????????,-,????????????????????,Interview,Restricted,,,,,,,,,,,,,,,,,,
UDDC,UDDC_1_3,???????????????????????????????????????????????????????? (Local climate risk/vulnerability assessment),Forward-looking,Vulnerability,VULNERABILITY_FRAMEWORK,Flood (???????); Landslide (???????); Sea-level Rise (???????????????????); Drought (???????),Human Settlement (???????????); Cross-cutting (????????),Projected,Unknown,-,Annual,Sub-national,??????????,Shapefile; PDF Report,Restricted,-,??? downscale ??????????????? ?????????????? baseline ?????????,????????? Double Vulnerability ????????????????????????????????,????????????????????,Interview,Restricted,,,,,,,,,,,,,,,,,,
UDDC,UDDC_1_4,?????????????????????????????????????????????????????????? (Spatial strategic plans & local wetland management plans),Adaptation Planning,Response,RESPONSE,Flood (???????); Drought (???????),Natural Resources (????????????????); Water (???),Projected,Unknown,-,Annual,Sub-national,??????????/????,PDF Report; Shapefile,Restricted,-,-,-,????????????????????,Interview,Restricted,,,,,,,,,,,,,,,,,,
UDDC,UDDC_1_5,?????????? Urban InVest ???????????????????????????? (Urban InVest model outputs),Forward-looking,Composite Index,COMPOSITE_INDEX,Flood (???????); Drought (???????),Natural Resources (????????????????); Water (???),Projected,Unknown,-,Annual,Sub-national,??????????,GeoTIFF / Raster; Shapefile,Restricted,-,??????????????????????? (Urban InVest),-,????????????????????,Interview,Restricted,,,,,,,,,,,,,,,,,,
FTI,FTI_1_1,??????????????????????????????????????? (Industrial water demand data),IMPACT (Backward-looking),Exposure,EXPOSED_ASSET,Drought (???????),Water (???); Cross-cutting (????????),Historical,Up to 2025,??.?.,Annual,Sub-national,Unknown,Database; CSV,Restricted,-,-,????? War Room ??????????????? EEC,????????????????????,Interview,Restricted,,,,,,,,,,,,,,,,,,
FTI,FTI_1_2,????????????????????????????????????? 20 ?? (20-year water scarcity risk assessment),Forward-looking,Risk Metric,RISK_METRIC,Drought (???????),Water (???); Cross-cutting (????????),Projected,Unknown,-,Annual,Sub-national,Unknown,PDF Report,Restricted,-,-,???????????? 9 ??????????????????,????????????????????,Interview,Restricted,,,,,,,,,,,,,,,,,,
NESDC,NESDC_1_1,???????????????????????????????????????????????????????????????????? (Infrastructure climate risk evaluation),Forward-looking,Risk Metric,RISK_METRIC,Flood (???????); Drought (???????),Cross-cutting (????????),Projected,-,%,Annual,National,-,PDF Report,Restricted,-,???????????????? (Discount rate 7%) ????????????????????????????????????,???????????????????????????????? ???? ????????????????,????????????????????,Interview,Restricted,,,,,,,,,,,,,,,,,,
NESDC,NESDC_2_1,??????????????????????? (??????????????? > 60 ?? ??????????? 0-4 ??),Forward-looking,Exposure,EXPOSED_ASSET,Drought (???????); Flood (???????); Heat (?????????????),Public Health — ?????????,Historical; Projected,1960-2014; 2015-2040; 2041-2060; 2061-2080; 2081-2100,-,Annual,National,Province,CSV,Restricted,-,-,??????????: ????????? - ??????????????????? (?????????? + ????) ????????????,Report ????????????????????????????????????????????????????????????????????????????????????????????????,Report,Restricted,,,,,,,,,,,,,,,,,,
NESDC,NESDC_2_2,????????????????????????? (?????????????????????),Forward-looking,Vulnerability,SENSITIVITY,Drought (???????); Flood (???????); Heat (?????????????),Human Settlement — ???????????,Historical; Projected,1960-2014; 2015-2040; 2041-2060; 2061-2080; 2081-2100,??,Annual,National,Province,CSV,Restricted,-,-,????????: ??????????????????????????????????????????? (?????????) - ?????????????????????????; ????????????,Report ????????????????????????????????????????????????????????????????????????????????????????????????,Report,Restricted,,,,,,,,,,,,,,,,,,
NESDC,NESDC_2_3,??????????????? (> 60 ??),Forward-looking,Vulnerability,SENSITIVITY,Drought (???????); Flood (???????); Heat (?????????????),Human Settlement — ???????????,Historical; Projected,1960-2014; 2015-2040; 2041-2060; 2061-2080; 2081-2100,??,Annual,National,Province,CSV,Restricted,-,-,????????: ????????? (???????????????????????????????); ????????????,Report ????????????????????????????????????????????????????????????????????????????????????????????????,Report,Restricted,,,,,,,,,,,,,,,,,,
NESDC,NESDC_2_4,????????????? 0-17 ??,Forward-looking,Vulnerability,SENSITIVITY,Drought (???????); Flood (???????); Heat (?????????????),Human Settlement — ???????????,Historical; Projected,1960-2014; 2015-2040; 2041-2060; 2061-2080; 2081-2100,??,Annual,National,Province,CSV,Restricted,-,-,????????: ????????? / ???????????? (?????????????????),Report ????????????????????????????????????????????????????????????????????????????????????????????????,Report,Restricted,,,,,,,,,,,,,,,,,,
NESDC,NESDC_2_5,?????????????????????? (MPI),Forward-looking,Vulnerability,SENSITIVITY,Drought (???????); Flood (???????); Heat (?????????????),Human Settlement — ???????????,Historical; Projected,1960-2014; 2015-2040; 2041-2060; 2061-2080; 2081-2100,-,Annual,National,Province,CSV,Restricted,-,-,????????: ????????? (?????????????????????? MPI),Report ????????????????????????????????????????????????????????????????????????????????????????????????,Report,Restricted,,,,,,,,,,,,,,,,,,
NESDC,NESDC_2_6,????????????,Forward-looking,Vulnerability,SENSITIVITY,Drought (???????); Flood (???????); Heat (?????????????),Human Settlement — ???????????,Historical; Projected,1960-2014; 2015-2040; 2041-2060; 2061-2080; 2081-2100,??,Annual,National,Province,CSV,Restricted,-,-,????????: ????????? (???????????????),Report ????????????????????????????????????????????????????????????????????????????????????????????????,Report,Restricted,,,,,,,,,,,,,,,,,,
NESDC,NESDC_2_7,??????????????????????????,Forward-looking,Vulnerability,SENSITIVITY,Drought (???????); Flood (???????); Heat (?????????????),Human Settlement — ???????????; Public Health — ?????????,Historical; Projected,1960-2014; 2015-2040; 2041-2060; 2061-2080; 2081-2100,-,Annual,National,Province,CSV,Restricted,-,-,????????: ????????? (???????????? Gini/??????????????),Report ????????????????????????????????????????????????????????????????????????????????????????????????,Report,Restricted,,,,,,,,,,,,,,,,,,
NESDC,NESDC_2_8,???????????????????,Forward-looking,Vulnerability,ADAPTIVE_CAPACITY,Drought (???????); Flood (???????); Heat (?????????????),Human Settlement — ???????????,Historical; Projected,1960-2014; 2015-2040; 2041-2060; 2061-2080; 2081-2100,-,Annual,National,Province,CSV,Restricted,-,-,????????: ????????? / UNDP Thailand (??????????????????? HDI),Report ????????????????????????????????????????????????????????????????????????????????????????????????,Report,Restricted,,,,,,,,,,,,,,,,,,
NESDC,NESDC_2_9,?????????????????????? (???),Forward-looking,Vulnerability,ADAPTIVE_CAPACITY,Drought (???????); Flood (???????); Heat (?????????????),Human Settlement — ???????????; Public Health — ?????????,Historical; Projected,1960-2014; 2015-2040; 2041-2060; 2061-2080; 2081-2100,-,Annual,National,Province,CSV,Restricted,-,-,????????: ????????? (?????? GPP/GPP per capita),Report ????????????????????????????????????????????????????????????????????????????????????????????????,Report,Restricted,,,,,,,,,,,,,,,,,,
NESDC,NESDC_2_10,??????????????? (????????????? + ??????????),Forward-looking,Vulnerability,ADAPTIVE_CAPACITY,Drought (???????); Flood (???????); Heat (?????????????),Human Settlement — ???????????,Historical; Projected,1960-2014; 2015-2040; 2041-2060; 2061-2080; 2081-2100,-,Annual,National,Province,CSV,Restricted,-,-,????????: ????????? / UNDP Thailand (Gender Development Index),Report ????????????????????????????????????????????????????????????????????????????????????????????????,Report,Restricted,,,,,,,,,,,,,,,,,,
NESDC,NESDC_2_11,????????????????????? (????????????? + ??????????),Forward-looking,Exposure,EXPOSED_ASSET,Heat (?????????????),Water — ???,Historical; Projected,1960-2014; 2015-2040; 2041-2060; 2061-2080; 2081-2100,-,Annual,National,Province,CSV,Restricted,-,-,????????: ????????? (???????????????????) + ???????????? (?????????????) + ??????????,Report ????????????????????????????????????????????????????????????????????????????????????????????????,Report,Restricted,,,,,,,,,,,,,,,,,,
NESDC,NESDC_2_12,????????????????????? (???????????????????????????????????????),Forward-looking,Exposure,EXPOSED_ASSET,Drought (???????),Tourism — ??????????,Historical; Projected,1960-2014; 2015-2040; 2041-2060; 2061-2080; 2081-2100,-,Annual,National,Province,CSV,Restricted,-,-,????????: ????????? + ???????????? (???????????????? + ??????????),Report ????????????????????????????????????????????????????????????????????????????????????????????????,Report,Restricted,,,,,,,,,,,,,,,,,,
NESDC,NESDC_2_13,??????????????????????,Forward-looking,Vulnerability,SENSITIVITY,Drought (???????); Flood (???????); Heat (?????????????),Public Health — ?????????,Historical; Projected,1960-2014; 2015-2040; 2041-2060; 2061-2080; 2081-2100,??,Annual,National,Province,CSV,Restricted,-,-,????????: ????????? / ??????????????????? (?????????????????),Report ????????????????????????????????????????????????????????????????????????????????????????????????,Report,Restricted,,,,,,,,,,,,,,,,,,
MSDHS,MSDHS_1_1,??????????????????????????????????? ??. (Vulnerable group welfare registry),IMPACT (Backward-looking),Vulnerability,SENSITIVITY,Cross-cutting (??????),Public Health (?????????); Cross-cutting (????????),Historical,-,??; ?????????,Annual,Tambon,??????????/????????? ????????????????,Database,Restricted,-,??? metadata ??? data dictionary; ????????????/IT ????????,??????????????????? 13 ??????? ??.,????????????????????,Interview,Restricted,,,,,,,,,,,,,,,,,,
MSDHS,MSDHS_1_2,"???????????????????? ""??? ?."" ??????????????????????? (Teacher Kor disaster readiness training data)",Adaptation Planning,Response,RESPONSE,Cross-cutting (??????),Public Health (?????????); Human Settlement (???????????),Historical,2025-2026,??,Annual,National,-,Database; CSV,Restricted,-,-,"?? 2568 ???????? 43,000 ??; ?? 2569 ?????????????????????? 200 ??/???????",????????????????????,Interview,Restricted,,,,,,,,,,,,,,,,,,
MSDHS,MSDHS_1_3,"?????????????????????????????????????????????????????????????????? (World Bank vulnerability risk maps - Chiang Mai, Korat, Pattani)",Forward-looking,Vulnerability,VULNERABILITY_FRAMEWORK,Flood (???????); Drought (???????); Heat (?????????????); Landslide (???????),Public Health (?????????); Cross-cutting (????????),Projected,2024-2025,-,Annual,Sub-national,3 ???????,Shapefile; PDF Report,Restricted,-,????????????? 3 ???????,??????????????????????? ??? ????? Demography,????????????????????,Interview,Restricted,,,,,,,,,,,,,,,,,,
MSDHS,MSDHS_2_1,???????????????,Forward-looking,Exposure,EXPOSED_ASSET,Drought (???????); Flood (???????); Heat (?????????????),Human Settlement — ???????????; Public Health — ?????????,Historical; Projected,1960-2014; 2015-2040; 2041-2060; 2061-2080; 2081-2100,?????,Annual,National,Province,CSV,Restricted,-,-,????????: ????????????????????????? / ?????????; ???????????????,Report ????????????????????????????????????????????????????????????????????????????????????????????????,Report,Restricted,,,,,,,,,,,,,,,,,,
MSDHS,MSDHS_2_2,????????????????????????????,Forward-looking,Vulnerability,SENSITIVITY,Drought (???????); Flood (???????); Heat (?????????????),Human Settlement — ???????????; Public Health — ?????????,Historical; Projected,1960-2014; 2015-2040; 2041-2060; 2061-2080; 2081-2100,??,Annual,National,Province,CSV,Restricted,-,-,????????: ????????????????????????????????????? / ?????????????????????; ????????? (?????????????),Report ????????????????????????????????????????????????????????????????????????????????????????????????,Report,Restricted,,,,,,,,,,,,,,,,,,
OTP,OTP_1_1,???????????????????????????????????????????????????????? (Climate Change Adaptation pilot for transport infrastructure),Forward-looking,Risk Metric,RISK_METRIC,Flood (???????); Landslide (???????); Sea-level Rise (???????????????????),Human Settlement (???????????); Cross-cutting (????????),Projected,50-100 ??,-,Annual,National,????? km marker (highway) ???????? (railway),Shapefile; PDF Report,Restricted,-,???????????? ???. ??? ???. (????????????????); ??????????????,????????????? 2570,????????????????????,Interview,Restricted,,,,,,,,,,,,,,,,,,
OTP,OTP_1_3,?????? Origin-Destination ?????????????????? (Origin-Destination & transport routes),IMPACT (Backward-looking),Exposure,EXPOSED_ASSET,Cross-cutting (??????),Human Settlement (???????????),Historical,10 ??,??????/???; ??,Annual,National,-,Shapefile; CSV,Restricted,-,-,-,????????????????????,Interview,Restricted,,,,,,,,,,,,,,,,,,
OTP,OTP_1_4,????????????????????????????????????????????????? (High-resolution hydrological model along transport routes),Forward-looking,Hazard,HAZARD_MAP,Flood (???????),Human Settlement (???????????); Water (???),Projected,50-100 ??,m (depth),Event-based,Sub-national,????? km marker,GeoTIFF / Raster; Shapefile,Restricted,-,?????????????????? ??????????????????????????,??????????? 50-100 ?? ???????????? 10 ??????????,????????????????????,Interview,Restricted,,,,,,,,,,,,,,,,,,
DWR,DWR_1_1,?????????????????????????????????????????????,Forward-looking,Vulnerability,ADAPTIVE_CAPACITY,Flood (???????),,Human Settlement — ???????????; Water — ???,1960-2014; 2015-2040; 2041-2060; 2061-2080; 2081-2100,-,Annual,National,Province,CSV,Restricted,-,-,??????????: ?????????????? - ???????????????????????????? (Early Warning System),Report ????????????????????????????????????????????????????????????????????????????????????????????????,Report,Restricted,,Historical; Projected,,,,,,,,,,,,,,,,
DWR,DWR_1_2,?????????????????????????,Forward-looking,Vulnerability,ADAPTIVE_CAPACITY,Flood (???????),,Tourism — ??????????,1960-2014; 2015-2040; 2041-2060; 2061-2080; 2081-2100,-,Annual,National,Province,CSV,Restricted,-,-,??????????: ?????????????? - ????????????????????????????,Report ????????????????????????????????????????????????????????????????????????????????????????????????,Report,Restricted,,Historical; Projected,,,,,,,,,,,,,,,,
DWR,DWR_1_3,???????????????????????,Forward-looking,Vulnerability,SENSITIVITY,Drought (???????),,Agriculture — ?????; Tourism — ??????????; Water — ???,1960-2014; 2015-2040; 2041-2060; 2061-2080; 2081-2100,???? ??.?./??,Annual,National,Province,CSV,Restricted,-,-,????????: ?????????????? / ???. (?????????????????),Report ????????????????????????????????????????????????????????????????????????????????????????????????,Report,Restricted,,Historical; Projected,,,,,,,,,,,,,,,,
DWR,DWR_1_4,????????????????????,Forward-looking,Vulnerability,ADAPTIVE_CAPACITY,Drought (???????),,Water — ???,1960-2014; 2015-2040; 2041-2060; 2061-2080; 2081-2100,-,Annual,National,Province,CSV,Restricted,-,-,????????: ?????????????? / ??????????? (????????????????????),Report ????????????????????????????????????????????????????????????????????????????????????????????????,Report,Restricted,,Historical; Projected,,,,,,,,,,,,,,,,
DWR,DWR_1_5,????????????????????????????????????????????,Forward-looking,Vulnerability,ADAPTIVE_CAPACITY,Drought (???????),,Water — ???,1960-2014; 2015-2040; 2041-2060; 2061-2080; 2081-2100,-,Annual,National,Province,CSV,Restricted,-,-,????????: ?????????????? / ??????????? / ???. (???????????????????????????),Report ????????????????????????????????????????????????????????????????????????????????????????????????,Report,Restricted,,Historical; Projected,,,,,,,,,,,,,,,,
DWR,DWR_1_6,????????????????????????????????????????????????????????????????????????????????????????????????????????????,Forward-looking,Vulnerability,ADAPTIVE_CAPACITY,Flood (???????),,Water — ???,1960-2014; 2015-2040; 2041-2060; 2061-2080; 2081-2100,-,Annual,National,Province,CSV,Restricted,-,-,????????: ?????????????? / ??. (???????????????????????-???????),Report ????????????????????????????????????????????????????????????????????????????????????????????????,Report,Restricted,,Historical; Projected,,,,,,,,,,,,,,,,
DWR,DWR_1_7,??????????????????? (???????? ???? ???????),Forward-looking,Vulnerability,ADAPTIVE_CAPACITY,Heat (?????????????),,Water — ???,1960-2014; 2015-2040; 2041-2060; 2061-2080; 2081-2100,-,Annual,National,Province,CSV,Restricted,-,-,????????: ?????????????? / ???. (???????????????????),Report ????????????????????????????????????????????????????????????????????????????????????????????????,Report,Restricted,,Historical; Projected,,,,,,,,,,,,,,,,
DWR,DWR_1_8,???????????????????????????????????????????????????,Forward-looking,Vulnerability,ADAPTIVE_CAPACITY,Heat (?????????????),,Water — ???,1960-2014; 2015-2040; 2041-2060; 2061-2080; 2081-2100,-,Annual,National,Province,CSV,Restricted,-,-,????????: ?????????????? / ???. (????????????????????),Report ????????????????????????????????????????????????????????????????????????????????????????????????,Report,Restricted,,Historical; Projected,,,,,,,,,,,,,,,,
DWR,DWR_1_9,????????????????????????,Forward-looking,Vulnerability,ADAPTIVE_CAPACITY,Drought (???????),,Agriculture — ?????,1960-2014; 2015-2040; 2041-2060; 2061-2080; 2081-2100,-,Annual,National,Province,CSV,Restricted,-,-,????????: ?????????????? / ???. (????????????????),Report ????????????????????????????????????????????????????????????????????????????????????????????????,Report,Restricted,,Historical; Projected,,,,,,,,,,,,,,,,
DWR,DWR_1_10,??????????????????? (??????????),Forward-looking,Vulnerability,ADAPTIVE_CAPACITY,Heat (?????????????),,Tourism — ??????????,1960-2014; 2015-2040; 2041-2060; 2061-2080; 2081-2100,-,Annual,National,Province,CSV,Restricted,-,-,????????: ?????????????? / ???. (???????????????????),Report ????????????????????????????????????????????????????????????????????????????????????????????????,Report,Restricted,,Historical; Projected,,,,,,,,,,,,,,,,
MoPH,MOPH_1_1,??????????????????????????????????????,Forward-looking,Vulnerability,ADAPTIVE_CAPACITY,Heat (?????????????),,Human Settlement — ???????????,1960-2014; 2015-2040; 2041-2060; 2061-2080; 2081-2100,-,Annual,National,Province,CSV,Restricted,-,-,??????????: ???????????????? (??????????????????? ??.) - ??????????????????????,Report ????????????????????????????????????????????????????????????????????????????????????????????????,Report,Restricted,,Historical; Projected,,,,,,,,,,,,,,,,
MoPH,MOPH_1_2,?????????????????????????????????????????????????? ??????????????????????????,Forward-looking,Vulnerability,ADAPTIVE_CAPACITY,Drought (???????); Flood (???????); Heat (?????????????),,Public Health — ?????????,1960-2014; 2015-2040; 2041-2060; 2061-2080; 2081-2100,-,Annual,National,Province,CSV,Restricted,-,-,??????????: ???????????????? (??????????????????? ??.) - ??????????????????????????????,Report ????????????????????????????????????????????????????????????????????????????????????????????????,Report,Restricted,,Historical; Projected,,,,,,,,,,,,,,,,
MoPH,MOPH_1_3,????????????????????????,Forward-looking,Vulnerability,SENSITIVITY,Drought (???????); Flood (???????); Heat (?????????????),,Human Settlement — ???????????,1960-2014; 2015-2040; 2041-2060; 2061-2080; 2081-2100,-,Annual,National,Province,CSV,Restricted,-,-,????????: ???????????????? (??????????????????? ??.); ?????????,Report ????????????????????????????????????????????????????????????????????????????????????????????????,Report,Restricted,,Historical; Projected,,,,,,,,,,,,,,,,
MoPH,MOPH_1_4,?????????????????????????????????,Forward-looking,Vulnerability,ADAPTIVE_CAPACITY,Heat (?????????????),,Human Settlement — ???????????,1960-2014; 2015-2040; 2041-2060; 2061-2080; 2081-2100,-,Annual,National,Province,CSV,Restricted,-,-,????????: ???????????????? (??????????????????? ??.) - ??????????????????,Report ????????????????????????????????????????????????????????????????????????????????????????????????,Report,Restricted,,Historical; Projected,,,,,,,,,,,,,,,,
MoPH,MOPH_1_5,?????????????????????????????????????????,Forward-looking,Vulnerability,ADAPTIVE_CAPACITY,Drought (???????); Flood (???????); Heat (?????????????),,Human Settlement — ???????????; Public Health — ?????????,1960-2014; 2015-2040; 2041-2060; 2061-2080; 2081-2100,-,Annual,National,Province,CSV,Restricted,-,-,????????: ??????????????????????? / ???????????????? (??????????????????????????????? ???.),Report ????????????????????????????????????????????????????????????????????????????????????????????????,Report,Restricted,,Historical; Projected,,,,,,,,,,,,,,,,
MoPH,MOPH_1_6,??????????????????????????? (???????????????),Forward-looking,Vulnerability,ADAPTIVE_CAPACITY,Drought (???????); Flood (???????); Heat (?????????????),,Public Health — ?????????,1960-2014; 2015-2040; 2041-2060; 2061-2080; 2081-2100,-,Annual,National,Province,CSV,Restricted,-,-,????????: ???????????????? (??????????????????? ??.) - ???????????????????????????,Report ????????????????????????????????????????????????????????????????????????????????????????????????,Report,Restricted,,Historical; Projected,,,,,,,,,,,,,,,,
ONEP,ONEP_1_1,?????????????????????????????????????????????????????????????,Forward-looking,Vulnerability,ADAPTIVE_CAPACITY,Drought (???????); Heat (?????????????),,Natural Resources — ????????????????,1960-2014; 2015-2040; 2041-2060; 2061-2080; 2081-2100,????,Annual,National,Province,CSV,Restricted,-,-,??????????: ?????????????????????????????????????????????????? (??.) - ???????????????????????????????,Report ????????????????????????????????????????????????????????????????????????????????????????????????,Report,Restricted,,Historical; Projected,,,,,,,,,,,,,,,,
ONEP,ONEP_1_2,??????????????????????????????????????????????????????????????,Forward-looking,Exposure,EXPOSED_ASSET,Drought (???????); Heat (?????????????),,Natural Resources — ????????????????,1960-2014; 2015-2040; 2041-2060; 2061-2080; 2081-2100,????,Annual,National,Province,CSV,Restricted,-,-,????????: ?????????????????????????????????????????????????? (??.) - ???????????????????,Report ????????????????????????????????????????????????????????????????????????????????????????????????,Report,Restricted,,Historical; Projected,,,,,,,,,,,,,,,,
DBD,DBD_1_1,??????????????????????????,Forward-looking,Exposure,EXPOSED_ASSET,Drought (???????); Flood (???????); Heat (?????????????),Water — ???,Historical; Projected,1960-2014; 2015-2040; 2041-2060; 2061-2080; 2081-2100,????,Annual,National,Province,CSV,Restricted,-,-,????????: ???????????????????? / ????????????????????? (???????????????????),Report ????????????????????????????????????????????????????????????????????????????????????????????????,Report,Restricted,,,,,,,,,,,,,,,,,,
DDC,DDC_1_1,??????????????????????????????????????????,Forward-looking,Vulnerability,SENSITIVITY,Flood (???????),Public Health — ?????????,Historical; Projected,1960-2014; 2015-2040; 2041-2060; 2061-2080; 2081-2100,-,Annual,National,Province,CSV,Restricted,-,-,????????: ???????????? / ???????????????? (???????????????????????),Report ????????????????????????????????????????????????????????????????????????????????????????????????,Report,Restricted,,,,,,,,,,,,,,,,,,
DGR,DGR_1_1,?????????????????,Forward-looking,Exposure,EXPOSED_ASSET,Drought (???????); Heat (?????????????),Human Settlement — ???????????,Historical; Projected,1960-2014; 2015-2040; 2041-2060; 2061-2080; 2081-2100,??????.?.,Annual,National,Province,CSV,Restricted,-,-,????????: ???????????????????,,Report ????????????????????????????????????????????????????????????????????????????????????????????????,Report,Restricted,,,,,,,,,,,,,,,,,
DGR,DGR_1_2,??????????????????????????????????????,Forward-looking,Vulnerability,ADAPTIVE_CAPACITY,Drought (???????); Heat (?????????????),Human Settlement — ???????????; Water — ???,Historical; Projected,1960-2014; 2015-2040; 2041-2060; 2061-2080; 2081-2100,???? ??.?./??,Annual,National,Province,CSV,Restricted,-,-,????????: ???????????????????,,Report ????????????????????????????????????????????????????????????????????????????????????????????????,Report,Restricted,,,,,,,,,,,,,,,,,
DGR,DGR_1_3,???????????????????????????,Forward-looking,Vulnerability,ADAPTIVE_CAPACITY,Drought (???????); Heat (?????????????),Agriculture — ?????; Human Settlement — ???????????; Water — ???,Historical; Projected,1960-2014; 2015-2040; 2041-2060; 2061-2080; 2081-2100,???? ??.?./??,Annual,National,Province,CSV,Restricted,-,-,????????: ???????????????????,,Report ????????????????????????????????????????????????????????????????????????????????????????????????,Report,Restricted,,,,,,,,,,,,,,,,,
DIW,DIW_1_1,?????????????????????,Forward-looking,Exposure,EXPOSED_ASSET,Drought (???????); Flood (???????); Heat (?????????????),Human Settlement — ???????????,Historical; Projected,1960-2014; 2015-2040; 2041-2060; 2061-2080; 2081-2100,????,Annual,National,Province,CSV,Restricted,-,-,????????: ??????????????????? / ?????????????????????????????? (???.),Report ????????????????????????????????????????????????????????????????????????????????????????????????,Report,Restricted,,,,,,,,,,,,,,,,,,
DIW,DIW_1_2,????????????????????????,Forward-looking,Exposure,EXPOSED_ASSET,Drought (???????); Flood (???????); Heat (?????????????),Water — ???,Historical; Projected,1960-2014; 2015-2040; 2041-2060; 2061-2080; 2081-2100,????,Annual,National,Province,CSV,Restricted,-,-,????????: ??????????????????? / ????????????????? / ?????????????????????,Report ????????????????????????????????????????????????????????????????????????????????????????????????,Report,Restricted,,,,,,,,,,,,,,,,,,
DNP,DNP_1_1,??????????????????????????????????????????,Forward-looking,Vulnerability,ADAPTIVE_CAPACITY,Drought (???????); Flood (???????); Heat (?????????????),Natural Resources — ????????????????,Historical; Projected,1960-2014; 2015-2040; 2041-2060; 2061-2080; 2081-2100,-,Annual,National,Province,CSV,Restricted,-,-,????????: ????????????????? ???????? ???????????? (??????????????????),Report ????????????????????????????????????????????????????????????????????????????????????????????????,Report,Restricted,,,,,,,,,,,,,,,,,,
DOAE,DOAE_1_1,??????????????????????????,Forward-looking,Vulnerability,ADAPTIVE_CAPACITY,Drought (???????); Flood (???????); Heat (?????????????),Agriculture — ?????,Historical; Projected,1960-2014; 2015-2040; 2041-2060; 2061-2080; 2081-2100,??,Annual,National,Province,CSV,Restricted,-,-,????????: ??????????????????? / ???????????????????????? (??????????????????),Report ????????????????????????????????????????????????????????????????????????????????????????????????,Report,Restricted,,,,,,,,,,,,,,,,,,
EGAT,EGAT_1_1,?????????????????????????,Forward-looking,Exposure,EXPOSED_ASSET,Flood (???????),Human Settlement — ???????????,Historical; Projected,1960-2014; 2015-2040; 2041-2060; 2061-2080; 2081-2100,-,Annual,National,Province,CSV,Restricted,-,-,????????: ???????????????? / ??????????????????? / ???????????????,Report ????????????????????????????????????????????????????????????????????????????????????????????????,Report,Restricted,,,,,,,,,,,,,,,,,,
OAE,OAE_1_1,???????????????????????????????????????,Forward-looking,Exposure,EXPOSED_ASSET,Drought (???????); Flood (???????); Heat (?????????????),Water — ???,Historical; Projected,1960-2014; 2015-2040; 2041-2060; 2061-2080; 2081-2100,-,Annual,National,Province,CSV,Restricted,-,-,????????: ???????????????????????? / ?????????????? (???????????????????),Report ????????????????????????????????????????????????????????????????????????????????????????????????,Report,Restricted,,,,,,,,,,,,,,,,,,
OAE,OAE_1_2,?????????????????????????????,Forward-looking,Exposure,EXPOSED_ASSET,Drought (???????); Flood (???????),Agriculture — ?????,Historical; Projected,1960-2014; 2015-2040; 2041-2060; 2061-2080; 2081-2100,???,Annual,National,Province,CSV,Restricted,-,-,????????: ???????????????????????? / ??????????? (?????????????????????????????),Report ????????????????????????????????????????????????????????????????????????????????????????????????,Report,Restricted,,,,,,,,,,,,,,,,,,
OAE,OAE_1_3,???????????????,Forward-looking,Exposure,EXPOSED_ASSET,Drought (???????); Flood (???????),Agriculture — ?????,Historical; Projected,1960-2014; 2015-2040; 2041-2060; 2061-2080; 2081-2100,-,Annual,National,Province,CSV,Restricted,-,-,????????: ???????????????????????? / ?????????????? (???????????????),Report ????????????????????????????????????????????????????????????????????????????????????????????????,Report,Restricted,,,,,,,,,,,,,,,,,,
OAE,OAE_1_4,???????????????????????,Forward-looking,Vulnerability,ADAPTIVE_CAPACITY,Heat (?????????????),Agriculture — ?????,Historical; Projected,1960-2014; 2015-2040; 2041-2060; 2061-2080; 2081-2100,?????????,Annual,National,Province,CSV,Restricted,-,-,????????: ???????????????????????? / ????????????????????? (??????????????),Report ????????????????????????????????????????????????????????????????????????????????????????????????,Report,Restricted,,,,,,,,,,,,,,,,,,
OAE,OAE_1_5,?????????????????????,Forward-looking,Exposure,EXPOSED_ASSET,Drought (???????); Flood (???????); Heat (?????????????),Public Health — ?????????,Historical; Projected,1960-2014; 2015-2040; 2041-2060; 2061-2080; 2081-2100,-,Annual,National,Province,CSV,Restricted,-,-,????????: ???????????????????????? / ??????????????????? (??????????????),Report ????????????????????????????????????????????????????????????????????????????????????????????????,Report,Restricted,,,,,,,,,,,,,,,,,,
RFD,RFD_1_1,???????????????????,Forward-looking,Exposure,EXPOSED_ASSET,Heat (?????????????),Agriculture — ?????,Historical; Projected,1960-2014; 2015-2040; 2041-2060; 2061-2080; 2081-2100,??.?.,Annual,National,Province,CSV,Restricted,-,-,????????: ????????? / ????????????????? ???????? ???????????? (??????????),Report ????????????????????????????????????????????????????????????????????????????????????????????????,Report,Restricted,,,,,,,,,,,,,,,,,,
RFD,RFD_1_2,??????????????????????????????????? 5 ?? ??????????,IMPACT (Backward-looking),Loss & Damage,LOSS_DAMAGE_RECORD,Drought (???????); Flood (???????); Heat (?????????????),Natural Resources — ????????????????,Historical; Projected,1960-2014; 2015-2040; 2041-2060; 2061-2080; 2081-2100,-,Annual,National,Province,CSV,Restricted,-,-,????????: ????????? / GISTDA (?????????????????????????),Report ????????????????????????????????????????????????????????????????????????????????????????????????,Report,Restricted,,,,,,,,,,,,,,,,,,
RFD,RFD_1_3,??????????????????????????????????????? ?????????????????????????????????,Forward-looking,Vulnerability,ADAPTIVE_CAPACITY,Drought (???????); Flood (???????); Heat (?????????????),Natural Resources — ????????????????,Historical; Projected,1960-2014; 2015-2040; 2041-2060; 2061-2080; 2081-2100,-,Annual,National,Province,CSV,Restricted,-,-,????????: ????????? (????????/??????????????),Report ????????????????????????????????????????????????????????????????????????????????????????????????,Report,Restricted,,,,,,,,,,,,,,,,,,
RID,RID_1_2,?????????????????????,Forward-looking,Vulnerability,ADAPTIVE_CAPACITY,Drought (???????); Flood (???????),Human Settlement — ???????????; Tourism — ??????????; Water — ???,Historical; Projected,1960-2014; 2015-2040; 2041-2060; 2061-2080; 2081-2100,-,Annual,National,Province,CSV,Restricted,-,-,????????: ??????????? / ?????????????? / ???. (????????????????),Report ????????????????????????????????????????????????????????????????????????????????????????????????,Report,Restricted,,,,,,,,,,,,,,,,,,
RID,RID_1_11,???????????????? (????????),Forward-looking,Vulnerability,ADAPTIVE_CAPACITY,Drought (???????); Heat (?????????????),Tourism — ??????????,Historical; Projected,1960-2014; 2015-2040; 2041-2060; 2061-2080; 2081-2100,-,Annual,National,Province,CSV,Restricted,-,-,????????: ??????????? / ?????????????? (????????????????),Report ????????????????????????????????????????????????????????????????????????????????????????????????,Report,Restricted,,,,,,,,,,,,,,,,,,
RID,RID_1_1,????????????????????? (??????????),Forward-looking,Vulnerability,ADAPTIVE_CAPACITY,Drought (???????); Heat (?????????????),Agriculture — ?????; Human Settlement — ???????????,Historical; Projected,1960-2014; 2015-2040; 2041-2060; 2061-2080; 2081-2100,???? ??.?./??,Annual,National,Province,CSV,Restricted,-,-,????????: ??????????? / ?????????????? (????????????????),Report ????????????????????????????????????????????????????????????????????????????????????????????????,Report,Restricted,,,,,,,,,,,,,,,,,,
RID,RID_1_4,????????????????????? (???????????????? ???? ???????),Forward-looking,Vulnerability,ADAPTIVE_CAPACITY,Drought (???????),Water — ???,Historical; Projected,1960-2014; 2015-2040; 2041-2060; 2061-2080; 2081-2100,-,Annual,National,Province,CSV,Restricted,-,-,????????: ??????????? / ?????????????? (?????????????????????),Report ????????????????????????????????????????????????????????????????????????????????????????????????,Report,Restricted,,,,,,,,,,,,,,,,,,
RID,RID_1_6,???????????????????,Forward-looking,Hazard,HAZARDOUS_EVENT,Flood (???????),Water — ???,Historical; Projected,1960-2014; 2015-2040; 2041-2060; 2061-2080; 2081-2100,??.?./??????,Annual,National,Province,CSV,Restricted,-,-,????????: ??????????? / ???. (???????????????????),Report ????????????????????????????????????????????????????????????????????????????????????????????????,Report,Restricted,,,,,,,,,,,,,,,,,,
RID,RID_1_10,???????????????,Forward-looking,Vulnerability,ADAPTIVE_CAPACITY,Drought (???????); Flood (???????),Agriculture — ?????,Historical; Projected,1960-2014; 2015-2040; 2041-2060; 2061-2080; 2081-2100,??.??.,Annual,National,Province,CSV,Restricted,-,-,????????: ??????????? (???????????????),Report ????????????????????????????????????????????????????????????????????????????????????????????????,Report,Restricted,,,,,,,,,,,,,,,,,,
RID,RID_1_8,?????????????????????,Forward-looking,Exposure,EXPOSED_ASSET,Drought (???????); Flood (???????),Agriculture — ?????,Historical; Projected,1960-2014; 2015-2040; 2041-2060; 2061-2080; 2081-2100,-,Annual,National,Province,CSV,Restricted,-,-,????????: ??????????? / ?????????????? (?????????????????????),Report ????????????????????????????????????????????????????????????????????????????????????????????????,Report,Restricted,,,,,,,,,,,,,,,,,,
RID,RID_1_9,????????????????????????????,Forward-looking,Vulnerability,ADAPTIVE_CAPACITY,Drought (???????); Flood (???????),Agriculture — ?????,Historical; Projected,1960-2014; 2015-2040; 2041-2060; 2061-2080; 2081-2100,???,Annual,National,Province,CSV,Restricted,-,-,????????: ??????????? / ???????????????????????? (????????????????????????????),Report ????????????????????????????????????????????????????????????????????????????????????????????????,Report,Restricted,,,,,,,,,,,,,,,,,,
RID,RID_1_7,???????????????????????? (?????????????????????) ?????????????????,Forward-looking,Vulnerability,ADAPTIVE_CAPACITY,Flood (???????),Water — ???,Historical; Projected,1960-2014; 2015-2040; 2041-2060; 2061-2080; 2081-2100,-,Annual,National,Province,CSV,Restricted,-,-,????????: ??????????? / ???. (??????????????/?????????????????),Report ????????????????????????????????????????????????????????????????????????????????????????????????,Report,Restricted,,,,,,,,,,,,,,,,,,
RID,RID_1_5,????????????????????????????????????????????,Forward-looking,Vulnerability,ADAPTIVE_CAPACITY,Drought (???????); Flood (???????); Heat (?????????????),Water — ???,Historical; Projected,1960-2014; 2015-2040; 2041-2060; 2061-2080; 2081-2100,-,Annual,National,Province,CSV,Restricted,-,-,????????: ??????????? / ???????????????????????? (??????????????????????),Report ????????????????????????????????????????????????????????????????????????????????????????????????,Report,Restricted,,,,,,,,,,,,,,,,,,
RID,RID_1_3,??????????????????????????????????????????????????,Forward-looking,Vulnerability,SENSITIVITY,Drought (???????); Flood (???????); Heat (?????????????),Water — ???,Historical; Projected,1960-2014; 2015-2040; 2041-2060; 2061-2080; 2081-2100,-,Annual,National,Province,CSV,Restricted,-,-,????????: ??????????? / ???????????????????????? (?????????????????????),Report ????????????????????????????????????????????????????????????????????????????????????????????????,Report,Restricted,,,,,,,,,,,,,,,,,,
RTSD,RTSD_1_1,???????????????????????????,Forward-looking,Vulnerability,SENSITIVITY,Drought (???????); Flood (???????),Agriculture — ?????,Historical; Projected,1960-2014; 2015-2040; 2041-2060; 2061-2080; 2081-2100,???? ???.,Annual,National,Province,CSV,Restricted,-,-,????????: ????????????? / GISTDA (??????????????????????????? DEM),Report ????????????????????????????????????????????????????????????????????????????????????????????????,Report,Restricted,,,,,,,,,,,,,,,,,,
