owner_org,รหัส Dataset ID,title,ช่วงเวลาข้อมูล time_horizon,ขอบข่ายข้อมูล domain,ชื่อประเภทข้อมูล Data_Entity,ภัยที่เกี่ยวข้อง Related Hazards,สาขา Sectors,มิติด้านเวลา Temporal Dimension,ช่วงเวลา Time Period,หน่วย Unit,ความละเอียดเชิงเวลา Temporal Resolution,geo_coverage,ความละเอียดเชิงพื้นที่ Spatial Resolution,data_format,accessible_condition,url,ข้อจำกัด Limitations / Gaps,หมายเหตุ Remarks,data_source,ประเภทแหล่งที่มา Source_Type,data_type,maintainer,maintainer_email,tag_string,notes,objective,update_frequency_unit,update_frequency_interval,data_category,license_id,created_date,last_updated_date,data_support,data_collect,data_language,high_value_dataset,reference_data,endorsement_status,validation_flag,limitations_statement
DCCE,DCCE_2_1,"ปริมาณน้ำฝน (GridData, historical)",Forward-looking,Physical Climate (DOM_010),CLIMATE_DRIVER,Drought (ภัยแล้ง) ,Cross-cutting (หลายสาขา),Historical,1981-2023,mm,Daily; Monthly,National,25 km (Grid),NetCDF,Restricted,https://clim-webbased.dcce.go.th/DataServices,-,Model/Source: GridData · Variable: pr · Scenario: historical,Website Climate Data Visualization,Website,,DCCE,,,,,,,,,,,,,,,,Baseline-Draft,Unverified-Baseline,-
DCCE,DCCE_2_10,ความชื้นสัมพัทธ์ (WRF-Chem),Forward-looking,Physical Climate (DOM_010),CLIMATE_DRIVER,ภัยแล้ง (Drought); ไฟป่า (Wildfire),Cross-cutting (หลายสาขา),Historical; Projected,1981-2014 (historical); 2015-2099 (ssp585),%,Daily; Monthly,National,25 km (Grid),NetCDF,Restricted,https://clim-webbased.dcce.go.th/DataServices,มีเฉพาะ ssp585,Model/Source: WRF-Chem · Variable: hurs,Website Climate Data Visualization,Website,,DCCE,,,,,,,,,,,,,,,,Baseline-Draft,Unverified-Baseline,มีเฉพาะ ssp585
DCCE,DCCE_2_11,"ปริมาณน้ำฝน (RegCM5, EC-Earth3-Veg)",Forward-looking,Physical Climate (DOM_010),CLIMATE_DRIVER,น้ำท่วม (Flood); ภัยแล้ง (Drought),Cross-cutting (หลายสาขา),Historical; Projected,1960-2014 (historical); 2015-2099 (ssp245); 2015-2099 (ssp585),mm,Daily; Monthly,National,25 km (Grid),NetCDF,Restricted,https://clim-webbased.dcce.go.th/DataServices,-,Model/Source: RegCM5(Driving Model: EC-Earth3-Veg) · Variable: pr,Website Climate Data Visualization,Website,,DCCE,,,,,,,,,,,,,,,,Baseline-Draft,Unverified-Baseline,-
DCCE,DCCE_2_12,"อุณหภูมิสูงสุด (RegCM5, EC-Earth3-Veg)",Forward-looking,Physical Climate (DOM_010),CLIMATE_DRIVER,คลื่นความร้อน (Heat); ภัยแล้ง (Drought),Cross-cutting (หลายสาขา),Historical; Projected,1960-2014 (historical); 2015-2099 (ssp245); 2015-2099 (ssp585),°C,Daily; Monthly,National,25 km (Grid),NetCDF,Restricted,https://clim-webbased.dcce.go.th/DataServices,-,Model/Source: RegCM5 (EC-Earth3-Veg) · Variable: tasmax,Website Climate Data Visualization,Website,,DCCE,,,,,,,,,,,,,,,,Baseline-Draft,Unverified-Baseline,-
DCCE,DCCE_2_13,"อุณหภูมิต่ำสุด (RegCM5, EC-Earth3-Veg)",Forward-looking,Physical Climate (DOM_010),CLIMATE_DRIVER,คลื่นความเย็น (Cold spell); คลื่นความร้อน (Heat),Cross-cutting (หลายสาขา),Historical; Projected,1960-2014 (historical); 2015-2099 (ssp245); 2015-2099 (ssp585),°C,Daily; Monthly,National,25 km (Grid),NetCDF,Restricted,https://clim-webbased.dcce.go.th/DataServices,-,Model/Source: RegCM5 (EC-Earth3-Veg) · Variable: tasmin,Website Climate Data Visualization,Website,,DCCE,,,,,,,,,,,,,,,,Baseline-Draft,Unverified-Baseline,-
DCCE,DCCE_2_14,"อุณหภูมิเฉลี่ย (RegCM5, EC-Earth3-Veg)",Forward-looking,Physical Climate (DOM_010),CLIMATE_DRIVER,Multi-hazard,Cross-cutting (หลายสาขา),Historical; Projected,1960-2014 (historical); 2015-2099 (ssp245); 2015-2099 (ssp585),°C,Daily; Monthly,National,25 km (Grid),NetCDF,Restricted,https://clim-webbased.dcce.go.th/DataServices,-,Model/Source: RegCM5 (EC-Earth3-Veg) · Variable: tas,Website Climate Data Visualization,Website,,DCCE,,,,,,,,,,,,,,,,Baseline-Draft,Unverified-Baseline,-
DCCE,DCCE_2_15,"ความชื้นสัมพัทธ์ (RegCM5, EC-Earth3-Veg)",Forward-looking,Physical Climate (DOM_010),CLIMATE_DRIVER,ภัยแล้ง (Drought); ไฟป่า (Wildfire),Cross-cutting (หลายสาขา),Historical; Projected,1960-2014 (historical); 2015-2099 (ssp245); 2015-2099 (ssp585),%,Daily; Monthly,National,25 km (Grid),NetCDF,Restricted,https://clim-webbased.dcce.go.th/DataServices,-,Model/Source: RegCM5 (EC-Earth3-Veg) · Variable: hurs,Website Climate Data Visualization,Website,,DCCE,,,,,,,,,,,,,,,,Baseline-Draft,Unverified-Baseline,-
DCCE,DCCE_2_16,"ปริมาณน้ำฝน (Statistical Downscaling, CMIP6)",Forward-looking,Physical Climate (DOM_010),CLIMATE_DRIVER,น้ำท่วม (Flood); ภัยแล้ง (Drought),Cross-cutting (หลายสาขา),Historical; Projected,1981-2014 (historical); 2015-2100 (ssp245); 2015-2100 (ssp585),mm,Daily; Monthly,National,5 km (Grid),NetCDF,Restricted,https://clim-webbased.dcce.go.th/DataServices,-,Model/Source: Statistical Downscalingจาก CMIP6 GCMs (ACCESS-CM2; MIROC6; MPI-ESM1-2) · Variable: pr,Website Climate Data Visualization,Website,,DCCE,,,,,,,,,,,,,,,,Baseline-Draft,Unverified-Baseline,-
DCCE,DCCE_2_17,"อุณหภูมิสูงสุด (Statistical Downscaling, CMIP6)",Forward-looking,Physical Climate (DOM_010),CLIMATE_DRIVER,คลื่นความร้อน (Heat); ภัยแล้ง (Drought),Cross-cutting (หลายสาขา),Historical; Projected,1981-2014 (historical); 2015-2100 (ssp245); 2015-2100 (ssp585),°C,Daily; Monthly,National,5 km (Grid),NetCDF,Restricted,https://clim-webbased.dcce.go.th/DataServices,-,Model/Source: Statistical Downscaling(ACCESS-CM2; MIROC6; MPI-ESM1-2) · Variable: tasmax,Website Climate Data Visualization,Website,,DCCE,,,,,,,,,,,,,,,,Baseline-Draft,Unverified-Baseline,-
DCCE,DCCE_2_18,"อุณหภูมิต่ำสุด (Statistical Downscaling, CMIP6)",Forward-looking,Physical Climate (DOM_010),CLIMATE_DRIVER,คลื่นความเย็น (Cold spell); คลื่นความร้อน (Heat),Cross-cutting (หลายสาขา),Historical; Projected,1981-2014 (historical); 2015-2100 (ssp245); 2015-2100 (ssp585),°C,Daily; Monthly,National,5 km (Grid),NetCDF,Restricted,https://clim-webbased.dcce.go.th/DataServices,-,Model/Source: Statistical Downscaling(ACCESS-CM2; MIROC6; MPI-ESM1-2) · Variable: tasmin,Website Climate Data Visualization,Website,,DCCE,,,,,,,,,,,,,,,,Baseline-Draft,Unverified-Baseline,-
DCCE,DCCE_2_19,"อุณหภูมิเฉลี่ย (Statistical Downscaling, CMIP6)",Forward-looking,Physical Climate (DOM_010),CLIMATE_DRIVER,Multi-hazard,Cross-cutting (หลายสาขา),Historical; Projected,1981-2014 (historical); 2015-2100 (ssp245); 2015-2100 (ssp585),°C,Daily; Monthly,National,5 km (Grid),NetCDF,Restricted,https://clim-webbased.dcce.go.th/DataServices,SD ไม่มีข้อมูล Relative Humidity (hurs),Model/Source: Statistical Downscaling(ACCESS-CM2; MIROC6; MPI-ESM1-2) · Variable: tas,Website Climate Data Visualization,Website,,DCCE,,,,,,,,,,,,,,,,Baseline-Draft,Unverified-Baseline,SD ไม่มีข้อมูล Relative Humidity (hurs)
DCCE,DCCE_2_2,"อุณหภูมิสูงสุด (GridData, historical)",Forward-looking,Physical Climate (DOM_010),CLIMATE_DRIVER,Drought (ภัยแล้ง) ,Cross-cutting (หลายสาขา),Historical,1981-2023,°C,Daily; Monthly,National,25 km (Grid),NetCDF,Restricted,https://clim-webbased.dcce.go.th/DataServices,-,Model/Source: GridData · Variable: tasmax · Scenario: historical,Website Climate Data Visualization,Website,,DCCE,,,,,,,,,,,,,,,,Baseline-Draft,Unverified-Baseline,-
DCCE,DCCE_2_3,"อุณหภูมิต่ำสุด (GridData, historical)",Forward-looking,Physical Climate (DOM_010),CLIMATE_DRIVER,Drought (ภัยแล้ง) ,Cross-cutting (หลายสาขา),Historical,1981-2023,°C,Daily; Monthly,National,25 km (Grid),NetCDF,Restricted,https://clim-webbased.dcce.go.th/DataServices,-,Model/Source: GridData · Variable: tasmin · Scenario: historical,Website Climate Data Visualization,Website,,DCCE,,,,,,,,,,,,,,,,Baseline-Draft,Unverified-Baseline,-
DCCE,DCCE_2_4,"อุณหภูมิเฉลี่ย (GridData, historical)",Forward-looking,Physical Climate (DOM_010),CLIMATE_DRIVER,Drought (ภัยแล้ง) ,Cross-cutting (หลายสาขา),Historical,1981-2023,°C,Daily; Monthly,National,25 km (Grid),NetCDF,Restricted,https://clim-webbased.dcce.go.th/DataServices,-,Model/Source: GridData · Variable: tas · Scenario: historical,Website Climate Data Visualization,Website,,DCCE,,,,,,,,,,,,,,,,Baseline-Draft,Unverified-Baseline,-
DCCE,DCCE_2_5,"ความชื้นสัมพัทธ์ (GridData, historical)",Forward-looking,Physical Climate (DOM_010),CLIMATE_DRIVER,ภัยแล้ง (Drought); ไฟป่า (Wildfire),Cross-cutting (หลายสาขา),Historical,1981-2023,%,Daily; Monthly,National,25 km (Grid),NetCDF,Restricted,https://clim-webbased.dcce.go.th/DataServices,-,Model/Source: GridData · Variable: hurs · Scenario: historical,Website Climate Data Visualization,Website,,DCCE,,,,,,,,,,,,,,,,Baseline-Draft,Unverified-Baseline,-
DCCE,DCCE_2_6,"ปริมาณน้ำฝน (WRF-Chem, CMIP6 bias-corrected)",Forward-looking,Physical Climate (DOM_010),CLIMATE_DRIVER,น้ำท่วม (Flood); ภัยแล้ง (Drought),Cross-cutting (หลายสาขา),Historical; Projected,1981-2014 (historical); 2015-2099 (ssp585),mm,Daily; Monthly,National,25 km (Grid),NetCDF,Restricted,https://clim-webbased.dcce.go.th/DataServices,มีเฉพาะ ssp585,"Model/Source: WRF-Chem(driven by CMIP6 GCMs, Bias-Corrected) · Variable: pr",Website Climate Data Visualization,Website,,DCCE,,,,,,,,,,,,,,,,Baseline-Draft,Unverified-Baseline,มีเฉพาะ ssp585
DCCE,DCCE_2_7,อุณหภูมิสูงสุด (WRF-Chem),Forward-looking,Physical Climate (DOM_010),CLIMATE_DRIVER,คลื่นความร้อน (Heat); ภัยแล้ง (Drought),Cross-cutting (หลายสาขา),Historical; Projected,1981-2014 (historical); 2015-2099 (ssp585),°C,Daily; Monthly,National,25 km (Grid),NetCDF,Restricted,https://clim-webbased.dcce.go.th/DataServices,มีเฉพาะ ssp585,Model/Source: WRF-Chem · Variable: tasmax,Website Climate Data Visualization,Website,,DCCE,,,,,,,,,,,,,,,,Baseline-Draft,Unverified-Baseline,มีเฉพาะ ssp585
DCCE,DCCE_2_8,อุณหภูมิต่ำสุด (WRF-Chem),Forward-looking,Physical Climate (DOM_010),CLIMATE_DRIVER,คลื่นความเย็น (Cold spell); คลื่นความร้อน (Heat),Cross-cutting (หลายสาขา),Historical; Projected,1981-2014 (historical); 2015-2099 (ssp585),°C,Daily; Monthly,National,25 km (Grid),NetCDF,Restricted,https://clim-webbased.dcce.go.th/DataServices,มีเฉพาะ ssp585,Model/Source: WRF-Chem · Variable: tasmin,Website Climate Data Visualization,Website,,DCCE,,,,,,,,,,,,,,,,Baseline-Draft,Unverified-Baseline,มีเฉพาะ ssp585
DCCE,DCCE_2_9,อุณหภูมิเฉลี่ย (WRF-Chem),Forward-looking,Physical Climate (DOM_010),CLIMATE_DRIVER,Multi-hazard,Cross-cutting (หลายสาขา),Historical; Projected,1981-2014 (historical); 2015-2099 (ssp585),°C,Daily; Monthly,National,25 km (Grid),NetCDF,Restricted,https://clim-webbased.dcce.go.th/DataServices,มีเฉพาะ ssp585,Model/Source: WRF-Chem · Variable: tas,Website Climate Data Visualization,Website,,DCCE,,,,,,,,,,,,,,,,Baseline-Draft,Unverified-Baseline,มีเฉพาะ ssp585
DCCE,DCCE_3_1,ความเสี่ยงสาขาการเกษตรและความมั่นคงทางอาหาร,Forward-looking,Risk and Impact Assessment (DOM_023),COMPOSITE_INDEX,Cross-cutting (ทุกภัย),Agriculture (เกษตร),Historical; Projected,1960-2014; 2015-2040; 2041-2060; 2061-2080; 2081-2100,,,National,Province,CSV,Open,https://ccic.dcce.go.th/riskarea,มีเฉพาะ ssp585 และ ssp245,ดัชนีรวมจาก Hazard × Exposure × Vulnerability รายจังหวัด,Website ฐานข้อมูลความเสี่ยงจากการเปลี่ยนแปลงสภาพภูมิอากาศ,Website,,DCCE,,,,,,,,,,,,,,,,Baseline-Draft,Unverified-Baseline,มีเฉพาะ ssp585 และ ssp245
DCCE,DCCE_3_2,ความเสี่ยงสาขาการจัดการน้ำ,Forward-looking,Risk and Impact Assessment (DOM_023),COMPOSITE_INDEX,Cross-cutting (ทุกภัย),Water (น้ำ),Historical; Projected,1960-2014; 2015-2040; 2041-2060; 2061-2080; 2081-2101,,,National,Province,CSV,Open,https://ccic.dcce.go.th/riskarea,มีเฉพาะ ssp585 และ ssp246,ดัชนีรวมจาก Hazard × Exposure × Vulnerability รายจังหวัด,Website ฐานข้อมูลความเสี่ยงจากการเปลี่ยนแปลงสภาพภูมิอากาศ,Website,,DCCE,,,,,,,,,,,,,,,,Baseline-Draft,Unverified-Baseline,มีเฉพาะ ssp585 และ ssp246
DCCE,DCCE_3_3,ความเสี่ยงสาขาการตั้งถิ่นฐานและความมั่นคงมนุษย์,Forward-looking,Risk and Impact Assessment (DOM_023),COMPOSITE_INDEX,Cross-cutting (ทุกภัย),Human Settlement (ตั้งถิ่นฐาน),Historical; Projected,1960-2014; 2015-2040; 2041-2060; 2061-2080; 2081-2102,Index (0-1),Annual,National,Province,CSV,Open,https://ccic.dcce.go.th/riskarea,มีเฉพาะ ssp585 และ ssp247,ดัชนีรวมจาก Hazard × Exposure × Vulnerability รายจังหวัด,Website ฐานข้อมูลความเสี่ยงจากการเปลี่ยนแปลงสภาพภูมิอากาศ,Website,,DCCE,,,,,,,,,,,,,,,,Baseline-Draft,Unverified-Baseline,มีเฉพาะ ssp585 และ ssp247
DCCE,DCCE_3_4,ความเสี่ยงสาขาการท่องเที่ยว,Forward-looking,Risk and Impact Assessment (DOM_023),COMPOSITE_INDEX,Cross-cutting (ทุกภัย),Tourism (ท่องเที่ยว),Historical; Projected,1960-2014; 2015-2040; 2041-2060; 2061-2080; 2081-2103,Index (0-1),Annual,National,Province,CSV,Open,https://ccic.dcce.go.th/riskarea,มีเฉพาะ ssp585 และ ssp248,ดัชนีรวมจาก Hazard × Exposure × Vulnerability รายจังหวัด,Website ฐานข้อมูลความเสี่ยงจากการเปลี่ยนแปลงสภาพภูมิอากาศ,Website,,DCCE,,,,,,,,,,,,,,,,Baseline-Draft,Unverified-Baseline,มีเฉพาะ ssp585 และ ssp248
DCCE,DCCE_3_5,ความเสี่ยงสาขาทรัพยากรธรรมชาติและสิ่งแวดล้อม,Forward-looking,Risk and Impact Assessment (DOM_023),COMPOSITE_INDEX,Cross-cutting (ทุกภัย),Natural Resources (ทรัพยากรธรรมชาติ),Historical; Projected,1960-2014; 2015-2040; 2041-2060; 2061-2080; 2081-2104,Index (0-1),Annual,National,Province,CSV,Open,https://ccic.dcce.go.th/riskarea,มีเฉพาะ ssp585 และ ssp249,ดัชนีรวมจาก Hazard × Exposure × Vulnerability รายจังหวัด,Website ฐานข้อมูลความเสี่ยงจากการเปลี่ยนแปลงสภาพภูมิอากาศ,Website,,DCCE,,,,,,,,,,,,,,,,Baseline-Draft,Unverified-Baseline,มีเฉพาะ ssp585 และ ssp249
DCCE,DCCE_3_6,ความเสี่ยงสาขาสาธารณสุข,Forward-looking,Risk and Impact Assessment (DOM_023),COMPOSITE_INDEX,Cross-cutting (ทุกภัย),Public Health (สาธารณสุข),Historical; Projected,1960-2014; 2015-2040; 2041-2060; 2061-2080; 2081-2105,Index (0-1),Annual,National,Province,CSV,Open,https://ccic.dcce.go.th/riskarea,มีเฉพาะ ssp585 และ ssp250,ดัชนีรวมจาก Hazard × Exposure × Vulnerability รายจังหวัด,Website ฐานข้อมูลความเสี่ยงจากการเปลี่ยนแปลงสภาพภูมิอากาศ,Website,,DCCE,,,,,,,,,,,,,,,,Baseline-Draft,Unverified-Baseline,มีเฉพาะ ssp585 และ ssp250
DCCE,DCCE_3_7,ดัชนีภูมิอากาศ,Forward-looking,Physical Climate (DOM_010),CLIMATE_DRIVER,Cross-cutting (ทุกภัย),Cross-cutting (หลายสาขา),Historical; Projected,1960-2014; 2015-2040; 2041-2060; 2061-2080; 2081-2106,Index,Annual,National,Province,CSV,Open,https://ccic.dcce.go.th/riskarea,มีเฉพาะ ssp585 และ ssp251,"ดัชนีรวมปัจจัยภูมิอากาศ (T, P) สำหรับ screening รายพื้นที่",Website ฐานข้อมูลความเสี่ยงจากการเปลี่ยนแปลงสภาพภูมิอากาศ,Website,,DCCE,,,,,,,,,,,,,,,,Baseline-Draft,Unverified-Baseline,มีเฉพาะ ssp585 และ ssp251
GISTDA,GISTDA_1_1,ข้อมูลขอบเขตพื้นที่เผาไหม้ (ล่าสุด) ในช่วง 365 วัน v1.2,Forward-looking,Risk and Impact Assessment (DOM_021),SATELLITE_OBSERVATION,Wildfire (ไฟป่า),,Natural Resources (ทรัพยากรธรรมชาติ),2025-2026,ตร.กม.,Annual,National,-,API / Web Service,Open,https://api-gateway.gistda.or.th/gi-service/v1.2/disasters/burnt-area-latest-365,-,"API endpoint: /gi-service/v1.2/disasters/burnt-area-latest-365 | tags: gi-services, disasters, burnt area, opendata, Fire | อัปเดตล่าสุด: 30 เม.ย. 2569 | -",Website Gistda Gateway,Website,Historical,GISTDA,,,,,,,,,,,,,,,,Baseline-Draft,Unverified-Baseline,-
GISTDA,GISTDA_1_10,ข้อมูลพื้นที่ปลูกข้าวรายสองสัปดาห์ (40 เมตร) v2.2,Forward-looking,Risk and Impact Assessment (DOM_022),EXPOSED_ASSET,Cross-cutting (ทุกภัย),,Agriculture (เกษตร),2025,ตร.กม.,Bi-weekly,National,40 m (Grid),API / Web Service,Open,https://api-gateway.gistda.or.th/gi-service/v2.2/agriculture/rice-weekly-40m,-,"API endpoint: /gi-service/v2.2/agriculture/rice-weekly-40m | tags: gi-services, opendata, agriculture, rice, weekly, 40m | ข้าว รายสองสัปดาห์ | อัปเดตลล่าสุด: 11 พ.ย. 2568 | -",Website Gistda Gateway,Website,Historical,GISTDA,,,,,,,,,,,,,,,,Baseline-Draft,Unverified-Baseline,-
GISTDA,GISTDA_1_2,ข้อมูลขอบเขตพื้นที่เผาไหม้ (ล่าสุด) v1.2,Forward-looking,Risk and Impact Assessment (DOM_021),SATELLITE_OBSERVATION,Wildfire (ไฟป่า),,Natural Resources (ทรัพยากรธรรมชาติ),2025,ตร.กม.,Event-based,National,-,API / Web Service,Open,https://api-gateway.gistda.or.th/gi-service/v1.2/disasters/burnt-area-latest,-,"API endpoint: /gi-service/v1.2/disasters/burnt-area-latest | tags: gi-services, disasters, burnt area, opendata, Fire | อัปเดตล่าสุด: 24 ต.ค. 2568 | -",Website Gistda Gateway,Website,Historical,GISTDA,,,,,,,,,,,,,,,,Baseline-Draft,Unverified-Baseline,-
GISTDA,GISTDA_1_3,ข้อมูลพื้นที่เหมาะสมในการเพาะปลูกพืชเศรษฐกิจ 6 ชนิดตามบริเวณที่ค้นหา v1.1,Forward-looking,Risk and Impact Assessment (DOM_022),EXPOSED_ASSET,Cross-cutting (ทุกภัย),,Agriculture (เกษตร),2025,ตร.กม.,Annual,Sub-national,-,API / Web Service,Open,https://api-gateway.gistda.or.th/gi-service/v1.1/agriculture/crop-suitability,-,"API endpoint: /gi-service/v1.1/agriculture/crop-suitability | tags: gi-services, opendata, agriculture, crop, suitability | พืชเศรษฐกิจ 6 ชนิด | อัปเดตล่าสุด: 11 พ.ย. 2568 | -",Website Gistda Gateway,Website,Historical,GISTDA,,,,,,,,,,,,,,,,Baseline-Draft,Unverified-Baseline,-
GISTDA,GISTDA_1_4,ข้อมูลพื้นที่ปลูกพืชเศรษฐกิจ 6 ชนิดตามบริเวณที่ค้นหา v2.2,Forward-looking,Risk and Impact Assessment (DOM_022),EXPOSED_ASSET,Cross-cutting (ทุกภัย),,Agriculture (เกษตร),2025,ตร.กม.,Annual,Sub-national,40 m (Grid),API / Web Service,Open,https://api-gateway.gistda.or.th/gi-service/v2.2/agriculture/check-crop,-,"API endpoint: /gi-service/v2.2/agriculture/check-crop | tags: gi-services, opendata, agriculture, crop, 40m | ตรวจสอบพืชเศรษฐกิจ 6 ชนิด | อัปเดตล่าสุด: 11 พ.ย. 2568 | -",Website Gistda Gateway,Website,Historical,GISTDA,,,,,,,,,,,,,,,,Baseline-Draft,Unverified-Baseline,-
GISTDA,GISTDA_1_5,ข้อมูลพื้นที่ปลูกปาล์มน้ำมันรายปี (40 เมตร) v2.2,Forward-looking,Risk and Impact Assessment (DOM_022),EXPOSED_ASSET,Cross-cutting (ทุกภัย),,Agriculture (เกษตร),2025,ตร.กม.,Annual,National,40 m (Grid),API / Web Service,Open,https://api-gateway.gistda.or.th/gi-service/v2.2/agriculture/palm-yearly-40m,-,"API endpoint: /gi-service/v2.2/agriculture/palm-yearly-40m | tags: gi-services, opendata, agriculture, palm, 40m | รายปี | อัปเดตล่าสุด: 11 พ.ย. 2568 | -",Website Gistda Gateway,Website,Historical,GISTDA,,,,,,,,,,,,,,,,Baseline-Draft,Unverified-Baseline,-
GISTDA,GISTDA_1_6,ข้อมูลพื้นที่ปลูกยางพารารายปี (40 เมตร) v2.2,Forward-looking,Risk and Impact Assessment (DOM_022),EXPOSED_ASSET,Cross-cutting (ทุกภัย),,Agriculture (เกษตร),2025,ตร.กม.,Annual,National,40 m (Grid),API / Web Service,Open,https://api-gateway.gistda.or.th/gi-service/v2.2/agriculture/rubber-yearly-40m,-,"API endpoint: /gi-service/v2.2/agriculture/rubber-yearly-40m | tags: gi-services, opendata, agriculture, rubber, 40m | ยางพารา รายปี | อัปเดตล่าสุด: 11 พ.ย. 2568 | -",Website Gistda Gateway,Website,Historical,GISTDA,,,,,,,,,,,,,,,,Baseline-Draft,Unverified-Baseline,-
GISTDA,GISTDA_1_7,ข้อมูลพื้นที่ปลูกอ้อยรายสองสัปดาห์ (40 เมตร) v2.2,Forward-looking,Risk and Impact Assessment (DOM_022),EXPOSED_ASSET,Cross-cutting (ทุกภัย),,Agriculture (เกษตร),2025,ตร.กม.,Bi-weekly,National,40 m (Grid),API / Web Service,Open,https://api-gateway.gistda.or.th/gi-service/v2.2/agriculture/sugarcane-weekly-40m,-,"API endpoint: /gi-service/v2.2/agriculture/sugarcane-weekly-40m | tags: gi-services, opendata, agriculture, sugarcane, weekly, 40m | อ้อย รายสองสัปดาห์ | อัปเดตล่าสุด: 11 พ.ย. 2568 | -",Website Gistda Gateway,Website,Historical,GISTDA,,,,,,,,,,,,,,,,Baseline-Draft,Unverified-Baseline,-
GISTDA,GISTDA_1_8,ข้อมูลพื้นที่ปลูกมันสำปะหลังรายสองสัปดาห์ (40 เมตร) v2.2,Forward-looking,Risk and Impact Assessment (DOM_022),EXPOSED_ASSET,Cross-cutting (ทุกภัย),,Agriculture (เกษตร),2025,ตร.กม.,Bi-weekly,National,40 m (Grid),API / Web Service,Open,https://api-gateway.gistda.or.th/gi-service/v2.2/agriculture/cassava-weekly-40m,-,"API endpoint: /gi-service/v2.2/agriculture/cassava-weekly-40m | tags: gi-services, opendata, agriculture, cassava, weekly, 40m | มันสำปะหลัง รายสองสัปดาห์ | อัปเดตล่าสุด: 11 พ.ย. 2568 | -",Website Gistda Gateway,Website,Historical,GISTDA,,,,,,,,,,,,,,,,Baseline-Draft,Unverified-Baseline,-
GISTDA,GISTDA_1_9,ข้อมูลพื้นที่ปลูกข้าวโพดรายสองสัปดาห์ (40 เมตร) v2.2,Forward-looking,Risk and Impact Assessment (DOM_022),EXPOSED_ASSET,Cross-cutting (ทุกภัย),,Agriculture (เกษตร),2025,ตร.กม.,Bi-weekly,National,40 m (Grid),API / Web Service,Open,https://api-gateway.gistda.or.th/gi-service/v2.2/agriculture/maize-weekly-40m,-,"API endpoint: /gi-service/v2.2/agriculture/maize-weekly-40m | tags: gi-services, opendata, agriculture, maize, weekly, 40m | ข้าวโพด รายสองสัปดาห์ | อัปเดตล่าสุด: 11 พ.ย. 2568 | -",Website Gistda Gateway,Website,Historical,GISTDA,,,,,,,,,,,,,,,,Baseline-Draft,Unverified-Baseline,-
GISTDA,GISTDA_2_1,อุณหภูมิผิวหน้าน้ำทะเล (SST),Forward-looking,Physical Climate (DOM_010),CLIMATE_DRIVER,Multi-hazard,,Cross-cutting (หลายสาขา),Up to 2026,°C,Daily,National,0.85 km (Grid),NetCDF,Open,https://portal.marineportal.gistda.or.th/catalogue/#/,-,วิเคราะห์ประมวลผลจากภาพถ่ายดาวเทียม Suomi-NPP/NOAA-20 ระบบ VIIRS,Website Marine GI Portal ระบบประเมินและติดตามระบบนิเวศทางทะเลและชายฝั่ง,Website,Historical,GISTDA,,,,,,,,,,,,,,,,Baseline-Draft,Unverified-Baseline,-
GISTDA,GISTDA_2_2,แสงไฟในเวลากลางคืน (Nighttime Light),Forward-looking,Risk and Impact Assessment (DOM_022),EXPOSED_ASSET,Cross-cutting (ทุกภัย),,Human Settlement (ตั้งถิ่นฐาน),2016-2025,nW/cm²/sr,Annual,National,-,Shapefile,Open,https://portal.marineportal.gistda.or.th/catalogue/#/,,"ข้อมูลความเข้มแสงไฟกลางคืนจากภาพถ่ายดาวเทียม ใช้เป็น proxy ของกิจกรรมเศรษฐกิจ | จากรายการขอข้อมูล WebGIS DCCE 19/01/2026 (1_Data_WebGIS_DCCE_20260119.xlsx → sheet: GISTDA, ลำดับที่ 4)",Website Marine GI Portal ระบบประเมินและติดตามระบบนิเวศทางทะเลและชายฝั่ง,Website,Historical,GISTDA,,,,,,,,,,,,,,,,Baseline-Draft,Unverified-Baseline,Pending-Technical-Audit
GISTDA,GISTDA_3_1,ขอบเขตน้ำท่วมจากภาพถ่ายดาวเทียม,Forward-looking,Risk and Impact Assessment (DOM_021),SATELLITE_OBSERVATION,Flood (อุทกภัย),,Cross-cutting (หลายสาขา),2022-2025,ตร.กม.,Event-based,National,Sub-district,Shapefile,Open,https://disaster.gistda.or.th/services/download,การเข้าถึงมีหลายขั้นตอน,ข้อมูลขอบเขตพื้นที่ที่เกิดน้ำท่วมจากเหตุการณ์จริงหรือจากการประกาศอย่างเป็นทางการ,Website Disaster Platform ระบบสนับสนุนการตัดสินใจเพื่อบริหารจัดการภัยพิบัติ,Website,Historical,GISTDA,,,,,,,,,,,,,,,,Baseline-Draft,Unverified-Baseline,การเข้าถึงมีหลายขั้นตอน
GISTDA,GISTDA_3_2,ข้อมูลจุดความร้อน,Forward-looking,Risk and Impact Assessment (DOM_021),SATELLITE_OBSERVATION,Flood (อุทกภัย),,Cross-cutting (หลายสาขา),2022-2026,จุด,Event-based,National,Sub-district,Shapefile,Open,https://disaster.gistda.or.th/services/download,การเข้าถึงมีหลายขั้นตอน,,Website Disaster Platform ระบบสนับสนุนการตัดสินใจเพื่อบริหารจัดการภัยพิบัติ,Website,Historical,GISTDA,,,,,,,,,,,,,,,,Baseline-Draft,Unverified-Baseline,การเข้าถึงมีหลายขั้นตอน
GISTDA,GISTDA_3_3,ความชื้นในดิน (Soil Moisture Active Passive : SMAP),Forward-looking,Risk and Impact Assessment (DOM_021),SATELLITE_OBSERVATION,Drought (ภัยแล้ง),,Cross-cutting (หลายสาขา),2023-2026,-,Weekly,National,Tambon,Image; CSV,Open,https://disaster.gistda.or.th/services/download,การเข้าถึงมีหลายขั้นตอน,,Website Disaster Platform ระบบสนับสนุนการตัดสินใจเพื่อบริหารจัดการภัยพิบัติ,Website,Historical,GISTDA,,,,,,,,,,,,,,,,Baseline-Draft,Unverified-Baseline,การเข้าถึงมีหลายขั้นตอน
GISTDA,GISTDA_4_1,ภาพถ่ายดาวเทียม,Forward-looking,Risk and Impact Assessment (DOM_021),SATELLITE_OBSERVATION,Multi-hazard,,Cross-cutting (หลายสาขา),2017-2025,-,Daily; Monthly,National,2 m (Grid),NetCDF,Open,https://datacube.gistda.or.th/,-,-,Website GISTDA DATA CUBE,Website,Historical,GISTDA,,,,,,,,,,,,,,,,Baseline-Draft,Unverified-Baseline,-
GISTDA,GISTDA_5_1,พื้นที่น้ำท่วมซ้ำซาก,Forward-looking,Risk and Impact Assessment (DOM_021),HAZARD_MAP,Flood (อุทกภัย),,Agriculture — เกษตร; Human Settlement — ตั้งถิ่นฐาน; Tourism — ท่องเที่ยว; Water — น้ำ,1960-2014; 2015-2040; 2041-2060; 2061-2080; 2081-2100,ตร.กม.,Annual,National,Province,CSV,Restricted,-,-,,Report รายงานฉบับสมบูรณ์โครงการปรับปรุงระบบฐานข้อมูลความเสี่ยงเชิงพื้นที่จากการเปลี่ยนแปลงสภาพภูมิอากาศ,Report,Historical; Projected,GISTDA,,,,,,,,,,,,,,,,Baseline-Draft,Unverified-Baseline,-
TMD,TMD_1_1,ปริมาณฝนสะสม 1 ชั่วโมง (P1H),Forward-looking,Physical Climate (DOM_010),CLIMATE_DRIVER,น้ำท่วม (Flood),Cross-cutting (หลายสาขา),Forecast,3 days,mm,Hourly,National,3 km (Grid),PNG / Image,Open,https://hpc.tmd.go.th/imgda,เผยแพร่เป็นภาพเท่านั้น,"WRF model output, Domain 2",Website ส่วนพยากรณ์อากาศเชิงตัวเลข กองพยากรณ์อากาศ,Website,,TMD,,,,,,,,,,,,,,,,Baseline-Draft,Unverified-Baseline,เผยแพร่เป็นภาพเท่านั้น
TMD,TMD_1_2,ปริมาณฝนสะสม 24 ชั่วโมง (P24H),Forward-looking,Physical Climate (DOM_010),CLIMATE_DRIVER,Flood (น้ำท่วม); Landslide (ดินถล่ม),Cross-cutting (หลายสาขา),Forecast,3 days,mm,Daily,National,3 km (Grid),PNG / Image,Open,https://hpc.tmd.go.th/imgda,เผยแพร่เป็นภาพเท่านั้น,"WRF model output, Domain 2",Website ส่วนพยากรณ์อากาศเชิงตัวเลข กองพยากรณ์อากาศ,Website,,TMD,,,,,,,,,,,,,,,,Baseline-Draft,Unverified-Baseline,เผยแพร่เป็นภาพเท่านั้น
TMD,TMD_1_3,ความกดอากาศระดับน้ำทะเลปานกลาง (PRMSL),Forward-looking,Physical Climate (DOM_010),CLIMATE_DRIVER,Storm (พายุ),Cross-cutting (หลายสาขา),Forecast,3 days,hPa,Sub-daily,National,3 km (Grid),PNG / Image,Open,https://hpc.tmd.go.th/imgda,เผยแพร่เป็นภาพเท่านั้น,"WRF model output, Domain 2",Website ส่วนพยากรณ์อากาศเชิงตัวเลข กองพยากรณ์อากาศ,Website,,TMD,,,,,,,,,,,,,,,,Baseline-Draft,Unverified-Baseline,เผยแพร่เป็นภาพเท่านั้น
TMD,TMD_1_4,ความชื้นสัมพัทธ์ (RHUM),Forward-looking,Physical Climate (DOM_010),CLIMATE_DRIVER,Drought (ภัยแล้ง); Wildfire (ไฟป่า),Cross-cutting (หลายสาขา),Forecast,3 days,%,Sub-daily,National,3 km (Grid),PNG / Image,Open,https://hpc.tmd.go.th/imgda,เผยแพร่เป็นภาพเท่านั้น,"WRF model output, Domain 2",Website ส่วนพยากรณ์อากาศเชิงตัวเลข กองพยากรณ์อากาศ,Website,,TMD,,,,,,,,,,,,,,,,Baseline-Draft,Unverified-Baseline,เผยแพร่เป็นภาพเท่านั้น
TMD,TMD_1_5,อุณหภูมิผิวพื้น ที่ระดับ 2 เมตร (T2M),Forward-looking,Physical Climate (DOM_010),CLIMATE_DRIVER,Heat (คลื่นความร้อน); Drought (ภัยแล้ง),Cross-cutting (หลายสาขา),Forecast,3 days,°C,Sub-daily,National,3 km (Grid),PNG / Image,Open,https://hpc.tmd.go.th/imgda,เผยแพร่เป็นภาพเท่านั้น,"WRF model output, Domain 2; T at 2m AGL",Website ส่วนพยากรณ์อากาศเชิงตัวเลข กองพยากรณ์อากาศ,Website,,TMD,,,,,,,,,,,,,,,,Baseline-Draft,Unverified-Baseline,เผยแพร่เป็นภาพเท่านั้น
TMD,TMD_1_6,ลมระดับ 10 เมตร (W10M),Forward-looking,Physical Climate (DOM_010),CLIMATE_DRIVER,Storm (พายุ),Cross-cutting (หลายสาขา),Forecast,3 days,m/s,Sub-daily,National,3 km (Grid),PNG / Image,Open,https://hpc.tmd.go.th/imgda,เผยแพร่เป็นภาพเท่านั้น,"WRF model output, Domain 2; wind at 10m AGL",Website ส่วนพยากรณ์อากาศเชิงตัวเลข กองพยากรณ์อากาศ,Website,,TMD,,,,,,,,,,,,,,,,Baseline-Draft,Unverified-Baseline,เผยแพร่เป็นภาพเท่านั้น
TMD,TMD_5_1,ดัชนีความร้อน (Heat index) — WebGIS DCCE,Forward-looking,Physical Climate (DOM_010),CLIMATE_DRIVER,Heat (คลื่นความร้อน),Public Health (สาธารณสุข),Historical,Unknown,°C,Annual,National,-,Shapefile / Vector; CSV; API / Web Service,Restricted,https://data.tmd.go.th/dataset/index.php,อยู่ระหว่างขอข้อมูล - ยังไม่ได้รับ,"ข้อมูลดัชนีความร้อนที่คำนวณจากอุณหภูมิและความชื้นสัมพัทธ์ เพื่อสะท้อนระดับความร้อนที่กระทบต่อสุขภาพ | จากรายการขอข้อมูล WebGIS DCCE 19/01/2026 (1_Data_WebGIS_DCCE_20260119.xlsx → sheet: TMD, ลำดับที่ 1)",Website Open Data of TMD การให้บริการข้อมูลเปิดอุตุนิยมวิทยา,Website,,TMD,,,,,,,,,,,,,,,,Baseline-Draft,Unverified-Baseline,อยู่ระหว่างขอข้อมูล - ยังไม่ได้รับ
TMD,TMD_4_1,เส้นทางพายุ — WebGIS DCCE (พายุหมุนเขตร้อน),Forward-looking,Risk and Impact Assessment (DOM_021),HAZARDOUS_EVENT,Storm (พายุ),DRR (การจัดการภัยพิบัติ),Historical,Unknown,-,Annual,National,-,Shapefile / Vector; CSV; API / Web Service,Restricted,https://www.tmd.go.th/climate/climateStat/TropicalCyclone,อยู่ระหว่างขอข้อมูล - ยังไม่ได้รับ,"ข้อมูลเส้นทางพายุหมุนเขตร้อนที่เคลื่อนผ่านประเทศไทย | จากรายการขอข้อมูล WebGIS DCCE 19/01/2026 (1_Data_WebGIS_DCCE_20260119.xlsx → sheet: TMD, ลำดับที่ 2)",Website สถิติพายุหมุนเขตร้อน,Website,,TMD,,,,,,,,,,,,,,,,Baseline-Draft,Unverified-Baseline,อยู่ระหว่างขอข้อมูล - ยังไม่ได้รับ
TMD,TMD_2_1,ดัชนีความร้อน (Heat index) — คำนวณ,Forward-looking,Risk and Impact Assessment (DOM_021),METEOROLOGICAL_OBSERVATION,Heat (คลื่นความร้อน),Cross-cutting (หลายสาขา),Projected,2014-2019,-,-,National,Province,Image,Open,http://www.rnd.tmd.go.th/heatindexanalysis/,-,Heat index,Website Heat Index Analysis การวิเคราะห์ค่าดัชนีความร้อน,Website,,TMD,,,,,,,,,,,,,,,,Baseline-Draft,Unverified-Baseline,-
TMD,TMD_3_1,เส้นทางพายุ — ข้อมูลเหตุการณ์ภัย,Forward-looking,Risk and Impact Assessment (DOM_021),HAZARDOUS_EVENT,Storm (พายุ),Cross-cutting (หลายสาขา),Historical,-,-,-,ทั้งประเทศ,-,GIS (Shapefile / GeoJSON),-,https://www.tmd.go.th/storms,-,ข้อมูลเหตุการณ์ภัย,Website เส้นทางพายุ,Website,,TMD,,,,,,,,,,,,,,,,Baseline-Draft,Unverified-Baseline,-
TMD,TMD_6_1,TXx - อุณหภูมิสูงสุดของอุณหภูมิสูงสุดรายวัน (Max Tmax),Forward-looking,Physical Climate (DOM_010),CLIMATE_DRIVER,Heat (คลื่นความร้อน),Cross-cutting (หลายสาขา),Historical,-,°C,Annual,National,Unknown,Unknown,Restricted,-,เป็นข้อมูลภายในจากโครงการของ DCCE,ดัชนีอุณหภูมิสุดขั้ว (Intensity): Warmest daily maximum temperature - ใช้ในการประมาณ Heat Intensity Index,Report รายงานฉบับสมบูรณ์โครงการปรับปรุงระบบฐานข้อมูลความเสี่ยงเชิงพื้นที่จากการเปลี่ยนแปลงสภาพภูมิอากาศ,Report,,TMD,,,,,,,,,,,,,,,,Baseline-Draft,Unverified-Baseline,เป็นข้อมูลภายในจากโครงการของ DCCE
TMD,TMD_6_2,TNx - อุณหภูมิสูงสุดของอุณหภูมิต่ำสุดรายวัน (Max Tmin),Forward-looking,Physical Climate (DOM_010),CLIMATE_DRIVER,Heat (คลื่นความร้อน),Cross-cutting (หลายสาขา),Historical,-,°C,Annual,National,Unknown,Unknown,Restricted,-,เป็นข้อมูลภายในจากโครงการของ DCCE,ดัชนีอุณหภูมิสุดขั้ว (Intensity): Warmest daily minimum temperature - ใช้ในการประมาณ Heat Intensity Index,Report รายงานฉบับสมบูรณ์โครงการปรับปรุงระบบฐานข้อมูลความเสี่ยงเชิงพื้นที่จากการเปลี่ยนแปลงสภาพภูมิอากาศ,Report,,TMD,,,,,,,,,,,,,,,,Baseline-Draft,Unverified-Baseline,เป็นข้อมูลภายในจากโครงการของ DCCE
TMD,TMD_6_3,GSL - ความยาวของฤดูกาลเพาะปลูก (Growing Season Length),Forward-looking,Physical Climate (DOM_010),CLIMATE_DRIVER,Heat (คลื่นความร้อน),Agriculture (เกษตร),Historical,-,days,Annual,National,Unknown,Unknown,Restricted,-,เป็นข้อมูลภายในจากโครงการของ DCCE,ดัชนีอุณหภูมิสุดขั้ว (Duration): จำนวนวันต่อปีระหว่างวันแรกที่มี Tmean > 5°C ติดกัน 6 วัน ถึงวันแรกที่มี Tmean < 5°C ติดกัน 6 วัน - ใช้ในการประมาณ Heat Duration Index,Report รายงานฉบับสมบูรณ์โครงการปรับปรุงระบบฐานข้อมูลความเสี่ยงเชิงพื้นที่จากการเปลี่ยนแปลงสภาพภูมิอากาศ,Report,,TMD,,,,,,,,,,,,,,,,Baseline-Draft,Unverified-Baseline,เป็นข้อมูลภายในจากโครงการของ DCCE
TMD,TMD_6_4,WSDI - ดัชนีระยะเวลาคลื่นความร้อน (Warm Spell Duration Indicator),Forward-looking,Physical Climate (DOM_010),CLIMATE_DRIVER,Heat (คลื่นความร้อน),Cross-cutting (หลายสาขา),Historical,-,days,Annual,National,Unknown,Unknown,Restricted,-,เป็นข้อมูลภายในจากโครงการของ DCCE,ดัชนีอุณหภูมิสุดขั้ว (Duration): จำนวนวันต่อปีที่มี Tmax > เปอร์เซ็นไทล์ที่ 90 ติดต่อกันอย่างน้อย 6 วัน - ใช้ในการประมาณ Heat Duration Index,Report รายงานฉบับสมบูรณ์โครงการปรับปรุงระบบฐานข้อมูลความเสี่ยงเชิงพื้นที่จากการเปลี่ยนแปลงสภาพภูมิอากาศ,Report,,TMD,,,,,,,,,,,,,,,,Baseline-Draft,Unverified-Baseline,เป็นข้อมูลภายในจากโครงการของ DCCE
TMD,TMD_6_5,TX90p - วันที่อุณหภูมิอากาศสูงผิดปกติ (Warm Days),Forward-looking,Physical Climate (DOM_010),CLIMATE_DRIVER,Heat (คลื่นความร้อน),Cross-cutting (หลายสาขา),Historical,-,% of days,Annual,National,Unknown,Unknown,Restricted,-,เป็นข้อมูลภายในจากโครงการของ DCCE,ดัชนีอุณหภูมิสุดขั้ว (Frequency): สัดส่วนของวันที่มี Tmax > เปอร์เซ็นไทล์ที่ 90 - ใช้ในการประมาณ Heat Frequency Index,Report รายงานฉบับสมบูรณ์โครงการปรับปรุงระบบฐานข้อมูลความเสี่ยงเชิงพื้นที่จากการเปลี่ยนแปลงสภาพภูมิอากาศ,Report,,TMD,,,,,,,,,,,,,,,,Baseline-Draft,Unverified-Baseline,เป็นข้อมูลภายในจากโครงการของ DCCE
TMD,TMD_6_6,TN90p - คืนที่อุณหภูมิอากาศสูงผิดปกติ (Warm Nights),Forward-looking,Physical Climate (DOM_010),CLIMATE_DRIVER,Heat (คลื่นความร้อน),Cross-cutting (หลายสาขา),Historical,-,% of days,Annual,National,Unknown,Unknown,Restricted,-,เป็นข้อมูลภายในจากโครงการของ DCCE,ดัชนีอุณหภูมิสุดขั้ว (Frequency): สัดส่วนของวันที่มี Tmin > เปอร์เซ็นไทล์ที่ 90 - ใช้ในการประมาณ Heat Frequency Index,Report รายงานฉบับสมบูรณ์โครงการปรับปรุงระบบฐานข้อมูลความเสี่ยงเชิงพื้นที่จากการเปลี่ยนแปลงสภาพภูมิอากาศ,Report,,TMD,,,,,,,,,,,,,,,,Baseline-Draft,Unverified-Baseline,เป็นข้อมูลภายในจากโครงการของ DCCE
TMD,TMD_6_7,"SU35 - วันที่ร้อน (Summer Days, Tmax > 35°C)",Forward-looking,Physical Climate (DOM_010),CLIMATE_DRIVER,Heat (คลื่นความร้อน),Cross-cutting (หลายสาขา),Historical,-,days,Annual,National,Unknown,Unknown,Restricted,-,เป็นข้อมูลภายในจากโครงการของ DCCE,ดัชนีอุณหภูมิสุดขั้ว (Frequency): จำนวนวันต่อปีที่มี Tmax > 35°C - ใช้ในการประมาณ Heat Frequency Index,Report รายงานฉบับสมบูรณ์โครงการปรับปรุงระบบฐานข้อมูลความเสี่ยงเชิงพื้นที่จากการเปลี่ยนแปลงสภาพภูมิอากาศ,Report,,TMD,,,,,,,,,,,,,,,,Baseline-Draft,Unverified-Baseline,เป็นข้อมูลภายในจากโครงการของ DCCE
TMD,TMD_6_8,"TR20 - คืนเขตร้อน (Tropical Nights, Tmin > 20°C)",Forward-looking,Physical Climate (DOM_010),CLIMATE_DRIVER,Heat (คลื่นความร้อน),Cross-cutting (หลายสาขา),Historical,-,days,Annual,National,Unknown,Unknown,Restricted,-,เป็นข้อมูลภายในจากโครงการของ DCCE,ดัชนีอุณหภูมิสุดขั้ว (Frequency): จำนวนวันต่อปีที่มี Tmin > 20°C - ใช้ในการประมาณ Heat Frequency Index,Report รายงานฉบับสมบูรณ์โครงการปรับปรุงระบบฐานข้อมูลความเสี่ยงเชิงพื้นที่จากการเปลี่ยนแปลงสภาพภูมิอากาศ,Report,,TMD,,,,,,,,,,,,,,,,Baseline-Draft,Unverified-Baseline,เป็นข้อมูลภายในจากโครงการของ DCCE
TMD,TMD_6_9,Rx1day - ปริมาณฝนสูงสุดใน 1 วัน (Max 1-day Precipitation),Forward-looking,Physical Climate (DOM_010),CLIMATE_DRIVER,Flood (อุทกภัย),Cross-cutting (หลายสาขา),Historical,-,mm,Annual,National,Unknown,Unknown,Restricted,-,เป็นข้อมูลภายในจากโครงการของ DCCE,ดัชนีฝนสุดขั้ว (Intensity): ปริมาณฝนรวมสูงสุดใน 1 วัน - ใช้ในการประมาณ Flood Intensity Index,Report รายงานฉบับสมบูรณ์โครงการปรับปรุงระบบฐานข้อมูลความเสี่ยงเชิงพื้นที่จากการเปลี่ยนแปลงสภาพภูมิอากาศ,Report,,TMD,,,,,,,,,,,,,,,,Baseline-Draft,Unverified-Baseline,เป็นข้อมูลภายในจากโครงการของ DCCE
TMD,TMD_6_10,Rx5day - ปริมาณฝนสูงสุดใน 5 วัน (Max 5-day Precipitation),Forward-looking,Physical Climate (DOM_010),CLIMATE_DRIVER,Flood (อุทกภัย),Cross-cutting (หลายสาขา),Historical,-,mm,Annual,National,Unknown,Unknown,Restricted,-,เป็นข้อมูลภายในจากโครงการของ DCCE,ดัชนีฝนสุดขั้ว (Intensity): ปริมาณฝนรวมสูงสุดใน 5 วัน - ใช้ในการประมาณ Flood Intensity Index,Report รายงานฉบับสมบูรณ์โครงการปรับปรุงระบบฐานข้อมูลความเสี่ยงเชิงพื้นที่จากการเปลี่ยนแปลงสภาพภูมิอากาศ,Report,,TMD,,,,,,,,,,,,,,,,Baseline-Draft,Unverified-Baseline,เป็นข้อมูลภายในจากโครงการของ DCCE
TMD,TMD_6_11,SDII - ดัชนีความเข้มของฝนรายวัน (Simple Daily Intensity Index),Forward-looking,Physical Climate (DOM_010),CLIMATE_DRIVER,Flood (อุทกภัย),Cross-cutting (หลายสาขา),Historical,-,mm/day,Annual,National,Unknown,Unknown,Restricted,-,เป็นข้อมูลภายในจากโครงการของ DCCE,ดัชนีฝนสุดขั้ว (Intensity): ปริมาณฝนรวมรายปี หารด้วยจำนวนวันฝนตก (ฝน ≥ 1 mm) - ใช้ในการประมาณ Flood Intensity Index,Report รายงานฉบับสมบูรณ์โครงการปรับปรุงระบบฐานข้อมูลความเสี่ยงเชิงพื้นที่จากการเปลี่ยนแปลงสภาพภูมิอากาศ,Report,,TMD,,,,,,,,,,,,,,,,Baseline-Draft,Unverified-Baseline,เป็นข้อมูลภายในจากโครงการของ DCCE
TMD,TMD_6_12,R95p - ปริมาณฝนจากวันฝนหนักมาก (Annual contribution from very wet days),Forward-looking,Physical Climate (DOM_010),CLIMATE_DRIVER,Flood (อุทกภัย),Cross-cutting (หลายสาขา),Historical,-,mm,Annual,National,Unknown,Unknown,Restricted,-,เป็นข้อมูลภายในจากโครงการของ DCCE,ดัชนีฝนสุดขั้ว (Intensity): ผลรวมฝนรายวันที่ > เปอร์เซ็นไทล์ที่ 95 - ใช้ในการประมาณ Flood Intensity Index,Report รายงานฉบับสมบูรณ์โครงการปรับปรุงระบบฐานข้อมูลความเสี่ยงเชิงพื้นที่จากการเปลี่ยนแปลงสภาพภูมิอากาศ,Report,,TMD,,,,,,,,,,,,,,,,Baseline-Draft,Unverified-Baseline,เป็นข้อมูลภายในจากโครงการของ DCCE
TMD,TMD_6_13,R99p - ปริมาณฝนจากวันฝนหนักมากที่สุด (Annual contribution from extremely wet days),Forward-looking,Physical Climate (DOM_010),CLIMATE_DRIVER,Flood (อุทกภัย),Cross-cutting (หลายสาขา),Historical,-,mm,Annual,National,Unknown,Unknown,Restricted,-,เป็นข้อมูลภายในจากโครงการของ DCCE,ดัชนีฝนสุดขั้ว (Intensity): ผลรวมฝนรายวันที่ > เปอร์เซ็นไทล์ที่ 99 - ใช้ในการประมาณ Flood Intensity Index,Report รายงานฉบับสมบูรณ์โครงการปรับปรุงระบบฐานข้อมูลความเสี่ยงเชิงพื้นที่จากการเปลี่ยนแปลงสภาพภูมิอากาศ,Report,,TMD,,,,,,,,,,,,,,,,Baseline-Draft,Unverified-Baseline,เป็นข้อมูลภายในจากโครงการของ DCCE
TMD,TMD_6_14,PRCPTOT - ปริมาณฝนรวมจากวันฝนตก (Annual contribution from wet days),Forward-looking,Physical Climate (DOM_010),CLIMATE_DRIVER,Flood (อุทกภัย),Cross-cutting (หลายสาขา),Historical,-,mm,Annual,National,Unknown,Unknown,Restricted,-,เป็นข้อมูลภายในจากโครงการของ DCCE,ดัชนีฝนสุดขั้ว (Intensity): ปริมาณฝนรวมจากวันที่ฝน ≥ 1 mm - ใช้ในการประมาณ Flood Intensity Index,Report รายงานฉบับสมบูรณ์โครงการปรับปรุงระบบฐานข้อมูลความเสี่ยงเชิงพื้นที่จากการเปลี่ยนแปลงสภาพภูมิอากาศ,Report,,TMD,,,,,,,,,,,,,,,,Baseline-Draft,Unverified-Baseline,เป็นข้อมูลภายในจากโครงการของ DCCE
TMD,TMD_6_15,CWD - จำนวนวันฝนตกติดต่อกันสูงสุด (Consecutive Wet Days),Forward-looking,Physical Climate (DOM_010),CLIMATE_DRIVER,Flood (อุทกภัย),Cross-cutting (หลายสาขา),Historical,-,days,Annual,National,Unknown,Unknown,Restricted,-,เป็นข้อมูลภายในจากโครงการของ DCCE,ดัชนีฝนสุดขั้ว (Duration): จำนวนวันฝนตกติดต่อกันสูงสุดต่อปี (ฝน ≥ 1 mm) - ใช้ในการประมาณ Flood Duration Index,Report รายงานฉบับสมบูรณ์โครงการปรับปรุงระบบฐานข้อมูลความเสี่ยงเชิงพื้นที่จากการเปลี่ยนแปลงสภาพภูมิอากาศ,Report,,TMD,,,,,,,,,,,,,,,,Baseline-Draft,Unverified-Baseline,เป็นข้อมูลภายในจากโครงการของ DCCE
TMD,TMD_6_16,CDD - จำนวนวันแห้งติดต่อกันสูงสุด (Consecutive Dry Days),Forward-looking,Physical Climate (DOM_010),CLIMATE_DRIVER,Drought (ภัยแล้ง),Cross-cutting (หลายสาขา),Historical,-,days,Annual,National,Unknown,Unknown,Restricted,-,เป็นข้อมูลภายในจากโครงการของ DCCE,ดัชนีฝนสุดขั้ว (Duration): จำนวนวันแห้งติดต่อกันสูงสุดต่อปี (ฝน < 1 mm) - ใช้ในการประมาณ Drought Duration Index,Report รายงานฉบับสมบูรณ์โครงการปรับปรุงระบบฐานข้อมูลความเสี่ยงเชิงพื้นที่จากการเปลี่ยนแปลงสภาพภูมิอากาศ,Report,,TMD,,,,,,,,,,,,,,,,Baseline-Draft,Unverified-Baseline,เป็นข้อมูลภายในจากโครงการของ DCCE
TMD,TMD_6_17,"R10mm - วันที่มีฝนตกหนัก (Heavy Precipitation Days, ≥ 10 mm)",Forward-looking,Physical Climate (DOM_010),CLIMATE_DRIVER,Flood (อุทกภัย),Cross-cutting (หลายสาขา),Historical,-,days,Annual,National,Unknown,Unknown,Restricted,-,เป็นข้อมูลภายในจากโครงการของ DCCE,ดัชนีฝนสุดขั้ว (Frequency): จำนวนวันต่อปีที่ฝน ≥ 10 mm - ใช้ในการประมาณ Flood Frequency Index,Report รายงานฉบับสมบูรณ์โครงการปรับปรุงระบบฐานข้อมูลความเสี่ยงเชิงพื้นที่จากการเปลี่ยนแปลงสภาพภูมิอากาศ,Report,,TMD,,,,,,,,,,,,,,,,Baseline-Draft,Unverified-Baseline,เป็นข้อมูลภายในจากโครงการของ DCCE
TMD,TMD_6_18,"R20mm - วันที่มีฝนตกหนักมาก (Very Heavy Precipitation Days, ≥ 20 mm)",Forward-looking,Physical Climate (DOM_010),CLIMATE_DRIVER,Flood (อุทกภัย),Cross-cutting (หลายสาขา),Historical,-,days,Annual,National,Unknown,Unknown,Restricted,-,เป็นข้อมูลภายในจากโครงการของ DCCE,ดัชนีฝนสุดขั้ว (Frequency): จำนวนวันต่อปีที่ฝน ≥ 20 mm - ใช้ในการประมาณ Flood Frequency Index,Report รายงานฉบับสมบูรณ์โครงการปรับปรุงระบบฐานข้อมูลความเสี่ยงเชิงพื้นที่จากการเปลี่ยนแปลงสภาพภูมิอากาศ,Report,,TMD,,,,,,,,,,,,,,,,Baseline-Draft,Unverified-Baseline,เป็นข้อมูลภายในจากโครงการของ DCCE
TMD,TMD_6_19,SPI-1 - ดัชนีฝนมาตรฐาน 1 เดือน (Standardized Precipitation Index-1),Forward-looking,Physical Climate (DOM_010),CLIMATE_DRIVER,Flood (อุทกภัย); Drought (ภัยแล้ง),Cross-cutting (หลายสาขา),Historical,-,-,Monthly,National,Unknown,Unknown,Restricted,-,เป็นข้อมูลภายในจากโครงการของ DCCE,ดัชนีฝนมาตรฐาน (SPI): สะสม 1 เดือน - SPI-1 > 1.5 ใช้ใน Flood Intensity Index; |SPI-1 < -1.5| ใช้ใน Drought Intensity Index,Report รายงานฉบับสมบูรณ์โครงการปรับปรุงระบบฐานข้อมูลความเสี่ยงเชิงพื้นที่จากการเปลี่ยนแปลงสภาพภูมิอากาศ,Report,,TMD,,,,,,,,,,,,,,,,Baseline-Draft,Unverified-Baseline,เป็นข้อมูลภายในจากโครงการของ DCCE
TMD,TMD_6_20,CSPI-1 - จำนวนเดือนติดต่อกันของ SPI-1 สุดขั้ว (Consecutive SPI-1),Forward-looking,Physical Climate (DOM_010),CLIMATE_DRIVER,Flood (อุทกภัย); Drought (ภัยแล้ง),Cross-cutting (หลายสาขา),Historical,-,months,Annual,National,Unknown,Unknown,Restricted,-,เป็นข้อมูลภายในจากโครงการของ DCCE,ดัชนีฝนมาตรฐาน (SPI): จำนวนเดือนติดต่อกันสูงสุดต่อปีที่ SPI-1 ≥ 1.5 หรือ ≤ -1.5 - ใช้ใน Flood/Drought Duration Index,Report รายงานฉบับสมบูรณ์โครงการปรับปรุงระบบฐานข้อมูลความเสี่ยงเชิงพื้นที่จากการเปลี่ยนแปลงสภาพภูมิอากาศ,Report,,TMD,,,,,,,,,,,,,,,,Baseline-Draft,Unverified-Baseline,เป็นข้อมูลภายในจากโครงการของ DCCE
TMD,TMD_6_21,FSPI-1 - ความถี่ของ SPI-1 (Frequency SPI-1),Forward-looking,Physical Climate (DOM_010),CLIMATE_DRIVER,Flood (อุทกภัย); Drought (ภัยแล้ง),Cross-cutting (หลาาขา),Historical,-,months,Annual,National,Unknown,Unknown,Restricted,-,เป็นข้อมูลภายในจากโครงการของ DCCE,ดัชนีฝนมาตรฐาน (SPI): จำนวนเดือนในรอบปีที่ SPI-1 ≥ 1.5 หรือ ≤ -1.5 - ใช้ใน Flood/Drought Frequency Index,Report รายงานฉบับสมบูรณ์โครงการปรับปรุงระบบฐานข้อมูลความเสี่ยงเชิงพื้นที่จากการเปลี่ยนแปลงสภาพภูมิอากาศ,Report,,TMD,,,,,,,,,,,,,,,,Baseline-Draft,Unverified-Baseline,เป็นข้อมูลภายในจากโครงการของ DCCE
TMD,TMD_6_22,HI_Heat - ดัชนีภัยอันตรายจากความร้อน (Heat Hazard Index),Forward-looking,Risk and Impact Assessment (DOM_023),COMPOSITE_INDEX,Heat (คลื่นความร้อน),Cross-cutting (หลายสาขา),Historical,-,-,Annual,National,Unknown,Unknown,Restricted,-,เป็นข้อมูลภายในจากโครงการของ DCCE,"ดัชนีรวม (Composite): HI_Heat = (Heat Intensity Index + Heat Duration Index + Heat Frequency Index) / 3 โดย Heat Intensity = (TXx + TNx + DTR)/3, Heat Duration = (GSL + WSDI)/2, Heat Frequency = (TX90p + TN90p + SU35 + TR20)/4 - ใช้ normalize ข้อมูลแบบ max-min ก่อนรวม",Report รายงานฉบับสมบูรณ์โครงการปรับปรุงระบบฐานข้อมูลความเสี่ยงเชิงพื้นที่จากการเปลี่ยนแปลงสภาพภูมิอากาศ,Report,,TMD,,,,,,,,,,,,,,,,Baseline-Draft,Unverified-Baseline,เป็นข้อมูลภายในจากโครงการของ DCCE
TMD,TMD_6_23,HI_Flood - ดัชนีภัยอันตรายจากน้ำท่วม (Flood Hazard Index),Forward-looking,Risk and Impact Assessment (DOM_023),COMPOSITE_INDEX,Flood (อุทกภัย),Cross-cutting (หลายสาขา),Historical,-,-,Annual,National,Unknown,Unknown,Restricted,-,เป็นข้อมูลภายในจากโครงการของ DCCE,"ดัชนีรวม (Composite): HI_Flood = (Flood Intensity Index + Flood Duration Index + Flood Frequency Index)/3 โดย Flood Intensity = [Rx1day + Rx5day + SDII + R95p + R99p + PRCPTOT + (SPI-1>1.5)]/7, Flood Duration = [CWD + (CSPI-1>1.5)]/2, Flood Frequency = [R10mm + R20mm + (FSPI-1>1.5)]/3 - ใช้ normalize ข้อมูลแบบ max-min ก่อนรวม",Report รายงานฉบับสมบูรณ์โครงการปรับปรุงระบบฐานข้อมูลความเสี่ยงเชิงพื้นที่จากการเปลี่ยนแปลงสภาพภูมิอากาศ,Report,,TMD,,,,,,,,,,,,,,,,Baseline-Draft,Unverified-Baseline,เป็นข้อมูลภายในจากโครงการของ DCCE
TMD,TMD_6_24,HI_Drought - ดัชนีภัยอันตรายจากภัยแล้ง (Drought Hazard Index),Forward-looking,Risk and Impact Assessment (DOM_023),COMPOSITE_INDEX,Drought (ภัยแล้ง),Cross-cutting (หลายสาขา),Historical,-,-,Annual,National,Unknown,Unknown,Restricted,-,เป็นข้อมูลภายในจากโครงการของ DCCE,"ดัชนีรวม (Composite): HI_Drought = (Drought Intensity Index + Drought Duration Index + Drought Frequency Index)/3 โดย Drought Intensity = |SPI-1<-1.5|, Drought Duration = [CDD + (CSPI-1<-1.5)]/2, Drought Frequency = (FSPI-1<-1.5) - ใช้ normalize ข้อมูลแบบ max-min ก่อนรวม",Report รายงานฉบับสมบูรณ์โครงการปรับปรุงระบบฐานข้อมูลความเสี่ยงเชิงพื้นที่จากการเปลี่ยนแปลงสภาพภูมิอากาศ,Report,,TMD,,,,,,,,,,,,,,,,Baseline-Draft,Unverified-Baseline,เป็นข้อมูลภายในจากโครงการของ DCCE
TMD,TMD_6_25,จำนวนสถานีตรวจวัดอากาศหรือสถานีวัดน้ำฝน,Forward-looking,Risk and Impact Assessment (DOM_022),ADAPTIVE_CAPACITY,Drought (ภัยแล้ง); Flood (อุทกภัย),Human Settlement — ตั้งถิ่นฐาน; Tourism — ท่องเที่ยว; Water — น้ำ,Historical; Projected,1960-2014; 2015-2040; 2041-2060; 2061-2080; 2081-2100,-,Annual,National,Province,CSV,Restricted,-,-,อาจมาจาก: กรมอุตุนิยมวิทยา / กรมทรัพยากรน้ำ / สสน. (สถานีตรวจวัดอากาศ/วัดน้ำฝน),Report รายงานฉบับสมบูรณ์โครงการปรับปรุงระบบฐานข้อมูลความเสี่ยงเชิงพื้นที่จากการเปลี่ยนแปลงสภาพภูมิอากาศ,Report,,TMD,,,,,,,,,,,,,,,,Baseline-Draft,Unverified-Baseline,-
TMD,TMD_6_26,ค่าการระเหยน้ำของพืช,Forward-looking,Risk and Impact Assessment (DOM_022),SENSITIVITY,Drought (ภัยแล้ง); Heat (คลื่นความร้อน),Agriculture — เกษตร; Water — น้ำ,Historical; Projected,1960-2014; 2015-2040; 2041-2060; 2061-2080; 2081-2100,มม./ปี,Annual,National,Province,CSV,Restricted,-,-,อาจมาจาก: กรมอุตุนิยมวิทยา / กรมชลประทาน (ค่าการระเหย ET),Report รายงานฉบับสมบูรณ์โครงการปรับปรุงระบบฐานข้อมูลความเสี่ยงเชิงพื้นที่จากการเปลี่ยนแปลงสภาพภูมิอากาศ,Report,,TMD,,,,,,,,,,,,,,,,Baseline-Draft,Unverified-Baseline,-
TMD,TMD_6_27,จำนวนสถานีตรวจวัดอากาศอัตโนมัติในพื้นที่ป่าต้นน้ำ,Forward-looking,Risk and Impact Assessment (DOM_022),ADAPTIVE_CAPACITY,Flood (อุทกภัย),Natural Resources — ทรัพยากรธรรมชาติ,Historical; Projected,1960-2014; 2015-2040; 2041-2060; 2061-2080; 2081-2100,-,Annual,National,Province,CSV,Restricted,-,-,อาจมาจาก: กรมอุตุนิยมวิทยา / กรมอุทยานฯ (สถานีตรวจอากาศในป่าต้นน้ำ),Report รายงานฉบับสมบูรณ์โครงการปรับปรุงระบบฐานข้อมูลความเสี่ยงเชิงพื้นที่จากการเปลี่ยนแปลงสภาพภูมิอากาศ,Report,,TMD,,,,,,,,,,,,,,,,Baseline-Draft,Unverified-Baseline,-
DMCR,DMCR_1_1,พื้นที่กัดเซาะชายฝั่ง (WebGIS DCCE),Forward-looking,Risk and Impact Assessment (DOM_021),HAZARD_MAP,Coastal Erosion (กัดเซาะชายฝั่ง),Coastal (ชายฝั่ง),Historical,Up to 2025,กม. / ตร.กม.,Annual,National,-,Shapefile / Vector; CSV; API / Web Service,Restricted,https://tcs.dmcr.go.th/dmcr/v2/router?page=dashboard,-,"ข้อมูลพื้นที่ชายฝั่งที่เกิดการกัดเซาะ การทับถม หรือการเปลี่ยนแปลงแนวชายฝั่ง | จากรายการขอข้อมูล WebGIS DCCE 19/01/2026 (1_Data_WebGIS_DCCE_20260119.xlsx → sheet: DMCR, ลำดับที่ 1)",Website THAILAND COASTAL SPATIAL DATABASE SYSTEM ระบบฐานข้อมูลเชิงพื้นที่การเปลี่ยนแปลงพื้นที่ชายฝั่งทะเลไทย,Website,,DMCR,,,,,,,,,,,,,,,,Baseline-Draft,Unverified-Baseline,-
DMCR,DMCR_2_1,ปะการังฟอกขาว,IMPACT (Backward-looking),Risk and Impact Assessment (DOM_024),LOSS_DAMAGE_RECORD,Heat (คลื่นความร้อน); Sea-level Rise (ระดับน้ำทะเลสูงขึ้น),Coastal (ชายฝั่ง); Natural Resources (ทรัพยากรธรรมชาติ),Historical,Up to 2025,ตร.กม. / %,Annual,National,-,Shapefile / Vector; CSV; API / Web Service,Restricted,https://thailandcoralbleaching.dmcr.go.th/th/home#coral-report-scroll,-,"ข้อมูลพื้นที่และระดับการเกิดปะการังฟอกขาว ใช้ติดตามผลกระทบจากอุณหภูมิน้ำทะเลที่สูงขึ้น | จากรายการขอข้อมูล WebGIS DCCE 19/01/2026 (1_Data_WebGIS_DCCE_20260119.xlsx → sheet: DMCR, ลำดับที่ 2)",Website Project to develop a system for assessing coral bleaching โครงการพัฒนาระบบประเมินการเกิดปะการังฟอกขาว,Website,,DMCR,,,,,,,,,,,,,,,,Baseline-Draft,Unverified-Baseline,-
DMCR,DMCR_3_1,แนวปะการัง,Forward-looking,Risk and Impact Assessment (DOM_021),ENVIRONMENT,Cross-cutting (ทุกภัย),Coastal (ชายฝั่ง); Natural Resources (ทรัพยากรธรรมชาติ),Historical,Up to 2025,ตร.กม.,Annual,National,-,Shapefile / Vector; API / Web Service,Restricted,https://marinemap.dmcr.go.th/,-,"ข้อมูลขอบเขตและตำแหน่งของแนวปะการัง ใช้ประกอบการบริหารจัดการทรัพยากรชายฝั่ง | จากรายการขอข้อมูล WebGIS DCCE 19/01/2026 (1_Data_WebGIS_DCCE_20260119.xlsx → sheet: DMCR, ลำดับที่ 3)",Website GEO-INFORMATICS DATA CENTER FOR MARINE AND COASTAL ศูนย์ข้อมูลภูมิสารสนเทศทางทะเลและชายฝั่ง,Website,,DMCR,,,,,,,,,,,,,,,,Baseline-Draft,Unverified-Baseline,-
DMCR,DMCR_3_2,แนวป่าชายเลน,Forward-looking,Risk and Impact Assessment (DOM_021),ENVIRONMENT,Coastal Erosion (กัดเซาะชายฝั่ง); Storm (พายุ),Coastal (ชายฝั่ง); Natural Resources (ทรัพยากรธรรมชาติ),Historical,Up to 2025,ตร.กม. / ไร่,Annual,National,-,Shapefile / Vector; API / Web Service,Restricted,https://marinemap.dmcr.go.th/,-,"ข้อมูลขอบเขตป่าชายเลน ใช้ประกอบการประเมินศักยภาพการดูดซับคาร์บอนและการป้องกันแนวชายฝั่ง | จากรายการขอข้อมูล WebGIS DCCE 19/01/2026 (1_Data_WebGIS_DCCE_20260119.xlsx → sheet: DMCR, ลำดับที่ 4)",Website GEO-INFORMATICS DATA CENTER FOR MARINE AND COASTAL ศูนย์ข้อมูลภูมิสารสนเทศทางทะเลและชายฝั่ง,Website,,DMCR,,,,,,,,,,,,,,,,Baseline-Draft,Unverified-Baseline,-
DMCR,DMCR_4_1,พื้นที่กัดเซาะชายฝั่ง (DMCR ภาคสนาม),Forward-looking,Risk and Impact Assessment (DOM_021),HAZARD_MAP,Coastal Erosion (กัดเซาะชายฝั่ง),Cross-cutting (หลายสาขา),Historical,-,-,-,จังหวัดชายฝั่ง,-,GIS (Shapefile / GeoJSON),-,https://tcs.dmcr.go.th/dmcr/v2/router?page=dashboard,-,ข้อมูลพื้นที่ชายฝั่งที่เกิดการกัดเซาะหรือเปลี่ยนแปลงแนวชายฝั่ง,Website THAILAND COASTAL SPATIAL DATABASE SYSTEM ระบบฐานข้อมูลเชิงพื้นที่การเปลี่ยนแปลงพื้นที่ชายฝั่งทะเลไทย,Website,,DMCR,,,,,,,,,,,,,,,,Baseline-Draft,Unverified-Baseline,-
DMCR,DMCR_5_1,พื้นที่แหล่งปะการังในจังหวัด,Forward-looking,Risk and Impact Assessment (DOM_022),SENSITIVITY,Heat (คลื่นความร้อน),Tourism — ท่องเที่ยว,Historical; Projected,1960-2014; 2015-2040; 2041-2060; 2061-2080; 2081-2100,-,Annual,National,Province,CSV,Restricted,-,-,อาจมาจาก: กรมทรัพยากรทางทะเลและชายฝั่ง (ทช.) - พื้นที่แนวปะการัง,Report รายงานฉบับสมบูรณ์โครงการปรับปรุงระบบฐานข้อมูลความเสี่ยงเชิงพื้นที่จากการเปลี่ยนแปลงสภาพภูมิอากาศ,Report,,DMCR,,,,,,,,,,,,,,,,Baseline-Draft,Unverified-Baseline,-
DMR,DMR_1_1,พื้นที่ได้รับผลกระทบจากแผ่นดินถล่มและน้ำป่าไหลหลาก,Forward-looking,Risk and Impact Assessment (DOM_021),HAZARD_MAP,Landslide (ดินถล่ม),Cross-cutting (หลายสาขา),Historical,2024,-,-,ทั้งประเทศ,-,Shapefile; CSV,-,https://gdcatalog.go.th/dataset/gdpublish-debris_flood,-,"พื้นที่ที่ได้รับผลกระทบจริงจากดินถล่ม น้ำป่าไหลหลาก และน้ำท่วมฉับพลัน | ข้อมูลพื้นที่ที่ได้รับผลกระทบจริงจากเหตุแผ่นดินถล่ม น้ำป่าไหลหลาก และน้ำท่วมฉับพลัน | จากรายการขอข้อมูล WebGIS DCCE 19/01/2026 (1_Data_WebGIS_DCCE_20260119.xlsx → sheet: DMR, ลำดับที่ 1)",Website GD Catalog พื้นที่ได้รับผลกระทบจากแผ่นดินถล่มและน้ำป่าไหลหลาก,Website,,DMR,,,,,,,,,,,,,,,,Baseline-Draft,Unverified-Baseline,-
DMR,DMR_2_1,พื้นที่เสี่ยงภัยดินถล่ม น้ำป่าไหลหลาก และน้ำท่วมฉับพลัน,Forward-looking,Risk and Impact Assessment (DOM_021),HAZARD_MAP,Flood (อุทกภัย),Human Settlement — ตั้งถิ่นฐาน; Natural Resources — ทรัพยากรธรรมชาติ; Water — น้ำ,Historical; Projected,1960-2014; 2015-2040; 2041-2060; 2061-2080; 2081-2100,ตร.กม.,Annual,National,Province,CSV,Restricted,-,-,อาจมาจาก: กรมทรัพยากรธรณี / ปภ. (พื้นที่เสี่ยงดินถล่มและน้ำป่าไหลหลาก),Report รายงานฉบับสมบูรณ์โครงการปรับปรุงระบบฐานข้อมูลความเสี่ยงเชิงพื้นที่จากการเปลี่ยนแปลงสภาพภูมิอากาศ,Report,,DMR,,,,,,,,,,,,,,,,Baseline-Draft,Unverified-Baseline,-
DMR,DMR_2_2,พื้นที่มีโอกาสเกิดดินถล่ม,Forward-looking,Risk and Impact Assessment (DOM_021),HAZARD_MAP,Flood (อุทกภัย),Water — น้ำ,Historical; Projected,1960-2014; 2015-2040; 2041-2060; 2061-2080; 2081-2100,ตร.กม.,Annual,National,Province,CSV,Restricted,-,-,อาจมาจาก: กรมทรัพยากรธรณี / ปภ. (พื้นที่เสี่ยงดินถล่ม),Report รายงานฉบับสมบูรณ์โครงการปรับปรุงระบบฐานข้อมูลความเสี่ยงเชิงพื้นที่จากการเปลี่ยนแปลงสภาพภูมิอากาศ,Report,,DMR,,,,,,,,,,,,,,,,Baseline-Draft,Unverified-Baseline,-
DDPM,DDPM_1_1,แผนที่ความเสี่ยงอุทกภัย,Forward-looking,Risk and Impact Assessment (DOM_021),HAZARD_MAP,Flood (อุทกภัย),DRR (การจัดการภัยพิบัติ),Historical,2016-2025,-,Annual,National,-,Shapefile / Vector; CSV; API / Web Service,Restricted,-,-,"ข้อมูลแผนที่แสดงระดับความเสี่ยงอุทกภัยในพื้นที่ | จากรายการขอข้อมูล WebGIS DCCE 19/01/2026 (1_Data_WebGIS_DCCE_20260119.xlsx → sheet: DDPM, ลำดับที่ 1)",,,,DDPM,,,,,,,,,,,,,,,,Baseline-Draft,Unverified-Baseline,-
DDPM,DDPM_2_1,ข้อมูลเหตุการณ์ภัยพิบัติย้อนหลัง 10 ปี (10-year historical disaster occurrence data),IMPACT (Backward-looking),Risk and Impact Assessment (DOM_024),DISASTER_RECORD,Cross-cutting (ทุกภัย),Cross-cutting (หลายสาขา),Historical,Unknown,จำนวนเหตุการณ์; ความเสียหาย,Event-based,Mooban,Mooban,Database,Restricted,-,ข้อมูล one-way จาก อปท. → จังหวัด; ส่วนกลางไม่ ground-truth ได้; ขาด taxonomy ตาม UNDRR,เริ่ม rollout เครื่องมือ GIS reporting,ข้อมูลจากการสัมภาษณ์,Interview,,DDPM,,,,,,,,,,,,,,,,Baseline-Draft,Unverified-Baseline,ข้อมูล one-way จาก อปท. → จังหวัด; ส่วนกลางไม่ ground-truth ได้; ขาด taxonomy ตาม UNDRR
DDPM,DDPM_2_2,ข้อมูลผลการประเมินความเสี่ยงด้านสภาพภูมิอากาศภาคเหนือ 17 จังหวัด (Northern Region Climate Risk Assessment),Forward-looking,Risk and Impact Assessment (DOM_023),COMPOSITE_INDEX,Flood (อุทกภัย); Landslide (ดินถล่ม),Cross-cutting (หลายสาขา),Projected,Unknown,-,Annual,Sub-national,Sub-district,PDF Report; Shapefile,Restricted,-,อยู่ระหว่างจัดซื้อจัดจ้าง คาดเสร็จกันยายน 2569,ใช้วิธี index-based 10-20 ตัวชี้วัด,ข้อมูลจากการสัมภาษณ์,Interview,,DDPM,,,,,,,,,,,,,,,,Baseline-Draft,Unverified-Baseline,อยู่ระหว่างจัดซื้อจัดจ้าง คาดเสร็จกันยายน 2569
DDPM,DDPM_2_3,ข้อมูลความเสียหายของทรัพย์สิน (ถนน ปศุสัตว์ วัด ฯลฯ) ตามรายงานของ อปท. (LAO-reported damage counts),IMPACT (Backward-looking),Risk and Impact Assessment (DOM_024),LOSS_DAMAGE_RECORD,Flood (อุทกภัย); Storm (พายุ); Drought (ภัยแล้ง),Agriculture (เกษตร); Human Settlement (ตั้งถิ่นฐาน); Cross-cutting (หลายสาขา),Historical,Unknown,จำนวน; THB,Event-based,Mooban,Mooban,Database,Restricted,-,LAO ใส่ข้อมูลล่าช้าและไม่ตรงประเภท ต้องการเครื่องมือ AI ทำความสะอาด,ผูกกับการเบิกจ่ายเงินเยียวยา,ข้อมูลจากการสัมภาษณ์,Interview,,DDPM,,,,,,,,,,,,,,,,Baseline-Draft,Unverified-Baseline,LAO ใส่ข้อมูลล่าช้าและไม่ตรงประเภท ต้องการเครื่องมือ AI ทำความสะอาด
DDPM,DDPM_3_1,พื้นที่ประสบภัยน้ำแล้งรุนแรง,Forward-looking,Risk and Impact Assessment (DOM_021),HAZARDOUS_EVENT,Drought (ภัยแล้ง); Heat (คลื่นความร้อน),Human Settlement — ตั้งถิ่นฐาน; Water — น้ำ,Historical; Projected,1960-2014; 2015-2040; 2041-2060; 2061-2080; 2081-2100,ตร.กม.,Annual,National,Province,CSV,Restricted,-,-,อาจมาจาก: กรมป้องกันและบรรเทาสาธารณภัย (ปภ.); กรมพัฒนาที่ดิน (พื้นที่ประสบภัยแล้งรุนแรง),Report รายงานฉบับสมบูรณ์โครงการปรับปรุงระบบฐานข้อมูลความเสี่ยงเชิงพื้นที่จากการเปลี่ยนแปลงสภาพภูมิอากาศ,Report,,DDPM,,,,,,,,,,,,,,,,Baseline-Draft,Unverified-Baseline,-
DDPM,DDPM_3_2,มูลค่าความเสียหายจากภัยแล้ง,IMPACT (Backward-looking),Risk and Impact Assessment (DOM_024),LOSS_DAMAGE_RECORD,Drought (ภัยแล้ง),Agriculture — เกษตร; Human Settlement — ตั้งถิ่นฐาน; Tourism — ท่องเที่ยว; Water — น้ำ,Historical; Projected,1960-2014; 2015-2040; 2041-2060; 2061-2080; 2081-2100,บาทต่อปี,Annual,National,Province,CSV,Restricted,-,-,อาจมาจาก: กรมป้องกันและบรรเทาสาธารณภัย (ปภ.) - มูลค่าความเสียหายจากภัยพิบัติ,Report รายงานฉบับสมบูรณ์โครงการปรับปรุงระบบฐานข้อมูลความเสี่ยงเชิงพื้นที่จากการเปลี่ยนแปลงสภาพภูมิอากาศ,Report,,DDPM,,,,,,,,,,,,,,,,Baseline-Draft,Unverified-Baseline,-
DDPM,DDPM_3_3,พื้นที่ประสบภัยน้ำท่วมรุนแรง,Forward-looking,Risk and Impact Assessment (DOM_021),HAZARDOUS_EVENT,Flood (อุทกภัย),Human Settlement — ตั้งถิ่นฐาน; Water — น้ำ,Historical; Projected,1960-2014; 2015-2040; 2041-2060; 2061-2080; 2081-2100,ตร.กม.,Annual,National,Province,CSV,Restricted,-,-,อาจมาจาก: ปภ. / กรมป้องกันและบรรเทาสาธารณภัย (พื้นที่ประสบภัยน้ำท่วมรุนแรง),Report รายงานฉบับสมบูรณ์โครงการปรับปรุงระบบฐานข้อมูลความเสี่ยงเชิงพื้นที่จากการเปลี่ยนแปลงสภาพภูมิอากาศ,Report,,DDPM,,,,,,,,,,,,,,,,Baseline-Draft,Unverified-Baseline,-
DDPM,DDPM_3_4,สัดส่วนหมู่บ้านและชุมชนที่ประสบภัยแล้งรุนแรง,IMPACT (Backward-looking),Risk and Impact Assessment (DOM_024),LOSS_DAMAGE_RECORD,Flood (อุทกภัย),Agriculture — เกษตร; Human Settlement — ตั้งถิ่นฐาน; Tourism — ท่องเที่ยว; Water — น้ำ,Historical; Projected,1960-2014; 2015-2040; 2041-2060; 2061-2080; 2081-2100,บาทต่อปี,Annual,National,Province,CSV,Restricted,-,-,อาจมาจาก: ปภ. (มูลค่าความเสียหายจากอุทกภัย),Report รายงานฉบับสมบูรณ์โครงการปรับปรุงระบบฐานข้อมูลความเสี่ยงเชิงพื้นที่จากการเปลี่ยนแปลงสภาพภูมิอากาศ,Report,,DDPM,,,,,,,,,,,,,,,,Baseline-Draft,Unverified-Baseline,-
DDPM,DDPM_3_5,ระยะเวลาที่น้ำท่วมขัง ในเขตที่อยู่อาศัย,IMPACT (Backward-looking),Risk and Impact Assessment (DOM_024),LOSS_DAMAGE_RECORD,Flood (อุทกภัย),Human Settlement — ตั้งถิ่นฐาน; Water — น้ำ,Historical; Projected,1960-2014; 2015-2040; 2041-2060; 2061-2080; 2081-2100,ชั่วโมง,Annual,National,Province,CSV,Restricted,-,-,อาจมาจาก: ปภ. / สสน. / กรมโยธาธิการและผังเมือง (ระยะเวลาน้ำท่วมขัง),Report รายงานฉบับสมบูรณ์โครงการปรับปรุงระบบฐานข้อมูลความเสี่ยงเชิงพื้นที่จากการเปลี่ยนแปลงสภาพภูมิอากาศ,Report,,DDPM,,,,,,,,,,,,,,,,Baseline-Draft,Unverified-Baseline,-
DDPM,DDPM_3_6,ระดับความลึกของน้ำท่วม ในเขตที่อยู่อาศัย,IMPACT (Backward-looking),Risk and Impact Assessment (DOM_024),LOSS_DAMAGE_RECORD,Flood (อุทกภัย),Human Settlement — ตั้งถิ่นฐาน; Water — น้ำ,Historical; Projected,1960-2014; 2015-2040; 2041-2060; 2061-2080; 2081-2100,เมตร,Annual,National,Province,CSV,Restricted,-,-,อาจมาจาก: ปภ. / สสน. / กรมโยธาธิการและผังเมือง (ระดับความลึกน้ำท่วม),Report รายงานฉบับสมบูรณ์โครงการปรับปรุงระบบฐานข้อมูลความเสี่ยงเชิงพื้นที่จากการเปลี่ยนแปลงสภาพภูมิอากาศ,Report,,DDPM,,,,,,,,,,,,,,,,Baseline-Draft,Unverified-Baseline,-
DDPM,DDPM_3_7,สัดส่วนหมู่บ้านและชุมชนที่มีอุทกภัย/ดินโคลนถล่ม (รวม — ต่อหมู่บ้านทั้งหมด),IMPACT (Backward-looking),Risk and Impact Assessment (DOM_024),LOSS_DAMAGE_RECORD,Drought (ภัยแล้ง),Water — น้ำ,Historical; Projected,1960-2014; 2015-2040; 2041-2060; 2061-2080; 2081-2100,ร้อยละ,Annual,National,Province,CSV,Restricted,-,-,อาจมาจาก: ปภ. / กรมพัฒนาที่ดิน (สัดส่วนหมู่บ้านที่ประสบภัยแล้ง),Report รายงานฉบับสมบูรณ์โครงการปรับปรุงระบบฐานข้อมูลความเสี่ยงเชิงพื้นที่จากการเปลี่ยนแปลงสภาพภูมิอากาศ,Report,,DDPM,,,,,,,,,,,,,,,,Baseline-Draft,Unverified-Baseline,-
DDPM,DDPM_3_8,สัดส่วนหมู่บ้านและชุมชนที่มีอุทกภัย ดินโคลนถล่มต่อหมู่บ้านทั้งหมด,IMPACT (Backward-looking),Risk and Impact Assessment (DOM_024),LOSS_DAMAGE_RECORD,Flood (อุทกภัย),Water — น้ำ,Historical; Projected,1960-2014; 2015-2040; 2041-2060; 2061-2080; 2081-2100,-,Annual,National,Province,CSV,Restricted,-,-,อาจมาจาก: ปภ. (สัดส่วนหมู่บ้านที่มีอุทกภัย/ดินโคลนถล่ม),Report รายงานฉบับสมบูรณ์โครงการปรับปรุงระบบฐานข้อมูลความเสี่ยงเชิงพื้นที่จากการเปลี่ยนแปลงสภาพภูมิอากาศ,Report,,DDPM,,,,,,,,,,,,,,,,Baseline-Draft,Unverified-Baseline,-
DDPM,DDPM_3_9,สัดส่วนหมู่บ้านที่ไม่มีการเตือนภัยและมาตรการช่วยเหลือต่อหมู่บ้านในพื้นที่น้ำท่วม,Forward-looking,Risk and Impact Assessment (DOM_022),SENSITIVITY,Flood (อุทกภัย),Agriculture — เกษตร; Water — น้ำ,Historical; Projected,1960-2014; 2015-2040; 2041-2060; 2061-2080; 2081-2100,แห่ง,Annual,National,Province,CSV,Restricted,-,-,อาจมาจาก: ปภ. (สัดส่วนหมู่บ้านที่ไม่มีระบบเตือนภัย),Report รายงานฉบับสมบูรณ์โครงการปรับปรุงระบบฐานข้อมูลความเสี่ยงเชิงพื้นที่จากการเปลี่ยนแปลงสภาพภูมิอากาศ,Report,,DDPM,,,,,,,,,,,,,,,,Baseline-Draft,Unverified-Baseline,-
DDPM,DDPM_3_10,พื้นที่เสี่ยงภัยแล้งซ้ำซาก (สัดส่วนหมู่บ้านและชุมชนที่เกิดภัยแล้ง),Forward-looking,Risk and Impact Assessment (DOM_021),HAZARD_MAP,Drought (ภัยแล้ง),Public Health — สาธารณสุข; Tourism — ท่องเที่ยว,Historical; Projected,1960-2014; 2015-2040; 2041-2060; 2061-2080; 2081-2100,-,Annual,National,Province,CSV,Restricted,-,-,อาจมาจาก: ปภ. / กรมพัฒนาที่ดิน (พื้นที่เสี่ยงภัยแล้งซ้ำซาก),Report รายงานฉบับสมบูรณ์โครงการปรับปรุงระบบฐานข้อมูลความเสี่ยงเชิงพื้นที่จากการเปลี่ยนแปลงสภาพภูมิอากาศ,Report,,DDPM,,,,,,,,,,,,,,,,Baseline-Draft,Unverified-Baseline,-
DDPM,DDPM_3_11,สัดส่วนหมู่บ้านและชุมชนที่มีอุทกภัย ดินโคลนถล่ม,IMPACT (Backward-looking),Risk and Impact Assessment (DOM_024),LOSS_DAMAGE_RECORD,Flood (อุทกภัย),Public Health — สาธารณสุข; Tourism — ท่องเที่ยว,Historical; Projected,1960-2014; 2015-2040; 2041-2060; 2061-2080; 2081-2100,ร้อยละ,Annual,National,Province,CSV,Restricted,-,-,อาจมาจาก: ปภ. (สัดส่วนหมู่บ้านที่มีอุทกภัย/ดินโคลนถล่ม),Report รายงานฉบับสมบูรณ์โครงการปรับปรุงระบบฐานข้อมูลความเสี่ยงเชิงพื้นที่จากการเปลี่ยนแปลงสภาพภูมิอากาศ,Report,,DDPM,,,,,,,,,,,,,,,,Baseline-Draft,Unverified-Baseline,-
MD,MD_1_2,ข้อมูลระดับน้ำทะเล,Forward-looking,Risk and Impact Assessment (DOM_021),METEOROLOGICAL_OBSERVATION,Sea-level Rise (ระดับน้ำทะเลสูงขึ้น),Cross-cutting (หลายสาขา),Historical,Up to 2026,ม. (เมตร),Annual,National,-,Shapefile / Vector; CSV; API / Web Service,Restricted,http://hydro.md.go.th/,-,- | -,Website กลุ่มอุทกวิทยา กรมเจ้าท่า,Website,,MD,,,,,,,,,,,,,,,,Baseline-Draft,Unverified-Baseline,-
LDD,LDD_1_1,พื้นที่น้ำท่วมซ้ำซาก,Forward-looking,Risk and Impact Assessment (DOM_021),HAZARD_MAP,Flood (อุทกภัย),Agriculture (เกษตร); Water (น้ำ),Historical,2014-2019,ตร.กม.,Annual,National,-,Shapefile / Vector; API / Web Service,Restricted,http://sql.ldd.go.th/ldddata/mapsoilH2.html,-,"ข้อมูลพื้นที่ที่เกิดน้ำท่วมซ้ำซากอย่างต่อเนื่อง | จากรายการขอข้อมูล WebGIS DCCE 19/01/2026 (1_Data_WebGIS_DCCE_20260119.xlsx → sheet: LDD, ลำดับที่ 2)",Website บัญชีรายการข้อมูลกรมพัฒนาที่ดิน,Website,,LDD,,,,,,,,,,,,,,,,Baseline-Draft,Unverified-Baseline,-
LDD,LDD_1_2,สิ่งปกคลุมดิน,Forward-looking,Risk and Impact Assessment (DOM_021),ENVIRONMENT,Cross-cutting (ทุกภัย),Cross-cutting (หลายสาขา),Historical,2006-2020,ตร.กม.,Annual,National,-,Shapefile / Vector; API / Web Service,Restricted,http://sql.ldd.go.th/ldddata/mapsoilB1.html,-,"ข้อมูลประเภทการใช้ที่ดินและสิ่งปกคลุมดิน (Land Use/Land Cover) | จากรายการขอข้อมูล WebGIS DCCE 19/01/2026 (1_Data_WebGIS_DCCE_20260119.xlsx → sheet: LDD, ลำดับที่ 3)",Website บัญชีรายการข้อมูลกรมพัฒนาที่ดิน,Website,,LDD,,,,,,,,,,,,,,,,Baseline-Draft,Unverified-Baseline,-
LDD,LDD_1_3,พื้นที่แล้งซ้ำซาก,Forward-looking,Risk and Impact Assessment (DOM_021),HAZARD_MAP,Drought (ภัยแล้ง),Cross-cutting (หลายสาขา),Historical,2014-2019,ตร.กม.,Annual,National,Tambon,Shapefile / Vector,Restricted,http://sql.ldd.go.th/ldddata/mapsoilH3.html,-,ข้อมูลพื้นที่แล้งซ้ำซากใช้ในการวางแผนการใช้ที่ดินและการป้องกันภัยจากธรรมชาติ,Website บัญชีรายการข้อมูลกรมพัฒนาที่ดิน,Website,,LDD,,,,,,,,,,,,,,,,Baseline-Draft,Unverified-Baseline,-
LDD,LDD_2_1,พื้นที่เสี่ยงภัยแล้งซ้ำซาก,Forward-looking,Risk and Impact Assessment (DOM_021),HAZARD_MAP,Drought (ภัยแล้ง); Heat (คลื่นความร้อน),Human Settlement — ตั้งถิ่นฐาน,Historical; Projected,1960-2014; 2015-2040; 2041-2060; 2061-2080; 2081-2100,ตร.กม.,Annual,National,Province,CSV,Restricted,-,-,อาจมาจาก: กรมพัฒนาที่ดิน (พื้นที่เสี่ยงภัยแล้งซ้ำซาก); กรมป้องกันและบรรเทาสาธารณภัย (ปภ.),Report รายงานฉบับสมบูรณ์โครงการปรับปรุงระบบฐานข้อมูลความเสี่ยงเชิงพื้นที่จากการเปลี่ยนแปลงสภาพภูมิอากาศ,Report,,LDD,,,,,,,,,,,,,,,,Baseline-Draft,Unverified-Baseline,-
LDD,LDD_2_2,พื้นที่โล่ง,Forward-looking,Risk and Impact Assessment (DOM_022),EXPOSED_ASSET,Flood (อุทกภัย); Heat (คลื่นความร้อน),Human Settlement — ตั้งถิ่นฐาน,Historical; Projected,1960-2014; 2015-2040; 2041-2060; 2061-2080; 2081-2100,ตร.กม.,Annual,National,Province,CSV,Restricted,-,-,อาจมาจาก: กรมพัฒนาที่ดิน / กรมโยธาธิการและผังเมือง (พื้นที่โล่ง),Report รายงานฉบับสมบูรณ์โครงการปรับปรุงระบบฐานข้อมูลความเสี่ยงเชิงพื้นที่จากการเปลี่ยนแปลงสภาพภูมิอากาศ,Report,,LDD,,,,,,,,,,,,,,,,Baseline-Draft,Unverified-Baseline,-
LDD,LDD_2_3,พื้นที่เกษตรกรรมในพื้นที่แล้งซ้ำซาก,Forward-looking,Risk and Impact Assessment (DOM_022),EXPOSED_ASSET,Drought (ภัยแล้ง),Agriculture — เกษตร,Historical; Projected,1960-2014; 2015-2040; 2041-2060; 2061-2080; 2081-2100,ตร.กม.,Annual,National,Province,CSV,Restricted,-,-,อาจมาจาก: กรมพัฒนาที่ดิน / สำนักงานเศรษฐกิจการเกษตร (พื้นที่เกษตรในพื้นที่แล้งซ้ำซาก),Report รายงานฉบับสมบูรณ์โครงการปรับปรุงระบบฐานข้อมูลความเสี่ยงเชิงพื้นที่จากการเปลี่ยนแปลงสภาพภูมิอากาศ,Report,,LDD,,,,,,,,,,,,,,,,Baseline-Draft,Unverified-Baseline,-
LDD,LDD_2_4,ความลาดชัน,Forward-looking,Risk and Impact Assessment (DOM_022),SENSITIVITY,Drought (ภัยแล้ง); Flood (อุทกภัย),Agriculture — เกษตร,Historical; Projected,1960-2014; 2015-2040; 2041-2060; 2061-2080; 2081-2100,-,Annual,National,Province,CSV,Restricted,-,-,อาจมาจาก: กรมพัฒนาที่ดิน / GISTDA (ความลาดชัน),Report รายงานฉบับสมบูรณ์โครงการปรับปรุงระบบฐานข้อมูลความเสี่ยงเชิงพื้นที่จากการเปลี่ยนแปลงสภาพภูมิอากาศ,Report,,LDD,,,,,,,,,,,,,,,,Baseline-Draft,Unverified-Baseline,-
LDD,LDD_2_5,ระดับความลึกของดิน,Forward-looking,Risk and Impact Assessment (DOM_022),SENSITIVITY,Drought (ภัยแล้ง); Flood (อุทกภัย); Heat (คลื่นความร้อน),Agriculture — เกษตร,Historical; Projected,1960-2014; 2015-2040; 2041-2060; 2061-2080; 2081-2100,ซม.,Annual,National,Province,CSV,Restricted,-,-,อาจมาจาก: กรมพัฒนาที่ดิน (ระดับความลึกของดิน),Report รายงานฉบับสมบูรณ์โครงการปรับปรุงระบบฐานข้อมูลความเสี่ยงเชิงพื้นที่จากการเปลี่ยนแปลงสภาพภูมิอากาศ,Report,,LDD,,,,,,,,,,,,,,,,Baseline-Draft,Unverified-Baseline,-
LDD,LDD_2_6,ความสามารถในการกักเก็บน้ำของดิน,Forward-looking,Risk and Impact Assessment (DOM_022),SENSITIVITY,Drought (ภัยแล้ง); Flood (อุทกภัย); Heat (คลื่นความร้อน),Agriculture — เกษตร,Historical; Projected,1960-2014; 2015-2040; 2041-2060; 2061-2080; 2081-2100,mm water / m soil,Annual,National,Province,CSV,Restricted,-,-,อาจมาจาก: กรมพัฒนาที่ดิน (ความสามารถในการกักเก็บน้ำของดิน),Report รายงานฉบับสมบูรณ์โครงการปรับปรุงระบบฐานข้อมูลความเสี่ยงเชิงพื้นที่จากการเปลี่ยนแปลงสภาพภูมิอากาศ,Report,,LDD,,,,,,,,,,,,,,,,Baseline-Draft,Unverified-Baseline,-
LDD,LDD_2_7,พื้นที่เสี่ยงภัยแล้ง,Forward-looking,Risk and Impact Assessment (DOM_021),HAZARD_MAP,Drought (ภัยแล้ง),Natural Resources — ทรัพยากรธรรมชาติ,Historical; Projected,1960-2014; 2015-2040; 2041-2060; 2061-2080; 2081-2100,-,Annual,National,Province,CSV,Restricted,-,-,อาจมาจาก: กรมพัฒนาที่ดิน / ปภ. (พื้นที่เสี่ยงภัยแล้ง),Report รายงานฉบับสมบูรณ์โครงการปรับปรุงระบบฐานข้อมูลความเสี่ยงเชิงพื้นที่จากการเปลี่ยนแปลงสภาพภูมิอากาศ,Report,,LDD,,,,,,,,,,,,,,,,Baseline-Draft,Unverified-Baseline,-
HII,HII_1_1,พื้นที่เสี่ยงภัยแล้ง,Forward-looking,Risk and Impact Assessment (DOM_021),HAZARD_MAP,Drought (ภัยแล้ง),Water (น้ำ); Agriculture (เกษตร),Historical,2024-2026,ระดับความเสี่ยง (1-5),Annual,National,Tambon,PDF,Open,https://data.hii.or.th/th/dataset/drought-risk-area/resource/1cd84954-8df7-4bbd-a13e-2c6fd92e5a95,-,"ข้อมูลพื้นที่เสี่ยงภัยแล้งที่ได้จากการประเมินด้วยดัชนี Drought Risk Index (DRI) | จากรายการขอข้อมูล WebGIS DCCE 19/01/2026 (1_Data_WebGIS_DCCE_20260119.xlsx → sheet: HII, ลำดับที่ 1)",Website,Website,,HII,,,,,,,,,,,,,,,,Baseline-Draft,Unverified-Baseline,-
HII,HII_2_1,ค่าความเครียดของน้ำ,Forward-looking,Risk and Impact Assessment (DOM_022),EXPOSED_ASSET,Drought (ภัยแล้ง); Heat (คลื่นความร้อน),Human Settlement — ตั้งถิ่นฐาน; Natural Resources — ทรัพยากรธรรมชาติ; Public Health — สาธารณสุข; Tourism — ท่องเที่ยว; Water — น้ำ,Historical; Projected,1960-2014; 2015-2040; 2041-2060; 2061-2080; 2081-2100,-,Annual,National,Province,CSV,Restricted,-,-,อาจมาจาก: สถาบันสารสนเทศทรัพยากรน้ำ (สสน.) / กรมทรัพยากรน้ำ (ดัชนีความเครียดของน้ำ),Report รายงานฉบับสมบูรณ์โครงการปรับปรุงระบบฐานข้อมูลความเสี่ยงเชิงพื้นที่จากการเปลี่ยนแปลงสภาพภูมิอากาศ,Report,,HII,,,,,,,,,,,,,,,,Baseline-Draft,Unverified-Baseline,-
HII,HII_2_2,เครือข่ายการจัดน้ำชุมชนของ สสน.,Forward-looking,Risk and Impact Assessment (DOM_022),ADAPTIVE_CAPACITY,Drought (ภัยแล้ง),Water — น้ำ,Historical; Projected,1960-2014; 2015-2040; 2041-2060; 2061-2080; 2081-2100,-,Annual,National,Province,CSV,Restricted,-,-,ระบุชัดเจน: สถาบันสารสนเทศทรัพยากรน้ำ (สสน.) - เครือข่ายการจัดการน้ำชุมชน; กรมทรัพยากรน้ำ - โครงการเกษตรของรัฐ,Report รายงานฉบับสมบูรณ์โครงการปรับปรุงระบบฐานข้อมูลความเสี่ยงเชิงพื้นที่จากการเปลี่ยนแปลงสภาพภูมิอากาศ,Report,,HII,,,,,,,,,,,,,,,,Baseline-Draft,Unverified-Baseline,-
DOT,DOT_1_1,จำนวนที่พัก (โรงแรม รีสอร์ต ฯลฯ) — กรมการท่องเที่ยว/ททท.,Forward-looking,Risk and Impact Assessment (DOM_022),EXPOSED_ASSET,Cross-cutting (ทุกภัย),Tourism (ท่องเที่ยว),Historical,Up to 2025,จำนวนแหล่ง,Annual,National,Point,Shapefile / Vector; API / Web Service,Restricted,https://www.dot.go.th/pages/140,,"ข้อมูลตำแหน่งและขอบเขตของแหล่งท่องเที่ยวธรรมชาติ วัฒนธรรม ชุมชน นิเวศ และนันทนาการ | จากรายการขอข้อมูล WebGIS DCCE 19/01/2026 (1_Data_WebGIS_DCCE_20260119.xlsx → sheet: DOT, ลำดับที่ 1)",,,,DOT,,,,,,,,,,,,,,,,Baseline-Draft,Unverified-Baseline,Pending-Technical-Audit
DOT,DOT_2_1,จำนวนที่พัก (โรงแรม รีสอร์ต ฯลฯ),Forward-looking,Risk and Impact Assessment (DOM_022),EXPOSED_ASSET,Drought (ภัยแล้ง); Flood (อุทกภัย),Tourism — ท่องเที่ยว,Historical; Projected,1960-2014; 2015-2040; 2041-2060; 2061-2080; 2081-2100,-,Annual,National,Point,CSV,Restricted,-,-,อาจมาจาก: กรมการท่องเที่ยว / การท่องเที่ยวแห่งประเทศไทย (ททท.) (ที่พัก/โรงแรม),Report รายงานฉบับสมบูรณ์โครงการปรับปรุงระบบฐานข้อมูลความเสี่ยงเชิงพื้นที่จากการเปลี่ยนแปลงสภาพภูมิอากาศ,Report,,DOT,,,,,,,,,,,,,,,,Baseline-Draft,Unverified-Baseline,-
DOT,DOT_2_2,จำนวนแหล่งท่องเที่ยวประเภทน้ำตก,Forward-looking,Risk and Impact Assessment (DOM_022),EXPOSED_ASSET,Drought (ภัยแล้ง); Flood (อุทกภัย),Tourism — ท่องเที่ยว,Historical; Projected,1960-2014; 2015-2040; 2041-2060; 2061-2080; 2081-2100,แห่ง,Annual,National,Point,CSV,Restricted,-,-,อาจมาจาก: กรมการท่องเที่ยว / กรมอุทยานฯ (แหล่งท่องเที่ยวประเภทน้ำตก),Report รายงานฉบับสมบูรณ์โครงการปรับปรุงระบบฐานข้อมูลความเสี่ยงเชิงพื้นที่จากการเปลี่ยนแปลงสภาพภูมิอากาศ,Report,,DOT,,,,,,,,,,,,,,,,Baseline-Draft,Unverified-Baseline,-
DOT,DOT_2_3,จำนวนแหล่งท่องเที่ยวประเภททะเล ชายฝั่ง และเกาะ,Forward-looking,Risk and Impact Assessment (DOM_022),EXPOSED_ASSET,Drought (ภัยแล้ง); Flood (อุทกภัย); Heat (คลื่นความร้อน),Tourism — ท่องเที่ยว,Historical; Projected,1960-2014; 2015-2040; 2041-2060; 2061-2080; 2081-2100,-,Annual,National,Point,CSV,Restricted,-,-,อาจมาจาก: กรมการท่องเที่ยว / กรมทรัพยากรทางทะเลและชายฝั่ง (ทช.) (แหล่งท่องเที่ยวทะเล/ชายฝั่ง),Report รายงานฉบับสมบูรณ์โครงการปรับปรุงระบบฐานข้อมูลความเสี่ยงเชิงพื้นที่จากการเปลี่ยนแปลงสภาพภูมิอากาศ,Report,,DOT,,,,,,,,,,,,,,,,Baseline-Draft,Unverified-Baseline,-
DOT,DOT_2_4,แหล่งท่องเที่ยวที่มีความเสื่อมโทรม,Forward-looking,Risk and Impact Assessment (DOM_022),SENSITIVITY,Flood (อุทกภัย),Tourism — ท่องเที่ยว,Historical; Projected,1960-2014; 2015-2040; 2041-2060; 2061-2080; 2081-2100,-,Annual,National,Point,CSV,Restricted,-,-,อาจมาจาก: กรมการท่องเที่ยว / สผ. (แหล่งท่องเที่ยวเสื่อมโทรม),Report รายงานฉบับสมบูรณ์โครงการปรับปรุงระบบฐานข้อมูลความเสี่ยงเชิงพื้นที่จากการเปลี่ยนแปลงสภาพภูมิอากาศ,Report,,DOT,,,,,,,,,,,,,,,,Baseline-Draft,Unverified-Baseline,-
DOT,DOT_2_5,จำนวนที่พักแรม (โรงแรม รีสอร์ต ฯลฯ) — ทะเบียนที่พักแรม,Forward-looking,Risk and Impact Assessment (DOM_022),EXPOSED_ASSET,Heat (คลื่นความร้อน),Tourism — ท่องเที่ยว,Historical; Projected,1960-2014; 2015-2040; 2041-2060; 2061-2080; 2081-2100,-,Annual,National,Point,CSV,Restricted,-,-,อาจมาจาก: กรมการท่องเที่ยว / กรมทรัพยากรธรณี (แหล่งท่องเที่ยวภูเขา/ธรณีสัณฐาน),Report รายงานฉบับสมบูรณ์โครงการปรับปรุงระบบฐานข้อมูลความเสี่ยงเชิงพื้นที่จากการเปลี่ยนแปลงสภาพภูมิอากาศ,Report,,DOT,,,,,,,,,,,,,,,,Baseline-Draft,Unverified-Baseline,-
DOT,DOT_2_6,จำนวนที่พักแรม (โรงแรม รีสอร์ต ฯลฯ),Forward-looking,Risk and Impact Assessment (DOM_022),EXPOSED_ASSET,Heat (คลื่นความร้อน),Tourism — ท่องเที่ยว,Historical; Projected,1960-2014; 2015-2040; 2041-2060; 2061-2080; 2081-2100,-,Annual,National,Point,CSV,Restricted,-,-,อาจมาจาก: กรมการท่องเที่ยว / ททท. (จำนวนที่พักแรม),Report รายงานฉบับสมบูรณ์โครงการปรับปรุงระบบฐานข้อมูลความเสี่ยงเชิงพื้นที่จากการเปลี่ยนแปลงสภาพภูมิอากาศ,Report,,DOT,,,,,,,,,,,,,,,,Baseline-Draft,Unverified-Baseline,-
DOT,DOT_2_7,จำนวนนักท่องเที่ยวกลุ่มสูงอายุ,Forward-looking,Risk and Impact Assessment (DOM_022),SENSITIVITY,Heat (คลื่นความร้อน),Tourism — ท่องเที่ยว,Historical; Projected,1960-2014; 2015-2040; 2041-2060; 2061-2080; 2081-2100,-,Annual,National,Point,CSV,Restricted,-,-,อาจมาจาก: กรมการท่องเที่ยว / ททท. (สถิตินักท่องเที่ยว/นักท่องเที่ยวสูงอายุ),Report รายงานฉบับสมบูรณ์โครงการปรับปรุงระบบฐานข้อมูลความเสี่ยงเชิงพื้นที่จากการเปลี่ยนแปลงสภาพภูมิอากาศ,Report,,DOT,,,,,,,,,,,,,,,,Baseline-Draft,Unverified-Baseline,-
DOT,DOT_2_8,จำนวนแหล่งท่องเที่ยวประเภทที่มนุษย์สร้างขึ้นที่เป็นแหล่งท่องเที่ยวในร่ม เช่น ห้างสรรพสินค้า พิพิธภัณฑ์ ฯลฯ,Forward-looking,Risk and Impact Assessment (DOM_022),ADAPTIVE_CAPACITY,Heat (คลื่นความร้อน),Tourism — ท่องเที่ยว,Historical; Projected,1960-2014; 2015-2040; 2041-2060; 2061-2080; 2081-2100,-,Annual,National,Point,CSV,Restricted,-,-,อาจมาจาก: กรมการท่องเที่ยว / ททท. (แหล่งท่องเที่ยวในร่ม/มนุษย์สร้าง),Report รายงานฉบับสมบูรณ์โครงการปรับปรุงระบบฐานข้อมูลความเสี่ยงเชิงพื้นที่จากการเปลี่ยนแปลงสภาพภูมิอากาศ,Report,,DOT,,,,,,,,,,,,,,,,Baseline-Draft,Unverified-Baseline,-
DOPA,DOPA_1_1,จำนวนประชากร,Forward-looking,Risk and Impact Assessment (DOM_022),EXPOSED_ASSET,Cross-cutting (ทุกภัย),Human Settlement (ตั้งถิ่นฐาน),Historical,1993-2025,คน,Annual,National,Mooban,CSV,Restricted,https://stat.bora.dopa.go.th/new_stat/webPage/statByAge.php,,,Website กรมการปกครอง,Website,,DOPA,,,,,,,,,,,,,,,,Baseline-Draft,Unverified-Baseline,Pending-Technical-Audit
DOPA,DOPA_1_2,จุดหมู่บ้าน,Forward-looking,Risk and Impact Assessment (DOM_022),EXPOSED_ASSET,Cross-cutting (ทุกภัย),Human Settlement (ตั้งถิ่นฐาน),Historical,-,-,Annual,National,Mooban,Shapefile,Restricted,https://www.dopa.go.th/,,"ข้อมูลตำแหน่งหมู่บ้าน/ชุมชน ใช้ประกอบการวิเคราะห์เชิงพื้นที่และการเข้าถึงบริการ | จากรายการขอข้อมูล WebGIS DCCE 19/01/2026 (1_Data_WebGIS_DCCE_20260119.xlsx → sheet: DOPA, ลำดับที่ 2)",Website กรมการปกครอง,Website,,DOPA,,,,,,,,,,,,,,,,Baseline-Draft,Unverified-Baseline,Pending-Technical-Audit
DOPA,DOPA_1_3,ขอบเขตการปกครอง,Spatial Unit,Physical Climate (DOM_010),SPATIAL_UNIT,Cross-cutting (ทุกภัย),Cross-cutting (หลายสาขา),Historical,Unknown,-,-,National,Tambon,GeoJSON,Restricted,https://www.dopa.go.th/,,,Website กรมการปกครอง,Website,,DOPA,,,,,,,,,,,,,,,,Baseline-Draft,Unverified-Baseline,Pending-Technical-Audit
DOPA,DOPA_2_1,จำนวนครัวเรือนในขอบเขตเทศบาล,Forward-looking,Risk and Impact Assessment (DOM_022),SENSITIVITY,Drought (ภัยแล้ง); Flood (อุทกภัย); Heat (คลื่นความร้อน),Human Settlement — ตั้งถิ่นฐาน,Historical; Projected,1960-2014; 2015-2040; 2041-2060; 2061-2080; 2081-2100,ครัวเรือน,Annual,National,Province,CSV,Restricted,-,-,อาจมาจาก: กรมการปกครอง / สำนักงานสถิติแห่งชาติ,Report รายงานฉบับสมบูรณ์โครงการปรับปรุงระบบฐานข้อมูลความเสี่ยงเชิงพื้นที่จากการเปลี่ยนแปลงสภาพภูมิอากาศ,Report,,DOPA,,,,,,,,,,,,,,,,Baseline-Draft,Unverified-Baseline,-
DOH,DOH_1_1,ถนนหลวง ถนนสายหลัก และทางหลวงพิเศษ,Forward-looking,Risk and Impact Assessment (DOM_022),EXPOSED_ASSET,Cross-cutting (ทุกภัย),Transport (คมนาคม),Historical,Up to 2025,กม.,Annual,National,-,Shapefile / Vector; API / Web Service,Restricted,https://hris.doh.go.th/highway,-,"ข้อมูลแนวเส้นถนนหลวง ถนนสายหลัก และทางหลวงพิเศษ | จากรายการขอข้อมูล WebGIS DCCE 19/01/2026 (1_Data_WebGIS_DCCE_20260119.xlsx → sheet: DOH, ลำดับที่ 1)",,,,DOH,,,,,,,,,,,,,,,,Baseline-Draft,Unverified-Baseline,-
DOH,DOH_2_1,ความยาวถนนในพื้นที่น้ำท่วมซ้ำซาก,Forward-looking,Risk and Impact Assessment (DOM_022),EXPOSED_ASSET,Flood (อุทกภัย),Human Settlement — ตั้งถิ่นฐาน; Water — น้ำ,Historical; Projected,1960-2014; 2015-2040; 2041-2060; 2061-2080; 2081-2100,กม.,Annual,National,Province,CSV,Restricted,-,-,อาจมาจาก: กรมทางหลวง / กรมทางหลวงชนบท ร่วมกับ GISTDA (ความยาวถนนในพื้นที่น้ำท่วม),Report รายงานฉบับสมบูรณ์โครงการปรับปรุงระบบฐานข้อมูลความเสี่ยงเชิงพื้นที่จากการเปลี่ยนแปลงสภาพภูมิอากาศ,Report,,DOH,,,,,,,,,,,,,,,,Baseline-Draft,Unverified-Baseline,-
DOH,DOH_2_2,โครงสร้างพื้นฐานด้านคมนาคมขนส่ง,Forward-looking,Risk and Impact Assessment (DOM_022),EXPOSED_ASSET,Flood (อุทกภัย),Human Settlement — ตั้งถิ่นฐาน,Historical; Projected,1960-2014; 2015-2040; 2041-2060; 2061-2080; 2081-2100,-,Annual,National,Province,CSV,Restricted,-,-,อาจมาจาก: กรมทางหลวง / กรมทางหลวงชนบท / สำนักงานนโยบายและแผนการขนส่งและจราจร (สนข.),Report รายงานฉบับสมบูรณ์โครงการปรับปรุงระบบฐานข้อมูลความเสี่ยงเชิงพื้นที่จากการเปลี่ยนแปลงสภาพภูมิอากาศ,Report,,DOH,,,,,,,,,,,,,,,,Baseline-Draft,Unverified-Baseline,-
DOH,DOH_2_3,โครงสร้างพื้นฐานบริเวณแหล่งท่องเที่ยว เช่น ถนน ฯลฯ,Forward-looking,Risk and Impact Assessment (DOM_022),EXPOSED_ASSET,Flood (อุทกภัย),Tourism — ท่องเที่ยว,Historical; Projected,1960-2014; 2015-2040; 2041-2060; 2061-2080; 2081-2100,-,Annual,National,Province,CSV,Restricted,-,-,อาจมาจาก: กรมทางหลวง / กรมทางหลวงชนบท / กรมการท่องเที่ยว (โครงสร้างพื้นฐานท่องเที่ยว),Report รายงานฉบับสมบูรณ์โครงการปรับปรุงระบบฐานข้อมูลความเสี่ยงเชิงพื้นที่จากการเปลี่ยนแปลงสภาพภูมิอากาศ,Report,,DOH,,,,,,,,,,,,,,,,Baseline-Draft,Unverified-Baseline,-
FAD,FAD_1_1,แหล่งโบราณสถาน,Forward-looking,Risk and Impact Assessment (DOM_022),EXPOSED_ASSET,Cross-cutting (ทุกภัย),Tourism (ท่องเที่ยว),Historical,Up to 2025,จำนวนแหล่ง,Annual,National,Point,API,Restricted,https://gdcatalog.go.th/dataset/gdpublish-gis-fad001,-,"ข้อมูลตำแหน่งและขอบเขตของแหล่งโบราณสถานในความรับผิดชอบของกรมศิลปากร | จากรายการขอข้อมูล WebGIS DCCE 19/01/2026 (1_Data_WebGIS_DCCE_20260119.xlsx → sheet: FAD, ลำดับที่ 1)",Website ข้อมูลบัญชีตำแหน่งโบราณสถาน,Website,,FAD,,,,,,,,,,,,,,,,Baseline-Draft,Unverified-Baseline,-
FAD,FAD_2_1,พื้นที่ที่ถูกประกาศเขตเมืองเก่า/อนุรักษ์,Forward-looking,Risk and Impact Assessment (DOM_022),EXPOSED_ASSET,Flood (อุทกภัย),Human Settlement — ตั้งถิ่นฐาน,Historical; Projected,1960-2014; 2015-2040; 2041-2060; 2061-2080; 2081-2100,-,Annual,National,Province,CSV,Restricted,-,-,อาจมาจาก: กรมศิลปากร / สำนักงานนโยบายและแผนทรัพยากรธรรมชาติและสิ่งแวดล้อม (สผ.) (เขตเมืองเก่า/อนุรักษ์),Report รายงานฉบับสมบูรณ์โครงการปรับปรุงระบบฐานข้อมูลความเสี่ยงเชิงพื้นที่จากการเปลี่ยนแปลงสภาพภูมิอากาศ,Report,,FAD,,,,,,,,,,,,,,,,Baseline-Draft,Unverified-Baseline,-
FAD,FAD_2_2,จำนวนแหล่งท่องเที่ยวประเภทโบราณสถาน ประวัติศาสตร์ ฯลฯ,Forward-looking,Risk and Impact Assessment (DOM_022),EXPOSED_ASSET,Flood (อุทกภัย),Tourism — ท่องเที่ยว,Historical; Projected,1960-2014; 2015-2040; 2041-2060; 2061-2080; 2081-2100,-,Annual,National,Point,CSV,Restricted,-,-,อาจมาจาก: กรมศิลปากร / กรมการท่องเที่ยว (โบราณสถาน/แหล่งประวัติศาสตร์),Report รายงานฉบับสมบูรณ์โครงการปรับปรุงระบบฐานข้อมูลความเสี่ยงเชิงพื้นที่จากการเปลี่ยนแปลงสภาพภูมิอากาศ,Report,,FAD,,,,,,,,,,,,,,,,Baseline-Draft,Unverified-Baseline,-
DOHealth,DOHealth_1_1,จุดที่ตั้งโรงพยาบาล ศูนย์สุขภาพประจำตำบล (รพ.สต.),Forward-looking,Risk and Impact Assessment (DOM_022),EXPOSED_ASSET,Cross-cutting (ทุกภัย),Public Health (สาธารณสุข),Historical,2025 หรือล่าสุด,จำนวนแห่ง,Annual,National,Point,Shapefile / Vector; API / Web Service,Restricted,https://gis-health.moph.go.th/,-,"ข้อมูลตำแหน่งที่ตั้งของโรงพยาบาลและศูนย์สุขภาพประจำตำบล (รพ.สต.) | จากรายการขอข้อมูล WebGIS DCCE 19/01/2026 (1_Data_WebGIS_DCCE_20260119.xlsx → sheet: DOHealth, ลำดับที่ 1)",Websiteระบบสารสนเทศภูมิศาสตร์ทรัพยากรสุขภาพ(GIS Health),Website,,DOHealth,,,,,,,,,,,,,,,,Baseline-Draft,Unverified-Baseline,-
DOHealth,DOHealth_1_2,สถิติผู้ป่วยจากโรคที่เกี่ยวกับการเปลี่ยนแปลงสภาพภูมิอากาศ,IMPACT (Backward-looking),Risk and Impact Assessment (DOM_024),LOSS_DAMAGE_RECORD,Heat (คลื่นความร้อน); Cross-cutting (ทุกภัย),Public Health (สาธารณสุข),Historical,2025 หรือล่าสุด,คน / ราย,Annual,National,-,,Restricted,-,อยู่ระหว่างขอข้อมูล - ยังไม่ได้รับ,"สถิติจำนวนผู้ป่วยจากโรคที่สัมพันธ์กับการเปลี่ยนแปลงสภาพภูมิอากาศ (เช่น โรคจากความร้อน โรคที่มียุงเป็นพาหะ) | จากรายการขอข้อมูล WebGIS DCCE 19/01/2026 (1_Data_WebGIS_DCCE_20260119.xlsx → sheet: DOHealth, ลำดับที่ 2)",Websiteระบบสารสนเทศภูมิศาสตร์ทรัพยากรสุขภาพ(GIS Health),Website,,DOHealth,,,,,,,,,,,,,,,,Baseline-Draft,Unverified-Baseline,อยู่ระหว่างขอข้อมูล - ยังไม่ได้รับ
DOHealth,DOHealth_2_1,อัตราป่วยด้วยโรคความดัน เบาหวาน หลอดเลือดหัวใจต่อประชากรแสนคน,Forward-looking,Risk and Impact Assessment (DOM_022),SENSITIVITY,Drought (ภัยแล้ง); Flood (อุทกภัย); Heat (คลื่นความร้อน),Public Health — สาธารณสุข,Historical; Projected,1960-2014; 2015-2040; 2041-2060; 2061-2080; 2081-2100,คน,Annual,National,Province,CSV,Restricted,-,-,ระบุชัดเจน: กรมอนามัย - รายงานสถานการณ์ผลกระทบจากความร้อน; กระทรวงสาธารณสุข (NCDs),Report รายงานฉบับสมบูรณ์โครงการปรับปรุงระบบฐานข้อมูลความเสี่ยงเชิงพื้นที่จากการเปลี่ยนแปลงสภาพภูมิอากาศ,Report,,DOHealth,,,,,,,,,,,,,,,,Baseline-Draft,Unverified-Baseline,-
CDD,CDD_1_1,จำนวนครัวเรือนกลุ่มเปราะบาง,Forward-looking,Risk and Impact Assessment (DOM_022),SENSITIVITY,Cross-cutting (ทุกภัย),Human Settlement (ตั้งถิ่นฐาน),Historical,2025 หรือล่าสุด,ครัวเรือน,Annual,National,Mooban,Shapefile / Vector; CSV; API / Web Service,Restricted,https://dashboard66.cdd.go.th/Home/DashBoardPublic,,"ข้อมูลจำนวนและการกระจายตัวของครัวเรือนกลุ่มเปราะบาง (ยากจน ผู้สูงอายุ ผู้พิการ ฯลฯ) | จากรายการขอข้อมูล WebGIS DCCE 19/01/2026 (1_Data_WebGIS_DCCE_20260119.xlsx → sheet: CDD, ลำดับที่ 1)",Website dashboard66 CDD,Website,,CDD,,,,,,,,,,,,,,,,Baseline-Draft,Unverified-Baseline,Pending-Technical-Audit
OBEC,OBEC_1_1,ข้อมูลตำแหน่งที่ตั้งและขอบเขตของสถานศึกษาในสังกัด สพฐ.,Forward-looking,Risk and Impact Assessment (DOM_022),EXPOSED_ASSET,Cross-cutting (ทุกภัย),Human Settlement (ตั้งถิ่นฐาน),Historical,2025 หรือล่าสุด,จำนวนโรงเรียน,Annual,National,-,Shapefile / Vector; CSV; API / Web Service,Restricted,https://asset.bopp-obec.info/,-,"ข้อมูลตำแหน่งที่ตั้งและขอบเขตของสถานศึกษาในสังกัด สพฐ. | จากรายการขอข้อมูล WebGIS DCCE 19/01/2026 (1_Data_WebGIS_DCCE_20260119.xlsx → sheet: OBEC, ลำดับที่ 1)",Website OBEC,Website,,OBEC,,,,,,,,,,,,,,,,Baseline-Draft,Unverified-Baseline,-
MHESI,MHESI_1_1,ข้อมูลตำแหน่งที่ตั้งและขอบเขตของสถาบันอุดมศึกษา,Forward-looking,Risk and Impact Assessment (DOM_022),EXPOSED_ASSET,Cross-cutting (ทุกภัย),Human Settlement (ตั้งถิ่นฐาน),Historical,2025 หรือล่าสุด,จำนวนแห่ง,Annual,National,-,Shapefile / Vector; CSV; API / Web Service,Restricted,https://info.mhesi.go.th/homestat_academy.php,-,"ข้อมูลตำแหน่งที่ตั้งและขอบเขตของสถาบันอุดมศึกษา | จากรายการขอข้อมูล WebGIS DCCE 19/01/2026 (1_Data_WebGIS_DCCE_20260119.xlsx → sheet: MHESI, ลำดับที่ 1)",Website ข้อมูลสถาบันอุดมศึกษา,Website,,MHESI,,,,,,,,,,,,,,,,Baseline-Draft,Unverified-Baseline,-
IEAT,IEAT_1_1,เขตนิคมอุตสาหกรรม,Forward-looking,Risk and Impact Assessment (DOM_022),EXPOSED_ASSET,Cross-cutting (ทุกภัย),Human Settlement (ตั้งถิ่นฐาน); Energy (พลังงาน),Historical,Up to 2025,ตร.กม. / ไร่,Annual,National,-,Shapefile / Vector; CSV; API / Web Service,Restricted,https://www.ieat.go.th/web-upload/1xff0d34e409a13ef56eea54c52a291126/202205/m_document/8190/16421/file_download/2f763a7ceb431ec89442d39c616529f8.pdf,-,"ข้อมูลตำแหน่งที่ตั้งและขอบเขตของเขตนิคมอุตสาหกรรม | จากรายการขอข้อมูล WebGIS DCCE 19/01/2026 (1_Data_WebGIS_DCCE_20260119.xlsx → sheet: IEAT, ลำดับที่ 1)",Report แผนที่ตั้งนิคมอุตสาหกรรม 66 แห่ง ใน 16 จังหวัด,Report,,IEAT,,,,,,,,,,,,,,,,Baseline-Draft,Unverified-Baseline,-
MWA,MWA_1_1,ข้อมูลตำแหน่งที่ตั้งและขอบเขตของโรงประปานครหลวง,Forward-looking,Risk and Impact Assessment (DOM_022),EXPOSED_ASSET,Cross-cutting (ทุกภัย),Water (น้ำ),Historical,Up to 2025,จำนวนแห่ง,Annual,National,Point,Shapefile / Vector; CSV,Restricted,https://gisonline.mwa.co.th/fvt_gis/,-,"ข้อมูลตำแหน่งที่ตั้งและขอบเขตของโรงประปานครหลวง | จากรายการขอข้อมูล WebGIS DCCE 19/01/2026 (1_Data_WebGIS_DCCE_20260119.xlsx → sheet: MWA, ลำดับที่ 1)",Website,Website,,MWA,,,,,,,,,,,,,,,,Baseline-Draft,Unverified-Baseline,-
PWA,PWA_1_1,ข้อมูลตำแหน่งที่ตั้งและขอบเขตของโรงประปาส่วนภูมิภาค,Forward-looking,Risk and Impact Assessment (DOM_022),EXPOSED_ASSET,Cross-cutting (ทุกภัย),Water (น้ำ),Historical,2025 หรือล่าสุด,จำนวนแห่ง,Annual,National,Point,Shapefile / Vector; CSV; API / Web Service,Restricted,https://gisapp.pwa.co.th/p/home,,"ข้อมูลตำแหน่งที่ตั้งและขอบเขตของโรงประปาส่วนภูมิภาค | จากรายการขอข้อมูล WebGIS DCCE 19/01/2026 (1_Data_WebGIS_DCCE_20260119.xlsx → sheet: PWA, ลำดับที่ 1)",Website ระบบนำเข้าข้อมูล GIS ออนไลน์ การประปาส่วนภูมิภาค,Website,,PWA,,,,,,,,,,,,,,,,Baseline-Draft,Unverified-Baseline,Pending-Technical-Audit
PWA,PWA_2_1,ปริมาณน้ำใช้อุปโภคบริโภคและอุตสาหกรรม,Forward-looking,Risk and Impact Assessment (DOM_022),EXPOSED_ASSET,Drought (ภัยแล้ง); Heat (คลื่นความร้อน),Human Settlement — ตั้งถิ่นฐาน,Historical; Projected,1960-2014; 2015-2040; 2041-2060; 2061-2080; 2081-2100,ล้านลบ.ม.,Annual,National,Province,CSV,Restricted,-,-,อาจมาจาก: การประปาส่วนภูมิภาค (กปภ.) / การประปานครหลวง (กปน.); กรมโรงงานอุตสาหกรรม,Report รายงานฉบับสมบูรณ์โครงการปรับปรุงระบบฐานข้อมูลความเสี่ยงเชิงพื้นที่จากการเปลี่ยนแปลงสภาพภูมิอากาศ,Report,,PWA,,,,,,,,,,,,,,,,Baseline-Draft,Unverified-Baseline,-
PWA,PWA_2_2,เขตการให้บริการน้ำประปาส่วนภูมิภาค,Forward-looking,Risk and Impact Assessment (DOM_022),EXPOSED_ASSET,Drought (ภัยแล้ง); Heat (คลื่นความร้อน),Human Settlement — ตั้งถิ่นฐาน,Historical; Projected,1960-2014; 2015-2040; 2041-2060; 2061-2080; 2081-2100,-,Annual,National,Province,CSV,Restricted,-,-,อาจมาจาก: การประปาส่วนภูมิภาค (กปภ.),Report รายงานฉบับสมบูรณ์โครงการปรับปรุงระบบฐานข้อมูลความเสี่ยงเชิงพื้นที่จากการเปลี่ยนแปลงสภาพภูมิอากาศ,Report,,PWA,,,,,,,,,,,,,,,,Baseline-Draft,Unverified-Baseline,-
PWA,PWA_2_3,โครงสร้างพื้นฐานด้านประปา,Forward-looking,Risk and Impact Assessment (DOM_022),EXPOSED_ASSET,Flood (อุทกภัย),Human Settlement — ตั้งถิ่นฐาน,Historical; Projected,1960-2014; 2015-2040; 2041-2060; 2061-2080; 2081-2100,-,Annual,National,Province,CSV,Restricted,-,-,อาจมาจาก: การประปาส่วนภูมิภาค (กปภ.) / การประปานครหลวง (กปน.),Report รายงานฉบับสมบูรณ์โครงการปรับปรุงระบบฐานข้อมูลความเสี่ยงเชิงพื้นที่จากการเปลี่ยนแปลงสภาพภูมิอากาศ,Report,,PWA,,,,,,,,,,,,,,,,Baseline-Draft,Unverified-Baseline,-
PWA,PWA_2_4,สัดส่วนของหมู่บ้านหรือพื้นที่ให้บริการน้ำประปาต่อหมู่บ้านทั้งหมด,Forward-looking,Risk and Impact Assessment (DOM_022),SENSITIVITY,Drought (ภัยแล้ง); Flood (อุทกภัย); Heat (คลื่นความร้อน),Tourism — ท่องเที่ยว; Water — น้ำ,Historical; Projected,1960-2014; 2015-2040; 2041-2060; 2061-2080; 2081-2100,-,Annual,National,Province,CSV,Restricted,-,-,อาจมาจาก: การประปาส่วนภูมิภาค (กปภ.) / กรมส่งเสริมการปกครองท้องถิ่น (สัดส่วนหมู่บ้านมีน้ำประปา),Report รายงานฉบับสมบูรณ์โครงการปรับปรุงระบบฐานข้อมูลความเสี่ยงเชิงพื้นที่จากการเปลี่ยนแปลงสภาพภูมิอากาศ,Report,,PWA,,,,,,,,,,,,,,,,Baseline-Draft,Unverified-Baseline,-
SRT,SRT_1_1,แนวเส้นทางรถไฟ,Forward-looking,Risk and Impact Assessment (DOM_022),EXPOSED_ASSET,Cross-cutting (ทุกภัย),Human Settlement (ตั้งถิ่นฐาน),Historical,Unknown,-,Unknown,National,-,Shapefile,Restricted,https://www.railway.co.th/Home/Index,-,"ข้อมูลแนวเส้นและตำแหน่งของทางรถไฟ | จากรายการขอข้อมูล WebGIS DCCE 19/01/2026 (1_Data_WebGIS_DCCE_20260119.xlsx → sheet: SRT, ลำดับที่ 1)",Website การรถไฟแห่งประเทศไทย,Website,,SRT,,,,,,,,,,,,,,,,Baseline-Draft,Unverified-Baseline,-
NSO,NSO_1_1,จำนวนครัวเรือนทั้งหมด — WebGIS DCCE (รายจังหวัด),Forward-looking,Risk and Impact Assessment (DOM_022),EXPOSED_ASSET,Cross-cutting (ทุกภัย),Human Settlement (ตั้งถิ่นฐาน),Historical,Up to 2025,ครัวเรือน,Annual,National,Province,CSV,Open,https://nsodw.nso.go.th/dwportal/Home.aspx,-,"ข้อมูลจำนวนครัวเรือนทั้งหมดในแต่ละจังหวัด | จากรายการขอข้อมูล WebGIS DCCE 19/01/2026 (1_Data_WebGIS_DCCE_20260119.xlsx → sheet: NSO, ลำดับที่ 1)",Website ระบบคลังข้อมูลสถิติ,Website,,NSO,,,,,,,,,,,,,,,,Baseline-Draft,Unverified-Baseline,-
NSO,NSO_1_2,สำมะโนประชากรและเคหะ (Population and Housing Census),IMPACT (Backward-looking),Risk and Impact Assessment (DOM_022),EXPOSED_ASSET,Cross-cutting (ทุกภัย),Human Settlement (ตั้งถิ่นฐาน); Cross-cutting (หลายสาขา),Historical,ทุก 10 ปี,คน; ครัวเรือน,Annual,Tambon,ระดับตำบล (basic) ถึงระดับจังหวัด (deep attributes),Database; CSV,Open,https://nsodw.nso.go.th/dwportal/Home.aspx,-,วัดผู้อยู่อาศัยจริง ไม่ใช่ทะเบียนราษฎร์ | ข้อมูลจากการสัมภาษณ์,Website ระบบคลังข้อมูลสถิติ,Website,,NSO,,,,,,,,,,,,,,,,Baseline-Draft,Unverified-Baseline,-
NSO,NSO_1_3,สำมะโนการเกษตร (Agricultural Census),IMPACT (Backward-looking),Risk and Impact Assessment (DOM_022),SENSITIVITY,Drought (ภัยแล้ง); Flood (อุทกภัย),Agriculture (เกษตร),Historical,Unknown,ครัวเรือน; ไร่; THB,Annual,Tambon,ระดับตำบล,Database; CSV,Open,https://nsodw.nso.go.th/dwportal/Home.aspx,-,"รวมตัวชี้วัดความเปราะบาง: หนี้สิน, การเป็นเจ้าของทรัพย์สิน, การถือครองที่ดิน | ข้อมูลจากการสัมภาษณ์",Website ระบบคลังข้อมูลสถิติ,Website,,NSO,,,,,,,,,,,,,,,,Baseline-Draft,Unverified-Baseline,-
NSO,NSO_1_4,สำมะโนอุตสาหกรรม (Industrial Census),IMPACT (Backward-looking),Risk and Impact Assessment (DOM_022),EXPOSED_ASSET,Cross-cutting (ทุกภัย),Cross-cutting (หลายสาขา),Historical,Unknown,สถานประกอบการ,Annual,Province,รายจังหวัด,Database; CSV,Open,https://nsodw.nso.go.th/dwportal/Home.aspx,financial attributes ละเอียดได้แค่ระดับจังหวัด,- | ข้อมูลจากการสัมภาษณ์,Website ระบบคลังข้อมูลสถิติ,Website,,NSO,,,,,,,,,,,,,,,,Baseline-Draft,Unverified-Baseline,financial attributes ละเอียดได้แค่ระดับจังหวัด
NSO,NSO_1_5,การสำรวจภาวะการทำงานของประชากร (Labor Force Survey),IMPACT (Backward-looking),Risk and Impact Assessment (DOM_022),EXPOSED_ASSET,Cross-cutting (ทุกภัย),Cross-cutting (หลายสาขา),Historical,Unknown,คน,Monthly,Province,-,Database; CSV,Open,https://nsodw.nso.go.th/dwportal/Home.aspx,-,"สำรวจ ~20,000 ครัวเรือน/100,000 คน ต่อเดือน | ข้อมูลจากการสัมภาษณ์",Website ระบบคลังข้อมูลสถิติ,Website,,NSO,,,,,,,,,,,,,,,,Baseline-Draft,Unverified-Baseline,-
NSO,NSO_1_6,การสำรวจภาวะเศรษฐกิจและสังคมของครัวเรือน (Socio-Economic Survey - SES),IMPACT (Backward-looking),Risk and Impact Assessment (DOM_022),SENSITIVITY,Cross-cutting (ทุกภัย),Human Settlement (ตั้งถิ่นฐาน); Cross-cutting (หลายสาขา),Historical,Unknown,THB; ครัวเรือน,Annual,Province,-,Database; CSV,Open,https://nsodw.nso.go.th/dwportal/Home.aspx,ใช้ proxy questions เช่น การใช้เชื้อเพลิงแข็ง,- | ข้อมูลจากการสัมภาษณ์,Website ระบบคลังข้อมูลสถิติ,Website,,NSO,,,,,,,,,,,,,,,,Baseline-Draft,Unverified-Baseline,ใช้ proxy questions เช่น การใช้เชื้อเพลิงแข็ง
NSO,NSO_1_7,กรอบการพัฒนาสถิติสิ่งแวดล้อม (Framework for Development of Environment Statistics - FDES),Spatial Unit,Physical Climate (DOM_010),SPATIAL_UNIT,Cross-cutting (ทุกภัย),Natural Resources (ทรัพยากรธรรมชาติ); Cross-cutting (หลายสาขา),Historical,Unknown,-,Annual,National,-,PDF Report; Database,Restricted,-,รายการสถิติยังรอ ครม. อนุมัติ,ปรับจากแนวทาง UN: 6 components / 21 sub-components | ข้อมูลจากการสัมภาษณ์,ข้อมูลจากการสัมภาษณ์,Interview,,NSO,,,,,,,,,,,,,,,,Baseline-Draft,Unverified-Baseline,รายการสถิติยังรอ ครม. อนุมัติ
NSO,NSO_1_8,ฐานข้อมูล Common Frame ของสถานประกอบการ (Common Frame Database of establishments),Spatial Unit,Risk and Impact Assessment (DOM_022),EXPOSED_ASSET,Cross-cutting (ทุกภัย),Cross-cutting (หลายสาขา),Historical,Unknown,สถานประกอบการ,Annual,Tambon,ระดับตำบล,Database,Restricted,-,-,รวมข้อมูลจาก >10 หน่วยงาน เช่น พค. กรง. | ข้อมูลจากการสัมภาษณ์,ข้อมูลจากการสัมภาษณ์,Interview,,NSO,,,,,,,,,,,,,,,,Baseline-Draft,Unverified-Baseline,-
NSO,NSO_2_1,จำนวนครัวเรือนทั้งหมด — สำนักงานสถิติ/สภาพัฒน์ฯ,Forward-looking,Risk and Impact Assessment (DOM_022),EXPOSED_ASSET,Drought (ภัยแล้ง); Flood (อุทกภัย); Heat (คลื่นความร้อน),Human Settlement — ตั้งถิ่นฐาน,Historical; Projected,1960-2014; 2015-2040; 2041-2060; 2061-2080; 2081-2100,คน,Annual,National,Province,CSV,Restricted,-,-,อาจมาจาก: สำนักงานสถิติแห่งชาติ / สภาพัฒน์ฯ (ข้อมูลการจ้างงาน/ผู้มีงานทำ),Report รายงานฉบับสมบูรณ์โครงการปรับปรุงระบบฐานข้อมูลความเสี่ยงเชิงพื้นที่จากการเปลี่ยนแปลงสภาพภูมิอากาศ,Report,,NSO,,,,,,,,,,,,,,,,Baseline-Draft,Unverified-Baseline,-
NSO,NSO_2_2,จำนวนประชากรแฝง,Forward-looking,Risk and Impact Assessment (DOM_022),SENSITIVITY,Drought (ภัยแล้ง); Flood (อุทกภัย); Heat (คลื่นความร้อน),Human Settlement — ตั้งถิ่นฐาน,Historical; Projected,1960-2014; 2015-2040; 2041-2060; 2061-2080; 2081-2100,คน,Annual,National,Province,CSV,Restricted,-,-,อาจมาจาก: สำนักงานสถิติแห่งชาติ / สภาพัฒน์ฯ (ประชากรแฝง),Report รายงานฉบับสมบูรณ์โครงการปรับปรุงระบบฐานข้อมูลความเสี่ยงเชิงพื้นที่จากการเปลี่ยนแปลงสภาพภูมิอากาศ,Report,,NSO,,,,,,,,,,,,,,,,Baseline-Draft,Unverified-Baseline,-
NSO,NSO_2_3,จำนวนผู้ย้ายถิ่นภายใน 5 ปี,Forward-looking,Risk and Impact Assessment (DOM_022),SENSITIVITY,Drought (ภัยแล้ง); Flood (อุทกภัย); Heat (คลื่นความร้อน),Human Settlement — ตั้งถิ่นฐาน,Historical; Projected,1960-2014; 2015-2040; 2041-2060; 2061-2080; 2081-2100,คน,Annual,National,Province,CSV,Restricted,-,-,อาจมาจาก: สำนักงานสถิติแห่งชาติ / กรมการปกครอง (ข้อมูลผู้ย้ายถิ่น),Report รายงานฉบับสมบูรณ์โครงการปรับปรุงระบบฐานข้อมูลความเสี่ยงเชิงพื้นที่จากการเปลี่ยนแปลงสภาพภูมิอากาศ,Report,,NSO,,,,,,,,,,,,,,,,Baseline-Draft,Unverified-Baseline,-
NSO,NSO_2_4,จำนวนครัวเรือนที่ผู้หญิงเป็นแม่เลี้ยงเดี่ยว,Forward-looking,Risk and Impact Assessment (DOM_022),SENSITIVITY,Drought (ภัยแล้ง); Flood (อุทกภัย); Heat (คลื่นความร้อน),Human Settlement — ตั้งถิ่นฐาน,Historical; Projected,1960-2014; 2015-2040; 2041-2060; 2061-2080; 2081-2100,-,Annual,National,Province,CSV,Restricted,-,-,อาจมาจาก: สำนักงานสถิติแห่งชาติ / สภาพัฒน์ฯ,Report รายงานฉบับสมบูรณ์โครงการปรับปรุงระบบฐานข้อมูลความเสี่ยงเชิงพื้นที่จากการเปลี่ยนแปลงสภาพภูมิอากาศ,Report,,NSO,,,,,,,,,,,,,,,,Baseline-Draft,Unverified-Baseline,-
NSO,NSO_2_5,จำนวนครัวเรือนทั้งหมด,Forward-looking,Risk and Impact Assessment (DOM_022),EXPOSED_ASSET,Heat (คลื่นความร้อน),Water — น้ำ,Historical; Projected,1960-2014; 2015-2040; 2041-2060; 2061-2080; 2081-2100,ครัวเรือน,Annual,National,Province,CSV,Restricted,-,-,อาจมาจาก: สำนักงานสถิติแห่งชาติ / สภาพัฒน์ฯ (จำนวนครัวเรือน),Report รายงานฉบับสมบูรณ์โครงการปรับปรุงระบบฐานข้อมูลความเสี่ยงเชิงพื้นที่จากการเปลี่ยนแปลงสภาพภูมิอากาศ,Report,,NSO,,,,,,,,,,,,,,,,Baseline-Draft,Unverified-Baseline,-
NSO,NSO_2_6,สัดส่วนของประชากรที่สำเร็จการศึกษาตั้งแต่มัธยมศึกษาตอนปลายขึ้นไป,Forward-looking,Risk and Impact Assessment (DOM_022),ADAPTIVE_CAPACITY,Drought (ภัยแล้ง); Flood (อุทกภัย); Heat (คลื่นความร้อน),Public Health — สาธารณสุข,Historical; Projected,1960-2014; 2015-2040; 2041-2060; 2061-2080; 2081-2100,-,Annual,National,Province,CSV,Restricted,-,-,อาจมาจาก: สำนักงานสถิติแห่งชาติ / กระทรวงศึกษาธิการ (ระดับการศึกษา),Report รายงานฉบับสมบูรณ์โครงการปรับปรุงระบบฐานข้อมูลความเสี่ยงเชิงพื้นที่จากการเปลี่ยนแปลงสภาพภูมิอากาศ,Report,,NSO,,,,,,,,,,,,,,,,Baseline-Draft,Unverified-Baseline,-
EPPO,EPPO_1_1,ตำแหน่งที่ตั้งโรงไฟฟ้า,Forward-looking,Risk and Impact Assessment (DOM_022),EXPOSED_ASSET,Cross-cutting (ทุกภัย),Human Settlement (ตั้งถิ่นฐาน),Historical,Unknown,จำนวนแห่ง,Unknown,National,Point,CSV,Restricted,https://www2.eppo.go.th/cdf/data_regional_central.html,-,"ข้อมูลตำแหน่งที่ตั้งและขอบเขตของโรงไฟฟ้า รวมถึงประเภทโรงไฟฟ้า | จากรายการขอข้อมูล WebGIS DCCE 19/01/2026 (1_Data_WebGIS_DCCE_20260119.xlsx → sheet: EPPO, ลำดับที่ 1)",Website ข้อมูลโรงไฟฟ้า,Website,,EPPO,,,,,,,,,,,,,,,,Baseline-Draft,Unverified-Baseline,-
DPT,DPT_1_1,แผนที่พื้นที่เสี่ยงน้ำท่วมเพื่อการวางผังเมือง (Flood-prone area planning maps),IMPACT (Backward-looking),Risk and Impact Assessment (DOM_021),HAZARD_MAP,Flood (อุทกภัย),Human Settlement (ตั้งถิ่นฐาน),Historical,-,-,Event-based,Basin,-,Shapefile; PDF Report,Restricted,-,ใช้สถิติฝนในอดีต ยังไม่ปรับตามการเปลี่ยนแปลงสภาพภูมิอากาศ,ใช้ในงานวางผังเมืองและวางระบบระบายน้ำลุ่มน้ำ,ข้อมูลจากการสัมภาษณ์,Interview,,DPT,,,,,,,,,,,,,,,,Baseline-Draft,Unverified-Baseline,ใช้สถิติฝนในอดีต ยังไม่ปรับตามการเปลี่ยนแปลงสภาพภูมิอากาศ
DPT,DPT_1_2,ข้อมูลการใช้ประโยชน์ที่ดินจากผังเมือง (Land-use data from town/city plans),Spatial Unit,Risk and Impact Assessment (DOM_022),EXPOSED_ASSET,Cross-cutting (ทุกภัย),Human Settlement (ตั้งถิ่นฐาน),Historical,ตามรอบปรับปรุงผังเมือง,-,Event-based,Sub-national,ระดับจังหวัด/เมือง,Shapefile; PDF Report,Restricted,-,ส่วนใหญ่ยังเป็น PDF/กระดาษ ไม่ใช่ข้อมูล GIS-ready,ผลิตเองโดย DPT,ข้อมูลจากการสัมภาษณ์,Interview,,DPT,,,,,,,,,,,,,,,,Baseline-Draft,Unverified-Baseline,ส่วนใหญ่ยังเป็น PDF/กระดาษ ไม่ใช่ข้อมูล GIS-ready
DPT,DPT_1_3,ข้อมูลอาคารและการใช้ประโยชน์อาคารจากการสำรวจภาคสนาม (Building-use data from field surveys),Spatial Unit,Risk and Impact Assessment (DOM_022),EXPOSED_ASSET,Cross-cutting (ทุกภัย),Human Settlement (ตั้งถิ่นฐาน),Historical,-,-,Event-based,District,-,Shapefile,Restricted,-,ความถี่ในการอัปเดตขึ้นกับโครงการ ไม่ใช่ของ อปท.,ผลิตเองโดย DPT,ข้อมูลจากการสัมภาษณ์,Interview,,DPT,,,,,,,,,,,,,,,,Baseline-Draft,Unverified-Baseline,ความถี่ในการอัปเดตขึ้นกับโครงการ ไม่ใช่ของ อปท.
DPT,DPT_1_4,แผนระบบระบายน้ำลุ่มน้ำ (River-basin drainage planning data),Adaptation Planning,Response,RESPONSE,Flood (อุทกภัย),Water (น้ำ); Human Settlement (ตั้งถิ่นฐาน),Historical; Projected,-,-,Event-based,Basin,-,PDF Report; Shapefile,Restricted,-,ขาดข้อมูล terrain และโครงข่ายระบายน้ำที่ละเอียดพอสำหรับ flood model,-,ข้อมูลจากการสัมภาษณ์,Interview,,DPT,,,,,,,,,,,,,,,,Baseline-Draft,Unverified-Baseline,ขาดข้อมูล terrain และโครงข่ายระบายน้ำที่ละเอียดพอสำหรับ flood model
DPT,DPT_1_5,แผนที่ความเสี่ยงและแนวทางผังเมืองยืดหยุ่นจากโครงการ Urban-Act (Risk maps & resilient urban planning from Urban-Act project),Forward-looking,Risk and Impact Assessment (DOM_023),RISK_METRIC,Flood (อุทกภัย); Heat (คลื่นความร้อน),Human Settlement (ตั้งถิ่นฐาน),Projected,-,-,Annual,Sub-national,ระดับเมือง (เชียงใหม่ ภูเก็ต),Shapefile; PDF Report,Restricted,-,นำร่องเฉพาะบางพื้นที่ ยังไม่ครอบคลุมทั่วประเทศ,ความร่วมมือกับ GIZ และมหาวิทยาลัย,ข้อมูลจากการสัมภาษณ์,Interview,,DPT,,,,,,,,,,,,,,,,Baseline-Draft,Unverified-Baseline,นำร่องเฉพาะบางพื้นที่ ยังไม่ครอบคลุมทั่วประเทศ
DPT,DPT_2_1,พื้นที่เมือง,Forward-looking,Risk and Impact Assessment (DOM_022),EXPOSED_ASSET,Drought (ภัยแล้ง),Human Settlement — ตั้งถิ่นฐาน,Historical; Projected,1960-2014; 2015-2040; 2041-2060; 2061-2080; 2081-2100,ตร.กม.,Annual,National,Province,CSV,Restricted,-,-,อาจมาจาก: กรมโยธาธิการและผังเมือง / กรมพัฒนาที่ดิน (ขอบเขตพื้นที่เมือง/การใช้ที่ดิน); สภาพัฒน์ฯ (ข้อมูลประชากร/เมือง),Report รายงานฉบับสมบูรณ์โครงการปรับปรุงระบบฐานข้อมูลความเสี่ยงเชิงพื้นที่จากการเปลี่ยนแปลงสภาพภูมิอากาศ,Report,,DPT,,,,,,,,,,,,,,,,Baseline-Draft,Unverified-Baseline,-
DPT,DPT_2_2,โครงสร้างพื้นฐานการระบายน้ำ,Forward-looking,Risk and Impact Assessment (DOM_022),EXPOSED_ASSET,Flood (อุทกภัย),Human Settlement — ตั้งถิ่นฐาน,Historical; Projected,1960-2014; 2015-2040; 2041-2060; 2061-2080; 2081-2100,-,Annual,National,Province,CSV,Restricted,-,-,อาจมาจาก: กรมโยธาธิการและผังเมือง / กรุงเทพมหานคร (โครงสร้างการระบายน้ำ),Report รายงานฉบับสมบูรณ์โครงการปรับปรุงระบบฐานข้อมูลความเสี่ยงเชิงพื้นที่จากการเปลี่ยนแปลงสภาพภูมิอากาศ,Report,,DPT,,,,,,,,,,,,,,,,Baseline-Draft,Unverified-Baseline,-
DPT,DPT_2_3,สัดส่วนของระบบป้องกันน้ำท่วมของพื้นที่เมือง,Forward-looking,Risk and Impact Assessment (DOM_022),ADAPTIVE_CAPACITY,Flood (อุทกภัย),Human Settlement — ตั้งถิ่นฐาน,Historical; Projected,1960-2014; 2015-2040; 2041-2060; 2061-2080; 2081-2100,-,Annual,National,Province,CSV,Restricted,-,-,อาจมาจาก: กรมโยธาธิการและผังเมือง (ระบบป้องกันน้ำท่วมเขตเมือง),Report รายงานฉบับสมบูรณ์โครงการปรับปรุงระบบฐานข้อมูลความเสี่ยงเชิงพื้นที่จากการเปลี่ยนแปลงสภาพภูมิอากาศ,Report,,DPT,,,,,,,,,,,,,,,,Baseline-Draft,Unverified-Baseline,-
DPT,DPT_2_4,สัดส่วนของจำนวนของระบบป้องกันน้ำท่วมของพื้นที่เมือง (เทศบาล) ในพื้นที่ต่อจำนวนพื้นที่เมืองทั้งหมด,Forward-looking,Risk and Impact Assessment (DOM_022),ADAPTIVE_CAPACITY,Flood (อุทกภัย),Water — น้ำ,Historical; Projected,1960-2014; 2015-2040; 2041-2060; 2061-2080; 2081-2100,-,Annual,National,Province,CSV,Restricted,-,-,อาจมาจาก: กรมโยธาธิการและผังเมือง (ระบบป้องกันน้ำท่วมเขตเมือง/เทศบาล),Report รายงานฉบับสมบูรณ์โครงการปรับปรุงระบบฐานข้อมูลความเสี่ยงเชิงพื้นที่จากการเปลี่ยนแปลงสภาพภูมิอากาศ,Report,,DPT,,,,,,,,,,,,,,,,Baseline-Draft,Unverified-Baseline,-
BMA,BMA_1_1,ข้อมูลปริมาณน้ำฝนจากสถานีตรวจวัดของ กทม. (Rainfall measurements from BMA stations),IMPACT (Backward-looking),Risk and Impact Assessment (DOM_021),METEOROLOGICAL_OBSERVATION,Flood (อุทกภัย); Storm (พายุ),Water (น้ำ); Human Settlement (ตั้งถิ่นฐาน),Historical,-,mm,Real-time,Point,สถานีตรวจวัดของ กทม.,API / Web Service; CSV,Open,https://weather.bangkok.go.th,-,ใช้ตัดสินใจปฏิบัติการระบายน้ำ,ข้อมูลจากการสัมภาษณ์,Interview,,BMA,,,,,,,,,,,,,,,,Baseline-Draft,Unverified-Baseline,-
BMA,BMA_1_2,ข้อมูลภาพเรดาร์ตรวจฝน (Rainfall radar data),Forward-looking,Risk and Impact Assessment (DOM_021),METEOROLOGICAL_OBSERVATION,Flood (อุทกภัย); Storm (พายุ),Water (น้ำ),Forecast,-,mm/hr,Sub-daily,Sub-national,-,Image; API / Web Service,Open,https://weather.bangkok.go.th,พยากรณ์สั้น 1-3 ชม. ยังไม่แม่นยำสำหรับ rain bomb เฉพาะจุด,-,ข้อมูลจากการสัมภาษณ์,Interview,,BMA,,,,,,,,,,,,,,,,Baseline-Draft,Unverified-Baseline,พยากรณ์สั้น 1-3 ชม. ยังไม่แม่นยำสำหรับ rain bomb เฉพาะจุด
BMA,BMA_2_1,ข้อมูลระดับน้ำในคลอง (Canal water levels),IMPACT (Backward-looking),Risk and Impact Assessment (DOM_021),HAZARDOUS_EVENT,Flood (อุทกภัย),Water (น้ำ),Historical,-,m,Real-time,Point,คลอง/ประตูระบายน้ำ,API / Web Service,Open,https://data.bangkok.go.th/th/,-,-,ข้อมูลจากการสัมภาษณ์,Interview,,BMA,,,,,,,,,,,,,,,,Baseline-Draft,Unverified-Baseline,-
BMA,BMA_2_2,ข้อมูลตรวจวัดน้ำท่วมถนน (Road-flood monitoring data),IMPACT (Backward-looking),Risk and Impact Assessment (DOM_024),DISASTER_RECORD,Flood (อุทกภัย),Human Settlement (ตั้งถิ่นฐาน),Historical,-,-,Real-time,Point,จุดตรวจวัด,API / Web Service,Open,https://data.bangkok.go.th/th/,-,-,ข้อมูลจากการสัมภาษณ์,Interview,,BMA,,,,,,,,,,,,,,,,Baseline-Draft,Unverified-Baseline,-
BMA,BMA_2_3,ฐานข้อมูลทรัพย์สินระบบระบายน้ำ ท่อ คลอง อุโมงค์ สถานีสูบน้ำ ประตูระบายน้ำ (Drainage system asset inventory),Spatial Unit,Risk and Impact Assessment (DOM_022),EXPOSED_ASSET,Flood (อุทกภัย),Human Settlement (ตั้งถิ่นฐาน); Water (น้ำ),Historical,-,km; จำนวนแห่ง,Annual,Sub-national,ทั่วพื้นที่ กทม.,Shapefile; Database,Restricted,https://data.bangkok.go.th/th/,-,"ท่อระบายน้ำ ~6,800 km; คลอง ~2,700 km; อุโมงค์ระบายน้ำ 4 แห่ง",ข้อมูลจากการสัมภาษณ์,Interview,,BMA,,,,,,,,,,,,,,,,Baseline-Draft,Unverified-Baseline,-
BMA,BMA_2_4,ข้อมูลห้องและจุดคลายร้อนของ กทม. (Cooling rooms / cooling points),Adaptation Planning,Response,RESPONSE,Heat (คลื่นความร้อน),Public Health (สาธารณสุข); Human Settlement (ตั้งถิ่นฐาน),Historical,2569 (2026),จำนวนแห่ง,Annual,Sub-national,ทั่วพื้นที่ กทม.,Database; PDF Report,Open,https://data.bangkok.go.th/th/,-,255 ห้องคลายร้อน; ตามแผนจัดการความร้อน 2569,ข้อมูลจากการสัมภาษณ์,Interview,,BMA,,,,,,,,,,,,,,,,Baseline-Draft,Unverified-Baseline,-
BMA,BMA_3_1,ข้อมูลคุณภาพอากาศและดัชนีความร้อนของ กทม. (Air quality monitoring & Heat Index),IMPACT (Backward-looking),Risk and Impact Assessment (DOM_021),ENVIRONMENT,Heat (คลื่นความร้อน); Air Quality / Haze (คุณภาพอากาศ / หมอกควัน),Public Health (สาธารณสุข); Human Settlement (ตั้งถิ่นฐาน),Historical,-,°C; Heat Index; AQI,Real-time,Point,สถานีตรวจวัด,API / Web Service,Open,https://airbkk.com,ขาดข้อมูล urban heat island ระดับถนน/ย่าน,-,ข้อมูลจากการสัมภาษณ์,Interview,,BMA,,,,,,,,,,,,,,,,Baseline-Draft,Unverified-Baseline,ขาดข้อมูล urban heat island ระดับถนน/ย่าน
UDDC,UDDC_1_1,แบบจำลองน้ำท่วมรายละเอียดสูงด้วย DEM 1 เมตร (High-resolution flood inundation model with 1m DEM),Forward-looking,Risk and Impact Assessment (DOM_021),HAZARD_MAP,Flood (อุทกภัย),Human Settlement (ตั้งถิ่นฐาน); Water (น้ำ),Projected,Unknown,m (depth),Annual,Sub-national,1 m (Grid),GeoTIFF / Raster; Shapefile,Restricted,-,เฉพาะพื้นที่นำร่อง เชียงราย และสุราษฎร์ธานี,"โครงการ URBAN (IKI-Germany 2024-2028) ร่วมกับ ADPC, TMD, DDPM | SSP3; SSP5",ข้อมูลจากการสัมภาษณ์,Interview,,UDDC,,,,,,,,,,,,,,,,Baseline-Draft,Unverified-Baseline,เฉพาะพื้นที่นำร่อง เชียงราย และสุราษฎร์ธานี
UDDC,UDDC_1_2,ข้อมูลภูมิประเทศจากภาพถ่ายโดรน DSM/DTM ความละเอียด 20 ซม. (20cm drone-captured DSM/DTM),Spatial Unit,Physical Climate (DOM_010),TOPOGRAPHY,Flood (อุทกภัย),Natural Resources (ทรัพยากรธรรมชาติ); Human Settlement (ตั้งถิ่นฐาน),Historical,Unknown,m,Event-based,Point,0.2 m (Grid),GeoTIFF / Raster,Restricted,-,เก็บเฉพาะพื้นที่ออกแบบ NbS รายโครงการ,-,ข้อมูลจากการสัมภาษณ์,Interview,,UDDC,,,,,,,,,,,,,,,,Baseline-Draft,Unverified-Baseline,เก็บเฉพาะพื้นที่ออกแบบ NbS รายโครงการ
UDDC,UDDC_1_3,การประเมินความเปราะบางและความเสี่ยงเชิงพื้นที่ระดับเมือง (Local climate risk/vulnerability assessment),Forward-looking,Risk and Impact Assessment (DOM_022),VULNERABILITY_FRAMEWORK,Flood (อุทกภัย); Landslide (ดินถล่ม); Sea-level Rise (ระดับน้ำทะเลสูงขึ้น); Drought (ภัยแล้ง),Human Settlement (ตั้งถิ่นฐาน); Cross-cutting (หลายสาขา),Projected,Unknown,-,Annual,Sub-national,ระดับเมือง,Shapefile; PDF Report,Restricted,-,การ downscale ภัยแล้งทำได้ยาก เพราะขาดข้อมูล baseline น้ำใต้ดิน,ใช้แนวคิด Double Vulnerability ผสานข้อมูลกายภาพและเศรษฐกิจสังคม,ข้อมูลจากการสัมภาษณ์,Interview,,UDDC,,,,,,,,,,,,,,,,Baseline-Draft,Unverified-Baseline,การ downscale ภัยแล้งทำได้ยาก เพราะขาดข้อมูล baseline น้ำใต้ดิน
UDDC,UDDC_1_4,แผนยุทธศาสตร์เชิงพื้นที่และแผนจัดการพื้นที่ชุ่มน้ำท้องถิ่น (Spatial strategic plans & local wetland management plans),Adaptation Planning,Response,RESPONSE,Flood (อุทกภัย); Drought (ภัยแล้ง),Natural Resources (ทรัพยากรธรรมชาติ); Water (น้ำ),Projected,Unknown,-,Annual,Sub-national,ระดับเมือง/ตำบล,PDF Report; Shapefile,Restricted,-,-,-,ข้อมูลจากการสัมภาษณ์,Interview,,UDDC,,,,,,,,,,,,,,,,Baseline-Draft,Unverified-Baseline,-
UDDC,UDDC_1_5,ผลแบบจำลอง Urban InVest ประเมินศักยภาพระบบนิเวศเมือง (Urban InVest model outputs),Forward-looking,Risk and Impact Assessment (DOM_023),COMPOSITE_INDEX,Flood (อุทกภัย); Drought (ภัยแล้ง),Natural Resources (ทรัพยากรธรรมชาติ); Water (น้ำ),Projected,Unknown,-,Annual,Sub-national,ระดับเมือง,GeoTIFF / Raster; Shapefile,Restricted,-,ใช้บริการแบบจำลองภายนอก (Urban InVest),-,ข้อมูลจากการสัมภาษณ์,Interview,,UDDC,,,,,,,,,,,,,,,,Baseline-Draft,Unverified-Baseline,ใช้บริการแบบจำลองภายนอก (Urban InVest)
FTI,FTI_1_1,ข้อมูลความต้องการใช้น้ำของภาคอุตสาหกรรม (Industrial water demand data),IMPACT (Backward-looking),Risk and Impact Assessment (DOM_022),EXPOSED_ASSET,Drought (ภัยแล้ง),Water (น้ำ); Cross-cutting (หลายสาขา),Historical,Up to 2025,ลบ.ม.,Annual,Sub-national,Unknown,Database; CSV,Restricted,-,-,ใช้ใน War Room บริหารจัดการน้ำ EEC,ข้อมูลจากการสัมภาษณ์,Interview,,FTI,,,,,,,,,,,,,,,,Baseline-Draft,Unverified-Baseline,-
FTI,FTI_1_2,การประเมินความเสี่ยงการขาดแคลนน้ำระยะ 20 ปี (20-year water scarcity risk assessment),Forward-looking,Risk and Impact Assessment (DOM_023),RISK_METRIC,Drought (ภัยแล้ง),Water (น้ำ); Cross-cutting (หลายสาขา),Projected,Unknown,-,Annual,Sub-national,Unknown,PDF Report,Restricted,-,-,ทำงานร่วมกับ 9 หน่วยงานน้ำของชาติ,ข้อมูลจากการสัมภาษณ์,Interview,,FTI,,,,,,,,,,,,,,,,Baseline-Draft,Unverified-Baseline,-
NESDC,NESDC_1_1,การประเมินความเสี่ยงด้านสภาพภูมิอากาศของโครงการลงทุนโครงสร้างพื้นฐาน (Infrastructure climate risk evaluation),Forward-looking,Risk and Impact Assessment (DOM_023),RISK_METRIC,Flood (อุทกภัย); Drought (ภัยแล้ง),Cross-cutting (หลายสาขา),Projected,-,%,Annual,National,-,PDF Report,Restricted,-,ใช้สมมติฐานคงที่ (Discount rate 7%) เพราะขาดแบบจำลองความเสี่ยงเชิงปริมาณ,ใช้ประเมินโครงการกู้เงินขนาดใหญ่ เช่น โครงการเจ้าพระยา,ข้อมูลจากการสัมภาษณ์,Interview,,NESDC,,,,,,,,,,,,,,,,Baseline-Draft,Unverified-Baseline,ใช้สมมติฐานคงที่ (Discount rate 7%) เพราะขาดแบบจำลองความเสี่ยงเชิงปริมาณ
NESDC,NESDC_2_1,สัดส่วนของกลุ่มเปราะบาง (จำนวนผู้สูงอายุ > 60 ปี และเด็กอายุ 0-4 ปี),Forward-looking,Risk and Impact Assessment (DOM_022),EXPOSED_ASSET,Drought (ภัยแล้ง); Flood (อุทกภัย); Heat (คลื่นความร้อน),Public Health — สาธารณสุข,Historical; Projected,1960-2014; 2015-2040; 2041-2060; 2061-2080; 2081-2100,-,Annual,National,Province,CSV,Restricted,-,-,ระบุชัดเจน: สภาพัฒน์ฯ - ข้อมูลกลุ่มเปราะบาง (ผู้สูงอายุ + เด็ก) ระดับจังหวัด,Report รายงานฉบับสมบูรณ์โครงการปรับปรุงระบบฐานข้อมูลความเสี่ยงเชิงพื้นที่จากการเปลี่ยนแปลงสภาพภูมิอากาศ,Report,,NESDC,,,,,,,,,,,,,,,,Baseline-Draft,Unverified-Baseline,-
NESDC,NESDC_2_2,จำนวนประชากรจากการทะเบียน (ทะเบียนราษฎร์เท่านั้น),Forward-looking,Risk and Impact Assessment (DOM_022),SENSITIVITY,Drought (ภัยแล้ง); Flood (อุทกภัย); Heat (คลื่นความร้อน),Human Settlement — ตั้งถิ่นฐาน,Historical; Projected,1960-2014; 2015-2040; 2041-2060; 2061-2080; 2081-2100,คน,Annual,National,Province,CSV,Restricted,-,-,อาจมาจาก: สำนักงานสภาพัฒนาการเศรษฐกิจและสังคมแห่งชาติ (สภาพัฒน์ฯ) - ฐานข้อมูลคาดประมาณประชากร; กรมการปกครอง,Report รายงานฉบับสมบูรณ์โครงการปรับปรุงระบบฐานข้อมูลความเสี่ยงเชิงพื้นที่จากการเปลี่ยนแปลงสภาพภูมิอากาศ,Report,,NESDC,,,,,,,,,,,,,,,,Baseline-Draft,Unverified-Baseline,-
NESDC,NESDC_2_3,จำนวนผู้สูงอายุ (> 60 ปี),Forward-looking,Risk and Impact Assessment (DOM_022),SENSITIVITY,Drought (ภัยแล้ง); Flood (อุทกภัย); Heat (คลื่นความร้อน),Human Settlement — ตั้งถิ่นฐาน,Historical; Projected,1960-2014; 2015-2040; 2041-2060; 2061-2080; 2081-2100,คน,Annual,National,Province,CSV,Restricted,-,-,อาจมาจาก: สภาพัฒน์ฯ (ข้อมูลกลุ่มเปราะบางระดับจังหวัด); กรมการปกครอง,Report รายงานฉบับสมบูรณ์โครงการปรับปรุงระบบฐานข้อมูลความเสี่ยงเชิงพื้นที่จากการเปลี่ยนแปลงสภาพภูมิอากาศ,Report,,NESDC,,,,,,,,,,,,,,,,Baseline-Draft,Unverified-Baseline,-
NESDC,NESDC_2_4,จำนวนเด็กอายุ 0-17 ปี,Forward-looking,Risk and Impact Assessment (DOM_022),SENSITIVITY,Drought (ภัยแล้ง); Flood (อุทกภัย); Heat (คลื่นความร้อน),Human Settlement — ตั้งถิ่นฐาน,Historical; Projected,1960-2014; 2015-2040; 2041-2060; 2061-2080; 2081-2100,คน,Annual,National,Province,CSV,Restricted,-,-,อาจมาจาก: สภาพัฒน์ฯ / กรมการปกครอง (กลุ่มเปราะบางเด็ก),Report รายงานฉบับสมบูรณ์โครงการปรับปรุงระบบฐานข้อมูลความเสี่ยงเชิงพื้นที่จากการเปลี่ยนแปลงสภาพภูมิอากาศ,Report,,NESDC,,,,,,,,,,,,,,,,Baseline-Draft,Unverified-Baseline,-
NESDC,NESDC_2_5,ดัชนีความยากจนหลายมิติ (MPI),Forward-looking,Risk and Impact Assessment (DOM_022),SENSITIVITY,Drought (ภัยแล้ง); Flood (อุทกภัย); Heat (คลื่นความร้อน),Human Settlement — ตั้งถิ่นฐาน,Historical; Projected,1960-2014; 2015-2040; 2041-2060; 2061-2080; 2081-2100,-,Annual,National,Province,CSV,Restricted,-,-,อาจมาจาก: สภาพัฒน์ฯ (ดัชนีความยากจนหลายมิติ MPI),Report รายงานฉบับสมบูรณ์โครงการปรับปรุงระบบฐานข้อมูลความเสี่ยงเชิงพื้นที่จากการเปลี่ยนแปลงสภาพภูมิอากาศ,Report,,NESDC,,,,,,,,,,,,,,,,Baseline-Draft,Unverified-Baseline,-
NESDC,NESDC_2_6,จำนวนคนยากจน,Forward-looking,Risk and Impact Assessment (DOM_022),SENSITIVITY,Drought (ภัยแล้ง); Flood (อุทกภัย); Heat (คลื่นความร้อน),Human Settlement — ตั้งถิ่นฐาน,Historical; Projected,1960-2014; 2015-2040; 2041-2060; 2061-2080; 2081-2100,คน,Annual,National,Province,CSV,Restricted,-,-,อาจมาจาก: สภาพัฒน์ฯ (ข้อมูลความยากจน),Report รายงานฉบับสมบูรณ์โครงการปรับปรุงระบบฐานข้อมูลความเสี่ยงเชิงพื้นที่จากการเปลี่ยนแปลงสภาพภูมิอากาศ,Report,,NESDC,,,,,,,,,,,,,,,,Baseline-Draft,Unverified-Baseline,-
NESDC,NESDC_2_7,สัมประสิทธิ์ความไม่เสมอภาค,Forward-looking,Risk and Impact Assessment (DOM_022),SENSITIVITY,Drought (ภัยแล้ง); Flood (อุทกภัย); Heat (คลื่นความร้อน),Human Settlement — ตั้งถิ่นฐาน; Public Health — สาธารณสุข,Historical; Projected,1960-2014; 2015-2040; 2041-2060; 2061-2080; 2081-2100,-,Annual,National,Province,CSV,Restricted,-,-,อาจมาจาก: สภาพัฒน์ฯ (สัมประสิทธิ์ Gini/ความไม่เสมอภาค),Report รายงานฉบับสมบูรณ์โครงการปรับปรุงระบบฐานข้อมูลความเสี่ยงเชิงพื้นที่จากการเปลี่ยนแปลงสภาพภูมิอากาศ,Report,,NESDC,,,,,,,,,,,,,,,,Baseline-Draft,Unverified-Baseline,-
NESDC,NESDC_2_8,ดัชนีการพัฒนามนุษย์,Forward-looking,Risk and Impact Assessment (DOM_022),ADAPTIVE_CAPACITY,Drought (ภัยแล้ง); Flood (อุทกภัย); Heat (คลื่นความร้อน),Human Settlement — ตั้งถิ่นฐาน,Historical; Projected,1960-2014; 2015-2040; 2041-2060; 2061-2080; 2081-2100,-,Annual,National,Province,CSV,Restricted,-,-,อาจมาจาก: สภาพัฒน์ฯ / UNDP Thailand (ดัชนีการพัฒนามนุษย์ HDI),Report รายงานฉบับสมบูรณ์โครงการปรับปรุงระบบฐานข้อมูลความเสี่ยงเชิงพื้นที่จากการเปลี่ยนแปลงสภาพภูมิอากาศ,Report,,NESDC,,,,,,,,,,,,,,,,Baseline-Draft,Unverified-Baseline,-
NESDC,NESDC_2_9,ผลิตภัณฑ์จังหวัดต่อหัว (บาท),Forward-looking,Risk and Impact Assessment (DOM_022),ADAPTIVE_CAPACITY,Drought (ภัยแล้ง); Flood (อุทกภัย); Heat (คลื่นความร้อน),Human Settlement — ตั้งถิ่นฐาน; Public Health — สาธารณสุข,Historical; Projected,1960-2014; 2015-2040; 2041-2060; 2061-2080; 2081-2100,-,Annual,National,Province,CSV,Restricted,-,-,อาจมาจาก: สภาพัฒน์ฯ (ข้อมูล GPP/GPP per capita),Report รายงานฉบับสมบูรณ์โครงการปรับปรุงระบบฐานข้อมูลความเสี่ยงเชิงพื้นที่จากการเปลี่ยนแปลงสภาพภูมิอากาศ,Report,,NESDC,,,,,,,,,,,,,,,,Baseline-Draft,Unverified-Baseline,-
NESDC,NESDC_2_10,จำนวนประชากรรวม (ทะเบียนราษฎร์ + ประชากรแฝง),Forward-looking,Risk and Impact Assessment (DOM_022),ADAPTIVE_CAPACITY,Drought (ภัยแล้ง); Flood (อุทกภัย); Heat (คลื่นความร้อน),Human Settlement — ตั้งถิ่นฐาน,Historical; Projected,1960-2014; 2015-2040; 2041-2060; 2061-2080; 2081-2100,-,Annual,National,Province,CSV,Restricted,-,-,อาจมาจาก: สภาพัฒน์ฯ / UNDP Thailand (Gender Development Index),Report รายงานฉบับสมบูรณ์โครงการปรับปรุงระบบฐานข้อมูลความเสี่ยงเชิงพื้นที่จากการเปลี่ยนแปลงสภาพภูมิอากาศ,Report,,NESDC,,,,,,,,,,,,,,,,Baseline-Draft,Unverified-Baseline,-
NESDC,NESDC_2_11,จำนวนประชากรในพื้นที่ (ทะเบียนราษฎร์ + ประชากรแฝง),Forward-looking,Risk and Impact Assessment (DOM_022),EXPOSED_ASSET,Heat (คลื่นความร้อน),Water — น้ำ,Historical; Projected,1960-2014; 2015-2040; 2041-2060; 2061-2080; 2081-2100,-,Annual,National,Province,CSV,Restricted,-,-,อาจมาจาก: สภาพัฒน์ฯ (ฐานคาดประมาณประชากร) + กรมการปกครอง (ทะเบียนราษฎร์) + ประชากรแฝง,Report รายงานฉบับสมบูรณ์โครงการปรับปรุงระบบฐานข้อมูลความเสี่ยงเชิงพื้นที่จากการเปลี่ยนแปลงสภาพภูมิอากาศ,Report,,NESDC,,,,,,,,,,,,,,,,Baseline-Draft,Unverified-Baseline,-
NESDC,NESDC_2_12,จำนวนประชากรในพื้นที่ (ทั้งที่อยู่ในทะเบียนราษฎร์และประชากรแฝง),Forward-looking,Risk and Impact Assessment (DOM_022),EXPOSED_ASSET,Drought (ภัยแล้ง),Tourism — ท่องเที่ยว,Historical; Projected,1960-2014; 2015-2040; 2041-2060; 2061-2080; 2081-2100,-,Annual,National,Province,CSV,Restricted,-,-,อาจมาจาก: สภาพัฒน์ฯ + กรมการปกครอง (ประชากรในพื้นที่ + ประชากรแฝง),Report รายงานฉบับสมบูรณ์โครงการปรับปรุงระบบฐานข้อมูลความเสี่ยงเชิงพื้นที่จากการเปลี่ยนแปลงสภาพภูมิอากาศ,Report,,NESDC,,,,,,,,,,,,,,,,Baseline-Draft,Unverified-Baseline,-
NESDC,NESDC_2_13,จำนวนผู้สูงอายุพึ่งพิง,Forward-looking,Risk and Impact Assessment (DOM_022),SENSITIVITY,Drought (ภัยแล้ง); Flood (อุทกภัย); Heat (คลื่นความร้อน),Public Health — สาธารณสุข,Historical; Projected,1960-2014; 2015-2040; 2041-2060; 2061-2080; 2081-2100,คน,Annual,National,Province,CSV,Restricted,-,-,อาจมาจาก: สภาพัฒน์ฯ / กรมกิจการผู้สูงอายุ (ผู้สูงอายุพึ่งพิง),Report รายงานฉบับสมบูรณ์โครงการปรับปรุงระบบฐานข้อมูลความเสี่ยงเชิงพื้นที่จากการเปลี่ยนแปลงสภาพภูมิอากาศ,Report,,NESDC,,,,,,,,,,,,,,,,Baseline-Draft,Unverified-Baseline,-
MSDHS,MSDHS_1_1,ทะเบียนกลุ่มเปราะบางและสวัสดิการของ พม. (Vulnerable group welfare registry),IMPACT (Backward-looking),Risk and Impact Assessment (DOM_022),SENSITIVITY,Cross-cutting (ทุกภัย),Public Health (สาธารณสุข); Cross-cutting (หลายสาขา),Historical,-,คน; ครัวเรือน,Annual,Tambon,ระดับบุคคล/ครัวเรือน เผยแพร่ระดับตำบล,Database,Restricted,-,ขาด metadata และ data dictionary; ขาดทีมข้อมูล/IT เฉพาะทาง,เชื่อมข้อมูลผ่านเลข 13 หลักของ มท.,ข้อมูลจากการสัมภาษณ์,Interview,,MSDHS,,,,,,,,,,,,,,,,Baseline-Draft,Unverified-Baseline,ขาด metadata และ data dictionary; ขาดทีมข้อมูล/IT เฉพาะทาง
MSDHS,MSDHS_1_2,"ข้อมูลผู้ผ่านการอบรม ""ครู ก."" เตรียมพร้อมรับภัยพิบัติ (Teacher Kor disaster readiness training data)",Adaptation Planning,Response,RESPONSE,Cross-cutting (ทุกภัย),Public Health (สาธารณสุข); Human Settlement (ตั้งถิ่นฐาน),Historical,2025-2026,คน,Annual,National,-,Database; CSV,Restricted,-,-,"ปี 2568 อบรมแล้ว 43,000 คน; ปี 2569 ขยายไปยังกลุ่มเปราะบาง 200 คน/จังหวัด",ข้อมูลจากการสัมภาษณ์,Interview,,MSDHS,,,,,,,,,,,,,,,,Baseline-Draft,Unverified-Baseline,-
MSDHS,MSDHS_1_3,"แผนที่ความเสี่ยงพื้นที่ทับซ้อนกลุ่มเปราะบางจากความร่วมมือธนาคารโลก (World Bank vulnerability risk maps - Chiang Mai, Korat, Pattani)",Forward-looking,Risk and Impact Assessment (DOM_022),VULNERABILITY_FRAMEWORK,Flood (อุทกภัย); Drought (ภัยแล้ง); Heat (คลื่นความร้อน); Landslide (ดินถล่ม),Public Health (สาธารณสุข); Cross-cutting (หลายสาขา),Projected,2024-2025,-,Annual,Sub-national,3 จังหวัด,Shapefile; PDF Report,Restricted,-,พื้นที่นำร่อง 3 จังหวัด,ความร่วมมือกับธนาคารโลก และ จุฬาฯ Demography,ข้อมูลจากการสัมภาษณ์,Interview,,MSDHS,,,,,,,,,,,,,,,,Baseline-Draft,Unverified-Baseline,พื้นที่นำร่อง 3 จังหวัด
MSDHS,MSDHS_2_1,จำนวนชุมชนแออัด,Forward-looking,Risk and Impact Assessment (DOM_022),EXPOSED_ASSET,Drought (ภัยแล้ง); Flood (อุทกภัย); Heat (คลื่นความร้อน),Human Settlement — ตั้งถิ่นฐาน; Public Health — สาธารณสุข,Historical; Projected,1960-2014; 2015-2040; 2041-2060; 2061-2080; 2081-2100,ชุมชน,Annual,National,Province,CSV,Restricted,-,-,อาจมาจาก: กรมพัฒนาสังคมและสวัสดิการ / สภาพัฒน์ฯ; การเคหะแห่งชาติ,Report รายงานฉบับสมบูรณ์โครงการปรับปรุงระบบฐานข้อมูลความเสี่ยงเชิงพื้นที่จากการเปลี่ยนแปลงสภาพภูมิอากาศ,Report,,MSDHS,,,,,,,,,,,,,,,,Baseline-Draft,Unverified-Baseline,-
MSDHS,MSDHS_2_2,จำนวนผู้พิการหรือผู้ทุกพลภาพ,Forward-looking,Risk and Impact Assessment (DOM_022),SENSITIVITY,Drought (ภัยแล้ง); Flood (อุทกภัย); Heat (คลื่นความร้อน),Human Settlement — ตั้งถิ่นฐาน; Public Health — สาธารณสุข,Historical; Projected,1960-2014; 2015-2040; 2041-2060; 2061-2080; 2081-2100,คน,Annual,National,Province,CSV,Restricted,-,-,อาจมาจาก: กรมส่งเสริมและพัฒนาคุณภาพชีวิตคนพิการ / กระทรวงการพัฒนาสังคมฯ; สภาพัฒน์ฯ (กลุ่มเปราะบาง),Report รายงานฉบับสมบูรณ์โครงการปรับปรุงระบบฐานข้อมูลความเสี่ยงเชิงพื้นที่จากการเปลี่ยนแปลงสภาพภูมิอากาศ,Report,,MSDHS,,,,,,,,,,,,,,,,Baseline-Draft,Unverified-Baseline,-
OTP,OTP_1_1,ผลการประเมินความเสี่ยงโครงสร้างพื้นฐานคมนาคมต่อภัยพิบัติ (Climate Change Adaptation pilot for transport infrastructure),Forward-looking,Risk and Impact Assessment (DOM_023),RISK_METRIC,Flood (อุทกภัย); Landslide (ดินถล่ม); Sea-level Rise (ระดับน้ำทะเลสูงขึ้น),Human Settlement (ตั้งถิ่นฐาน); Cross-cutting (หลายสาขา),Projected,50-100 ปี,-,Annual,National,ระดับ km marker (highway) และเสาไฟ (railway),Shapefile; PDF Report,Restricted,-,ไม่รวมถนนของ อปท. และ กทม. (ยกเว้นถนนสายหลัก); ไม่รวมพายุหมุน,คาดเสร็จต้นปี 2570,ข้อมูลจากการสัมภาษณ์,Interview,,OTP,,,,,,,,,,,,,,,,Baseline-Draft,Unverified-Baseline,ไม่รวมถนนของ อปท. และ กทม. (ยกเว้นถนนสายหลัก); ไม่รวมพายุหมุน
OTP,OTP_1_3,ข้อมูล Origin-Destination และเส้นทางการขนส่ง (Origin-Destination & transport routes),IMPACT (Backward-looking),Risk and Impact Assessment (DOM_022),EXPOSED_ASSET,Cross-cutting (ทุกภัย),Human Settlement (ตั้งถิ่นฐาน),Historical,10 ปี,เที่ยว/วัน; คน,Annual,National,-,Shapefile; CSV,Restricted,-,-,-,ข้อมูลจากการสัมภาษณ์,Interview,,OTP,,,,,,,,,,,,,,,,Baseline-Draft,Unverified-Baseline,-
OTP,OTP_1_4,แบบจำลองอุทกวิทยาความละเอียดสูงเฉพาะเส้นทางคมนาคม (High-resolution hydrological model along transport routes),Forward-looking,Risk and Impact Assessment (DOM_021),HAZARD_MAP,Flood (อุทกภัย),Human Settlement (ตั้งถิ่นฐาน); Water (น้ำ),Projected,50-100 ปี,m (depth),Event-based,Sub-national,ระดับ km marker,GeoTIFF / Raster; Shapefile,Restricted,-,จ้างที่ปรึกษาจัดทำ ไม่ทำซ้ำหลังโครงการสิ้นสุด,ใช้ข้อมูลฝน 50-100 ปี และข้อมูลน้ำ 10 ปีย้อนหลัง,ข้อมูลจากการสัมภาษณ์,Interview,,OTP,,,,,,,,,,,,,,,,Baseline-Draft,Unverified-Baseline,จ้างที่ปรึกษาจัดทำ ไม่ทำซ้ำหลังโครงการสิ้นสุด
DWR,DWR_1_1,สถานีเตือนภัยน้ำท่วมล่วงหน้าของกรมทรัพยากรน้ำ,Forward-looking,Risk and Impact Assessment (DOM_022),ADAPTIVE_CAPACITY,Flood (อุทกภัย),,Human Settlement — ตั้งถิ่นฐาน; Water — น้ำ,1960-2014; 2015-2040; 2041-2060; 2061-2080; 2081-2100,-,Annual,National,Province,CSV,Restricted,-,-,ระบุชัดเจน: กรมทรัพยากรน้ำ - สถานีเตือนภัยน้ำท่วมล่วงหน้า (Early Warning System),Report รายงานฉบับสมบูรณ์โครงการปรับปรุงระบบฐานข้อมูลความเสี่ยงเชิงพื้นที่จากการเปลี่ยนแปลงสภาพภูมิอากาศ,Report,Historical; Projected,DWR,,,,,,,,,,,,,,,,Baseline-Draft,Unverified-Baseline,-
DWR,DWR_1_2,จำนวนสถานีเตือนภัยน้ำท่วม,Forward-looking,Risk and Impact Assessment (DOM_022),ADAPTIVE_CAPACITY,Flood (อุทกภัย),,Tourism — ท่องเที่ยว,1960-2014; 2015-2040; 2041-2060; 2061-2080; 2081-2100,-,Annual,National,Province,CSV,Restricted,-,-,ระบุชัดเจน: กรมทรัพยากรน้ำ - สถานีเตือนภัยน้ำท่วมล่วงหน้า,Report รายงานฉบับสมบูรณ์โครงการปรับปรุงระบบฐานข้อมูลความเสี่ยงเชิงพื้นที่จากการเปลี่ยนแปลงสภาพภูมิอากาศ,Report,Historical; Projected,DWR,,,,,,,,,,,,,,,,Baseline-Draft,Unverified-Baseline,-
DWR,DWR_1_3,ปริมาณน้ำท่าเฉลี่ยรายปี,Forward-looking,Risk and Impact Assessment (DOM_022),SENSITIVITY,Drought (ภัยแล้ง),,Agriculture — เกษตร; Tourism — ท่องเที่ยว; Water — น้ำ,1960-2014; 2015-2040; 2041-2060; 2061-2080; 2081-2100,ล้าน ลบ.ม./ปี,Annual,National,Province,CSV,Restricted,-,-,อาจมาจาก: กรมทรัพยากรน้ำ / สสน. (ปริมาณน้ำท่ารายปี),Report รายงานฉบับสมบูรณ์โครงการปรับปรุงระบบฐานข้อมูลความเสี่ยงเชิงพื้นที่จากการเปลี่ยนแปลงสภาพภูมิอากาศ,Report,Historical; Projected,DWR,,,,,,,,,,,,,,,,Baseline-Draft,Unverified-Baseline,-
DWR,DWR_1_4,โครงการพัฒนาแหล่งน้ำ,Forward-looking,Risk and Impact Assessment (DOM_022),ADAPTIVE_CAPACITY,Drought (ภัยแล้ง),,Water — น้ำ,1960-2014; 2015-2040; 2041-2060; 2061-2080; 2081-2100,-,Annual,National,Province,CSV,Restricted,-,-,อาจมาจาก: กรมทรัพยากรน้ำ / กรมชลประทาน (โครงการพัฒนาแหล่งน้ำ),Report รายงานฉบับสมบูรณ์โครงการปรับปรุงระบบฐานข้อมูลความเสี่ยงเชิงพื้นที่จากการเปลี่ยนแปลงสภาพภูมิอากาศ,Report,Historical; Projected,DWR,,,,,,,,,,,,,,,,Baseline-Draft,Unverified-Baseline,-
DWR,DWR_1_5,โครงการปรับตัวด้านการจัดการน้ำของหน่วยงานรัฐ,Forward-looking,Risk and Impact Assessment (DOM_022),ADAPTIVE_CAPACITY,Drought (ภัยแล้ง),,Water — น้ำ,1960-2014; 2015-2040; 2041-2060; 2061-2080; 2081-2100,-,Annual,National,Province,CSV,Restricted,-,-,อาจมาจาก: กรมทรัพยากรน้ำ / กรมชลประทาน / สสน. (โครงการปรับตัวด้านน้ำของรัฐ),Report รายงานฉบับสมบูรณ์โครงการปรับปรุงระบบฐานข้อมูลความเสี่ยงเชิงพื้นที่จากการเปลี่ยนแปลงสภาพภูมิอากาศ,Report,Historical; Projected,DWR,,,,,,,,,,,,,,,,Baseline-Draft,Unverified-Baseline,-
DWR,DWR_1_6,สัดส่วนของจำนวนของระบบแจ้งเตือนภัยน้ำท่วมและดินถล่มของพื้นที่ในพื้นที่ต่อจำนวนพื้นที่เสี่ยงน้ำท่วมและดินถล่ม,Forward-looking,Risk and Impact Assessment (DOM_022),ADAPTIVE_CAPACITY,Flood (อุทกภัย),,Water — น้ำ,1960-2014; 2015-2040; 2041-2060; 2061-2080; 2081-2100,-,Annual,National,Province,CSV,Restricted,-,-,อาจมาจาก: กรมทรัพยากรน้ำ / ปภ. (ระบบแจ้งเตือนภัยน้ำท่วม-ดินถล่ม),Report รายงานฉบับสมบูรณ์โครงการปรับปรุงระบบฐานข้อมูลความเสี่ยงเชิงพื้นที่จากการเปลี่ยนแปลงสภาพภูมิอากาศ,Report,Historical; Projected,DWR,,,,,,,,,,,,,,,,Baseline-Draft,Unverified-Baseline,-
DWR,DWR_1_7,จำนวนแหล่งน้ำผิวดิน (ขนาดใหญ่ กลาง และเล็ก),Forward-looking,Risk and Impact Assessment (DOM_022),ADAPTIVE_CAPACITY,Heat (คลื่นความร้อน),,Water — น้ำ,1960-2014; 2015-2040; 2041-2060; 2061-2080; 2081-2100,-,Annual,National,Province,CSV,Restricted,-,-,อาจมาจาก: กรมทรัพยากรน้ำ / สสน. (จำนวนแหล่งน้ำผิวดิน),Report รายงานฉบับสมบูรณ์โครงการปรับปรุงระบบฐานข้อมูลความเสี่ยงเชิงพื้นที่จากการเปลี่ยนแปลงสภาพภูมิอากาศ,Report,Historical; Projected,DWR,,,,,,,,,,,,,,,,Baseline-Draft,Unverified-Baseline,-
DWR,DWR_1_8,สัดส่วนของพื้นที่ผิวน้ำของแหล่งน้ำต่อพื้นที่ทั้งหมด,Forward-looking,Risk and Impact Assessment (DOM_022),ADAPTIVE_CAPACITY,Heat (คลื่นความร้อน),,Water — น้ำ,1960-2014; 2015-2040; 2041-2060; 2061-2080; 2081-2100,-,Annual,National,Province,CSV,Restricted,-,-,อาจมาจาก: กรมทรัพยากรน้ำ / สสน. (สัดส่วนพื้นที่ผิวน้ำ),Report รายงานฉบับสมบูรณ์โครงการปรับปรุงระบบฐานข้อมูลความเสี่ยงเชิงพื้นที่จากการเปลี่ยนแปลงสภาพภูมิอากาศ,Report,Historical; Projected,DWR,,,,,,,,,,,,,,,,Baseline-Draft,Unverified-Baseline,-
DWR,DWR_1_9,แหล่งน้ำธรรมชาติตื้นเขิน,Forward-looking,Risk and Impact Assessment (DOM_022),ADAPTIVE_CAPACITY,Drought (ภัยแล้ง),,Agriculture — เกษตร,1960-2014; 2015-2040; 2041-2060; 2061-2080; 2081-2100,-,Annual,National,Province,CSV,Restricted,-,-,อาจมาจาก: กรมทรัพยากรน้ำ / สสน. (แหล่งน้ำธรรมชาติ),Report รายงานฉบับสมบูรณ์โครงการปรับปรุงระบบฐานข้อมูลความเสี่ยงเชิงพื้นที่จากการเปลี่ยนแปลงสภาพภูมิอากาศ,Report,Historical; Projected,DWR,,,,,,,,,,,,,,,,Baseline-Draft,Unverified-Baseline,-
DWR,DWR_1_10,จำนวนแหล่งน้ำผิวดิน (รวมทุกขนาด),Forward-looking,Risk and Impact Assessment (DOM_022),ADAPTIVE_CAPACITY,Heat (คลื่นความร้อน),,Tourism — ท่องเที่ยว,1960-2014; 2015-2040; 2041-2060; 2061-2080; 2081-2100,-,Annual,National,Province,CSV,Restricted,-,-,อาจมาจาก: กรมทรัพยากรน้ำ / สสน. (จำนวนแหล่งน้ำผิวดิน),Report รายงานฉบับสมบูรณ์โครงการปรับปรุงระบบฐานข้อมูลความเสี่ยงเชิงพื้นที่จากการเปลี่ยนแปลงสภาพภูมิอากาศ,Report,Historical; Projected,DWR,,,,,,,,,,,,,,,,Baseline-Draft,Unverified-Baseline,-
MoPH,MOPH_1_1,จำนวนหน่วยบริการสังกัดกระทรวงสาธารณสุข,Forward-looking,Risk and Impact Assessment (DOM_022),ADAPTIVE_CAPACITY,Heat (คลื่นความร้อน),,Human Settlement — ตั้งถิ่นฐาน,1960-2014; 2015-2040; 2041-2060; 2061-2080; 2081-2100,-,Annual,National,Province,CSV,Restricted,-,-,ระบุชัดเจน: กระทรวงสาธารณสุข (สำนักงานปลัดกระทรวง สธ.) - จำนวนหน่วยบริการสุขภาพ,Report รายงานฉบับสมบูรณ์โครงการปรับปรุงระบบฐานข้อมูลความเสี่ยงเชิงพื้นที่จากการเปลี่ยนแปลงสภาพภูมิอากาศ,Report,Historical; Projected,MoPH,,,,,,,,,,,,,,,,Baseline-Draft,Unverified-Baseline,-
MoPH,MOPH_1_2,จำนวนหน่วยบริการสังกัดสำนักงานปลัดกระทรวงสาธารณสุข จำแนกตามระดับของสถานพยาบาล,Forward-looking,Risk and Impact Assessment (DOM_022),ADAPTIVE_CAPACITY,Drought (ภัยแล้ง); Flood (อุทกภัย); Heat (คลื่นความร้อน),,Public Health — สาธารณสุข,1960-2014; 2015-2040; 2041-2060; 2061-2080; 2081-2100,-,Annual,National,Province,CSV,Restricted,-,-,ระบุชัดเจน: กระทรวงสาธารณสุข (สำนักงานปลัดกระทรวง สธ.) - หน่วยบริการสุขภาพจำแนกตามระดับ,Report รายงานฉบับสมบูรณ์โครงการปรับปรุงระบบฐานข้อมูลความเสี่ยงเชิงพื้นที่จากการเปลี่ยนแปลงสภาพภูมิอากาศ,Report,Historical; Projected,MoPH,,,,,,,,,,,,,,,,Baseline-Draft,Unverified-Baseline,-
MoPH,MOPH_1_3,จำนวนผู้ป่วยโรคไม่ติดต่อ,Forward-looking,Risk and Impact Assessment (DOM_022),SENSITIVITY,Drought (ภัยแล้ง); Flood (อุทกภัย); Heat (คลื่นความร้อน),,Human Settlement — ตั้งถิ่นฐาน,1960-2014; 2015-2040; 2041-2060; 2061-2080; 2081-2100,-,Annual,National,Province,CSV,Restricted,-,-,อาจมาจาก: กระทรวงสาธารณสุข (สำนักงานปลัดกระทรวง สธ.); กรมอนามัย,Report รายงานฉบับสมบูรณ์โครงการปรับปรุงระบบฐานข้อมูลความเสี่ยงเชิงพื้นที่จากการเปลี่ยนแปลงสภาพภูมิอากาศ,Report,Historical; Projected,MoPH,,,,,,,,,,,,,,,,Baseline-Draft,Unverified-Baseline,-
MoPH,MOPH_1_4,จำนวนบุคลากรทางการแพทย์ต่อประชากร,Forward-looking,Risk and Impact Assessment (DOM_022),ADAPTIVE_CAPACITY,Heat (คลื่นความร้อน),,Human Settlement — ตั้งถิ่นฐาน,1960-2014; 2015-2040; 2041-2060; 2061-2080; 2081-2100,-,Annual,National,Province,CSV,Restricted,-,-,อาจมาจาก: กระทรวงสาธารณสุข (สำนักงานปลัดกระทรวง สธ.) - บุคลากรทางการแพทย์,Report รายงานฉบับสมบูรณ์โครงการปรับปรุงระบบฐานข้อมูลความเสี่ยงเชิงพื้นที่จากการเปลี่ยนแปลงสภาพภูมิอากาศ,Report,Historical; Projected,MoPH,,,,,,,,,,,,,,,,Baseline-Draft,Unverified-Baseline,-
MoPH,MOPH_1_5,สัดส่วนของอาสาสมัครสาธารณสุขประจำหมู่บ้าน,Forward-looking,Risk and Impact Assessment (DOM_022),ADAPTIVE_CAPACITY,Drought (ภัยแล้ง); Flood (อุทกภัย); Heat (คลื่นความร้อน),,Human Settlement — ตั้งถิ่นฐาน; Public Health — สาธารณสุข,1960-2014; 2015-2040; 2041-2060; 2061-2080; 2081-2100,-,Annual,National,Province,CSV,Restricted,-,-,อาจมาจาก: กรมสนับสนุนบริการสุขภาพ / กระทรวงสาธารณสุข (อาสาสมัครสาธารณสุขประจำหมู่บ้าน อสม.),Report รายงานฉบับสมบูรณ์โครงการปรับปรุงระบบฐานข้อมูลความเสี่ยงเชิงพื้นที่จากการเปลี่ยนแปลงสภาพภูมิอากาศ,Report,Historical; Projected,MoPH,,,,,,,,,,,,,,,,Baseline-Draft,Unverified-Baseline,-
MoPH,MOPH_1_6,อัตราการใช้บริการผู้ป่วยนอก (ครั้งต่อคนต่อปี),Forward-looking,Risk and Impact Assessment (DOM_022),ADAPTIVE_CAPACITY,Drought (ภัยแล้ง); Flood (อุทกภัย); Heat (คลื่นความร้อน),,Public Health — สาธารณสุข,1960-2014; 2015-2040; 2041-2060; 2061-2080; 2081-2100,-,Annual,National,Province,CSV,Restricted,-,-,อาจมาจาก: กระทรวงสาธารณสุข (สำนักงานปลัดกระทรวง สธ.) - อัตราการใช้บริการผู้ป่วยนอก,Report รายงานฉบับสมบูรณ์โครงการปรับปรุงระบบฐานข้อมูลความเสี่ยงเชิงพื้นที่จากการเปลี่ยนแปลงสภาพภูมิอากาศ,Report,Historical; Projected,MoPH,,,,,,,,,,,,,,,,Baseline-Draft,Unverified-Baseline,-
ONEP,ONEP_1_1,จำนวนพื้นที่ชุมน้ำที่มีการประกาศเป็นพื้นที่อนุรักษ์รายจังหวัด,Forward-looking,Risk and Impact Assessment (DOM_022),ADAPTIVE_CAPACITY,Drought (ภัยแล้ง); Heat (คลื่นความร้อน),,Natural Resources — ทรัพยากรธรรมชาติ,1960-2014; 2015-2040; 2041-2060; 2061-2080; 2081-2100,แห่ง,Annual,National,Province,CSV,Restricted,-,-,ระบุชัดเจน: สำนักงานนโยบายและแผนทรัพยากรธรรมชาติและสิ่งแวดล้อม (สผ.) - พื้นที่ชุ่มน้ำที่ประกาศอนุรักษ์,Report รายงานฉบับสมบูรณ์โครงการปรับปรุงระบบฐานข้อมูลความเสี่ยงเชิงพื้นที่จากการเปลี่ยนแปลงสภาพภูมิอากาศ,Report,Historical; Projected,ONEP,,,,,,,,,,,,,,,,Baseline-Draft,Unverified-Baseline,-
ONEP,ONEP_1_2,จำนวนพื้นที่ชุมน้ำที่มีความสำคัญระดับชาติและนานาชาติรายจังหวัด,Forward-looking,Risk and Impact Assessment (DOM_022),EXPOSED_ASSET,Drought (ภัยแล้ง); Heat (คลื่นความร้อน),,Natural Resources — ทรัพยากรธรรมชาติ,1960-2014; 2015-2040; 2041-2060; 2061-2080; 2081-2100,แห่ง,Annual,National,Province,CSV,Restricted,-,-,อาจมาจาก: สำนักงานนโยบายและแผนทรัพยากรธรรมชาติและสิ่งแวดล้อม (สผ.) - พื้นที่ชุ่มน้ำสำคัญ,Report รายงานฉบับสมบูรณ์โครงการปรับปรุงระบบฐานข้อมูลความเสี่ยงเชิงพื้นที่จากการเปลี่ยนแปลงสภาพภูมิอากาศ,Report,Historical; Projected,ONEP,,,,,,,,,,,,,,,,Baseline-Draft,Unverified-Baseline,-
DBD,DBD_1_1,สถานประกอบการบริการทั้งหมด,Forward-looking,Risk and Impact Assessment (DOM_022),EXPOSED_ASSET,Drought (ภัยแล้ง); Flood (อุทกภัย); Heat (คลื่นความร้อน),Water — น้ำ,Historical; Projected,1960-2014; 2015-2040; 2041-2060; 2061-2080; 2081-2100,แห่ง,Annual,National,Province,CSV,Restricted,-,-,อาจมาจาก: กรมพัฒนาธุรกิจการค้า / สำนักงานสถิติแห่งชาติ (สถานประกอบการบริการ),Report รายงานฉบับสมบูรณ์โครงการปรับปรุงระบบฐานข้อมูลความเสี่ยงเชิงพื้นที่จากการเปลี่ยนแปลงสภาพภูมิอากาศ,Report,,DBD,,,,,,,,,,,,,,,,Baseline-Draft,Unverified-Baseline,-
DDC,DDC_1_1,อัตราป่วยด้วยโรคไข้เลือดออกต่อประชากรแสนคน,Forward-looking,Risk and Impact Assessment (DOM_022),SENSITIVITY,Flood (อุทกภัย),Public Health — สาธารณสุข,Historical; Projected,1960-2014; 2015-2040; 2041-2060; 2061-2080; 2081-2100,-,Annual,National,Province,CSV,Restricted,-,-,อาจมาจาก: กรมควบคุมโรค / กระทรวงสาธารณสุข (อัตราป่วยโรคไข้เลือดออก),Report รายงานฉบับสมบูรณ์โครงการปรับปรุงระบบฐานข้อมูลความเสี่ยงเชิงพื้นที่จากการเปลี่ยนแปลงสภาพภูมิอากาศ,Report,,DDC,,,,,,,,,,,,,,,,Baseline-Draft,Unverified-Baseline,-
DGR,DGR_1_1,ปริมาณน้ำบาดาลสูบ,Forward-looking,Risk and Impact Assessment (DOM_022),EXPOSED_ASSET,Drought (ภัยแล้ง); Heat (คลื่นความร้อน),Human Settlement — ตั้งถิ่นฐาน,Historical; Projected,1960-2014; 2015-2040; 2041-2060; 2061-2080; 2081-2100,ล้านลบ.ม.,Annual,National,Province,CSV,Restricted,-,-,อาจมาจาก: กรมทรัพยากรน้ำบาดาล | Restricted,,Report รายงานฉบับสมบูรณ์โครงการปรับปรุงระบบฐานข้อมูลความเสี่ยงเชิงพื้นที่จากการเปลี่ยนแปลงสภาพภูมิอากาศ,,DGR,,,,,,,,,,,,,,,,Baseline-Draft,Unverified-Baseline,-
DGR,DGR_1_2,ปริมาณน้ำบาดาลที่สามารถนำมาใช้ได้รายปี,Forward-looking,Risk and Impact Assessment (DOM_022),ADAPTIVE_CAPACITY,Drought (ภัยแล้ง); Heat (คลื่นความร้อน),Human Settlement — ตั้งถิ่นฐาน; Water — น้ำ,Historical; Projected,1960-2014; 2015-2040; 2041-2060; 2061-2080; 2081-2100,ล้าน ลบ.ม./ปี,Annual,National,Province,CSV,Restricted,-,-,อาจมาจาก: กรมทรัพยากรน้ำบาดาล | Restricted,,Report รายงานฉบับสมบูรณ์โครงการปรับปรุงระบบฐานข้อมูลความเสี่ยงเชิงพื้นที่จากการเปลี่ยนแปลงสภาพภูมิอากาศ,,DGR,,,,,,,,,,,,,,,,Baseline-Draft,Unverified-Baseline,-
DGR,DGR_1_3,ปริมาณน้ำบาดาลที่พัฒนามาใช้,Forward-looking,Risk and Impact Assessment (DOM_022),ADAPTIVE_CAPACITY,Drought (ภัยแล้ง); Heat (คลื่นความร้อน),Agriculture — เกษตร; Human Settlement — ตั้งถิ่นฐาน; Water — น้ำ,Historical; Projected,1960-2014; 2015-2040; 2041-2060; 2061-2080; 2081-2100,ล้าน ลบ.ม./ปี,Annual,National,Province,CSV,Restricted,-,-,อาจมาจาก: กรมทรัพยากรน้ำบาดาล | Restricted,,Report รายงานฉบับสมบูรณ์โครงการปรับปรุงระบบฐานข้อมูลความเสี่ยงเชิงพื้นที่จากการเปลี่ยนแปลงสภาพภูมิอากาศ,,DGR,,,,,,,,,,,,,,,,Baseline-Draft,Unverified-Baseline,-
DIW,DIW_1_1,จำนวนโรงงานอุตสาหกรรม,Forward-looking,Risk and Impact Assessment (DOM_022),EXPOSED_ASSET,Drought (ภัยแล้ง); Flood (อุทกภัย); Heat (คลื่นความร้อน),Human Settlement — ตั้งถิ่นฐาน,Historical; Projected,1960-2014; 2015-2040; 2041-2060; 2061-2080; 2081-2100,แห่ง,Annual,National,Province,CSV,Restricted,-,-,อาจมาจาก: กรมโรงงานอุตสาหกรรม / การนิคมอุตสาหกรรมแห่งประเทศไทย (กนอ.),Report รายงานฉบับสมบูรณ์โครงการปรับปรุงระบบฐานข้อมูลความเสี่ยงเชิงพื้นที่จากการเปลี่ยนแปลงสภาพภูมิอากาศ,Report,,DIW,,,,,,,,,,,,,,,,Baseline-Draft,Unverified-Baseline,-
DIW,DIW_1_2,สถานประกอบการผลิตทั้งหมด,Forward-looking,Risk and Impact Assessment (DOM_022),EXPOSED_ASSET,Drought (ภัยแล้ง); Flood (อุทกภัย); Heat (คลื่นความร้อน),Water — น้ำ,Historical; Projected,1960-2014; 2015-2040; 2041-2060; 2061-2080; 2081-2100,แห่ง,Annual,National,Province,CSV,Restricted,-,-,อาจมาจาก: กรมโรงงานอุตสาหกรรม / กระทรวงอุตสาหกรรม / สำนักงานสถิติแห่งชาติ,Report รายงานฉบับสมบูรณ์โครงการปรับปรุงระบบฐานข้อมูลความเสี่ยงเชิงพื้นที่จากการเปลี่ยนแปลงสภาพภูมิอากาศ,Report,,DIW,,,,,,,,,,,,,,,,Baseline-Draft,Unverified-Baseline,-
DNP,DNP_1_1,สัดส่วนพื้นที่ป่าอนุรักษ์ต่อพื้นที่จังหวัด,Forward-looking,Risk and Impact Assessment (DOM_022),ADAPTIVE_CAPACITY,Drought (ภัยแล้ง); Flood (อุทกภัย); Heat (คลื่นความร้อน),Natural Resources — ทรัพยากรธรรมชาติ,Historical; Projected,1960-2014; 2015-2040; 2041-2060; 2061-2080; 2081-2100,-,Annual,National,Province,CSV,Restricted,-,-,อาจมาจาก: กรมอุทยานแห่งชาติ สัตว์ป่า และพันธุ์พืช (พื้นที่ป่าอนุรักษ์),Report รายงานฉบับสมบูรณ์โครงการปรับปรุงระบบฐานข้อมูลความเสี่ยงเชิงพื้นที่จากการเปลี่ยนแปลงสภาพภูมิอากาศ,Report,,DNP,,,,,,,,,,,,,,,,Baseline-Draft,Unverified-Baseline,-
DOAE,DOAE_1_1,จำนวนเกษตรกรที่ขึ้นทะเบียน,Forward-looking,Risk and Impact Assessment (DOM_022),ADAPTIVE_CAPACITY,Drought (ภัยแล้ง); Flood (อุทกภัย); Heat (คลื่นความร้อน),Agriculture — เกษตร,Historical; Projected,1960-2014; 2015-2040; 2041-2060; 2061-2080; 2081-2100,คน,Annual,National,Province,CSV,Restricted,-,-,อาจมาจาก: กรมส่งเสริมการเกษตร / สำนักงานเศรษฐกิจการเกษตร (เกษตรกรขึ้นทะเบียน),Report รายงานฉบับสมบูรณ์โครงการปรับปรุงระบบฐานข้อมูลความเสี่ยงเชิงพื้นที่จากการเปลี่ยนแปลงสภาพภูมิอากาศ,Report,,DOAE,,,,,,,,,,,,,,,,Baseline-Draft,Unverified-Baseline,-
EGAT,EGAT_1_1,โครงสร้างพื้นฐานด้านไฟฟ้า,Forward-looking,Risk and Impact Assessment (DOM_022),EXPOSED_ASSET,Flood (อุทกภัย),Human Settlement — ตั้งถิ่นฐาน,Historical; Projected,1960-2014; 2015-2040; 2041-2060; 2061-2080; 2081-2100,-,Annual,National,Province,CSV,Restricted,-,-,อาจมาจาก: การไฟฟ้าฝ่ายผลิต / การไฟฟ้าส่วนภูมิภาค / การไฟฟ้านครหลวง,Report รายงานฉบับสมบูรณ์โครงการปรับปรุงระบบฐานข้อมูลความเสี่ยงเชิงพื้นที่จากการเปลี่ยนแปลงสภาพภูมิอากาศ,Report,,EGAT,,,,,,,,,,,,,,,,Baseline-Draft,Unverified-Baseline,-
OAE,OAE_1_1,สัดส่วนพื้นที่การเกษตรต่อพื้นที่ทั้งหมด,Forward-looking,Risk and Impact Assessment (DOM_022),EXPOSED_ASSET,Drought (ภัยแล้ง); Flood (อุทกภัย); Heat (คลื่นความร้อน),Water — น้ำ,Historical; Projected,1960-2014; 2015-2040; 2041-2060; 2061-2080; 2081-2100,-,Annual,National,Province,CSV,Restricted,-,-,อาจมาจาก: สำนักงานเศรษฐกิจการเกษตร / กรมพัฒนาที่ดิน (สัดส่วนพื้นที่เกษตร),Report รายงานฉบับสมบูรณ์โครงการปรับปรุงระบบฐานข้อมูลความเสี่ยงเชิงพื้นที่จากการเปลี่ยนแปลงสภาพภูมิอากาศ,Report,,OAE,,,,,,,,,,,,,,,,Baseline-Draft,Unverified-Baseline,-
OAE,OAE_1_2,พื้นที่เพาะปลูกนอกเขตชลประทาน,Forward-looking,Risk and Impact Assessment (DOM_022),EXPOSED_ASSET,Drought (ภัยแล้ง); Flood (อุทกภัย),Agriculture — เกษตร,Historical; Projected,1960-2014; 2015-2040; 2041-2060; 2061-2080; 2081-2100,ไร่,Annual,National,Province,CSV,Restricted,-,-,อาจมาจาก: สำนักงานเศรษฐกิจการเกษตร / กรมชลประทาน (พื้นที่เพาะปลูกนอกเขตชลประทาน),Report รายงานฉบับสมบูรณ์โครงการปรับปรุงระบบฐานข้อมูลความเสี่ยงเชิงพื้นที่จากการเปลี่ยนแปลงสภาพภูมิอากาศ,Report,,OAE,,,,,,,,,,,,,,,,Baseline-Draft,Unverified-Baseline,-
OAE,OAE_1_3,พื้นที่การเกษตร,Forward-looking,Risk and Impact Assessment (DOM_022),EXPOSED_ASSET,Drought (ภัยแล้ง); Flood (อุทกภัย),Agriculture — เกษตร,Historical; Projected,1960-2014; 2015-2040; 2041-2060; 2061-2080; 2081-2100,-,Annual,National,Province,CSV,Restricted,-,-,อาจมาจาก: สำนักงานเศรษฐกิจการเกษตร / กรมพัฒนาที่ดิน (พื้นที่การเกษตร),Report รายงานฉบับสมบูรณ์โครงการปรับปรุงระบบฐานข้อมูลความเสี่ยงเชิงพื้นที่จากการเปลี่ยนแปลงสภาพภูมิอากาศ,Report,,OAE,,,,,,,,,,,,,,,,Baseline-Draft,Unverified-Baseline,-
OAE,OAE_1_4,จำนวนครัวเรือนเกษตรกรรม,Forward-looking,Risk and Impact Assessment (DOM_022),ADAPTIVE_CAPACITY,Heat (คลื่นความร้อน),Agriculture — เกษตร,Historical; Projected,1960-2014; 2015-2040; 2041-2060; 2061-2080; 2081-2100,ครัวเรือน,Annual,National,Province,CSV,Restricted,-,-,อาจมาจาก: สำนักงานเศรษฐกิจการเกษตร / สำนักงานสถิติแห่งชาติ (ครัวเรือนเกษตร),Report รายงานฉบับสมบูรณ์โครงการปรับปรุงระบบฐานข้อมูลความเสี่ยงเชิงพื้นที่จากการเปลี่ยนแปลงสภาพภูมิอากาศ,Report,,OAE,,,,,,,,,,,,,,,,Baseline-Draft,Unverified-Baseline,-
OAE,OAE_1_5,จำนวนครัวเรือนเกษตรกร,Forward-looking,Risk and Impact Assessment (DOM_022),EXPOSED_ASSET,Drought (ภัยแล้ง); Flood (อุทกภัย); Heat (คลื่นความร้อน),Public Health — สาธารณสุข,Historical; Projected,1960-2014; 2015-2040; 2041-2060; 2061-2080; 2081-2100,-,Annual,National,Province,CSV,Restricted,-,-,อาจมาจาก: สำนักงานเศรษฐกิจการเกษตร / กรมส่งเสริมการเกษตร (ครัวเรือนเกษตร),Report รายงานฉบับสมบูรณ์โครงการปรับปรุงระบบฐานข้อมูลความเสี่ยงเชิงพื้นที่จากการเปลี่ยนแปลงสภาพภูมิอากาศ,Report,,OAE,,,,,,,,,,,,,,,,Baseline-Draft,Unverified-Baseline,-
RFD,RFD_1_1,พื้นที่ที่มีสภาพป่า,Forward-looking,Risk and Impact Assessment (DOM_022),EXPOSED_ASSET,Heat (คลื่นความร้อน),Agriculture — เกษตร,Historical; Projected,1960-2014; 2015-2040; 2041-2060; 2061-2080; 2081-2100,ตร.ม.,Annual,National,Province,CSV,Restricted,-,-,อาจมาจาก: กรมป่าไม้ / กรมอุทยานแห่งชาติ สัตว์ป่า และพันธุ์พืช (พื้นที่ป่า),Report รายงานฉบับสมบูรณ์โครงการปรับปรุงระบบฐานข้อมูลความเสี่ยงเชิงพื้นที่จากการเปลี่ยนแปลงสภาพภูมิอากาศ,Report,,RFD,,,,,,,,,,,,,,,,Baseline-Draft,Unverified-Baseline,-
RFD,RFD_1_2,อัตราการสูญเสียพื้นที่ป่าในระยะเวลา 5 ปี รายจังหวัด,IMPACT (Backward-looking),Risk and Impact Assessment (DOM_024),LOSS_DAMAGE_RECORD,Drought (ภัยแล้ง); Flood (อุทกภัย); Heat (คลื่นความร้อน),Natural Resources — ทรัพยากรธรรมชาติ,Historical; Projected,1960-2014; 2015-2040; 2041-2060; 2061-2080; 2081-2100,-,Annual,National,Province,CSV,Restricted,-,-,อาจมาจาก: กรมป่าไม้ / GISTDA (อัตราการสูญเสียพื้นที่ป่า),Report รายงานฉบับสมบูรณ์โครงการปรับปรุงระบบฐานข้อมูลความเสี่ยงเชิงพื้นที่จากการเปลี่ยนแปลงสภาพภูมิอากาศ,Report,,RFD,,,,,,,,,,,,,,,,Baseline-Draft,Unverified-Baseline,-
RFD,RFD_1_3,สัดส่วนพื้นที่ป่าชุมชนต่อพื้นที่จังหวัด หรือจำนวนองค์กรป่าชุมชนรายจังหวัด,Forward-looking,Risk and Impact Assessment (DOM_022),ADAPTIVE_CAPACITY,Drought (ภัยแล้ง); Flood (อุทกภัย); Heat (คลื่นความร้อน),Natural Resources — ทรัพยากรธรรมชาติ,Historical; Projected,1960-2014; 2015-2040; 2041-2060; 2061-2080; 2081-2100,-,Annual,National,Province,CSV,Restricted,-,-,อาจมาจาก: กรมป่าไม้ (ป่าชุมชน/องค์กรป่าชุมชน),Report รายงานฉบับสมบูรณ์โครงการปรับปรุงระบบฐานข้อมูลความเสี่ยงเชิงพื้นที่จากการเปลี่ยนแปลงสภาพภูมิอากาศ,Report,,RFD,,,,,,,,,,,,,,,,Baseline-Draft,Unverified-Baseline,-
RID,RID_1_2,จำนวนสถานีวัดระดับน้ำ,Forward-looking,Risk and Impact Assessment (DOM_022),ADAPTIVE_CAPACITY,Drought (ภัยแล้ง); Flood (อุทกภัย),Human Settlement — ตั้งถิ่นฐาน; Tourism — ท่องเที่ยว; Water — น้ำ,Historical; Projected,1960-2014; 2015-2040; 2041-2060; 2061-2080; 2081-2100,-,Annual,National,Province,CSV,Restricted,-,-,อาจมาจาก: กรมชลประทาน / กรมทรัพยากรน้ำ / สสน. (สถานีวัดระดับน้ำ),Report รายงานฉบับสมบูรณ์โครงการปรับปรุงระบบฐานข้อมูลความเสี่ยงเชิงพื้นที่จากการเปลี่ยนแปลงสภาพภูมิอากาศ,Report,,RID,,,,,,,,,,,,,,,,Baseline-Draft,Unverified-Baseline,-
RID,RID_1_11,ปริมาณน้ำเก็บกัก (รวมรายปี),Forward-looking,Risk and Impact Assessment (DOM_022),ADAPTIVE_CAPACITY,Drought (ภัยแล้ง); Heat (คลื่นความร้อน),Tourism — ท่องเที่ยว,Historical; Projected,1960-2014; 2015-2040; 2041-2060; 2061-2080; 2081-2100,-,Annual,National,Province,CSV,Restricted,-,-,อาจมาจาก: กรมชลประทาน / กรมทรัพยากรน้ำ (ปริมาณน้ำเก็บกัก),Report รายงานฉบับสมบูรณ์โครงการปรับปรุงระบบฐานข้อมูลความเสี่ยงเชิงพื้นที่จากการเปลี่ยนแปลงสภาพภูมิอากาศ,Report,,RID,,,,,,,,,,,,,,,,Baseline-Draft,Unverified-Baseline,-
RID,RID_1_1,ปริมาณน้ำเก็บกักรายปี (รวมทุกขนาด),Forward-looking,Risk and Impact Assessment (DOM_022),ADAPTIVE_CAPACITY,Drought (ภัยแล้ง); Heat (คลื่นความร้อน),Agriculture — เกษตร; Human Settlement — ตั้งถิ่นฐาน,Historical; Projected,1960-2014; 2015-2040; 2041-2060; 2061-2080; 2081-2100,ล้าน ลบ.ม./ปี,Annual,National,Province,CSV,Restricted,-,-,อาจมาจาก: กรมชลประทาน / กรมทรัพยากรน้ำ (ปริมาณน้ำเก็บกัก),Report รายงานฉบับสมบูรณ์โครงการปรับปรุงระบบฐานข้อมูลความเสี่ยงเชิงพื้นที่จากการเปลี่ยนแปลงสภาพภูมิอากาศ,Report,,RID,,,,,,,,,,,,,,,,Baseline-Draft,Unverified-Baseline,-
RID,RID_1_4,ปริมาณน้ำเก็บกักรายปี (แหล่งน้ำขนาดใหญ่ กลาง และเล็ก),Forward-looking,Risk and Impact Assessment (DOM_022),ADAPTIVE_CAPACITY,Drought (ภัยแล้ง),Water — น้ำ,Historical; Projected,1960-2014; 2015-2040; 2041-2060; 2061-2080; 2081-2100,-,Annual,National,Province,CSV,Restricted,-,-,อาจมาจาก: กรมชลประทาน / กรมทรัพยากรน้ำ (ปริมาณน้ำเก็บกักรายปี),Report รายงานฉบับสมบูรณ์โครงการปรับปรุงระบบฐานข้อมูลความเสี่ยงเชิงพื้นที่จากการเปลี่ยนแปลงสภาพภูมิอากาศ,Report,,RID,,,,,,,,,,,,,,,,Baseline-Draft,Unverified-Baseline,-
RID,RID_1_6,ปริมาณน้ำหลากสูงสุด,Forward-looking,Risk and Impact Assessment (DOM_021),HAZARDOUS_EVENT,Flood (อุทกภัย),Water — น้ำ,Historical; Projected,1960-2014; 2015-2040; 2041-2060; 2061-2080; 2081-2100,ลบ.ม./วินาที,Annual,National,Province,CSV,Restricted,-,-,อาจมาจาก: กรมชลประทาน / สสน. (ปริมาณน้ำหลากสูงสุด),Report รายงานฉบับสมบูรณ์โครงการปรับปรุงระบบฐานข้อมูลความเสี่ยงเชิงพื้นที่จากการเปลี่ยนแปลงสภาพภูมิอากาศ,Report,,RID,,,,,,,,,,,,,,,,Baseline-Draft,Unverified-Baseline,-
RID,RID_1_10,พื้นที่ชลประทาน,Forward-looking,Risk and Impact Assessment (DOM_022),ADAPTIVE_CAPACITY,Drought (ภัยแล้ง); Flood (อุทกภัย),Agriculture — เกษตร,Historical; Projected,1960-2014; 2015-2040; 2041-2060; 2061-2080; 2081-2100,ตร.กม.,Annual,National,Province,CSV,Restricted,-,-,อาจมาจาก: กรมชลประทาน (พื้นที่ชลประทาน),Report รายงานฉบับสมบูรณ์โครงการปรับปรุงระบบฐานข้อมูลความเสี่ยงเชิงพื้นที่จากการเปลี่ยนแปลงสภาพภูมิอากาศ,Report,,RID,,,,,,,,,,,,,,,,Baseline-Draft,Unverified-Baseline,-
RID,RID_1_8,พื้นที่นอกเขตชลประทาน,Forward-looking,Risk and Impact Assessment (DOM_022),EXPOSED_ASSET,Drought (ภัยแล้ง); Flood (อุทกภัย),Agriculture — เกษตร,Historical; Projected,1960-2014; 2015-2040; 2041-2060; 2061-2080; 2081-2100,-,Annual,National,Province,CSV,Restricted,-,-,อาจมาจาก: กรมชลประทาน / กรมพัฒนาที่ดิน (พื้นที่นอกเขตชลประทาน),Report รายงานฉบับสมบูรณ์โครงการปรับปรุงระบบฐานข้อมูลความเสี่ยงเชิงพื้นที่จากการเปลี่ยนแปลงสภาพภูมิอากาศ,Report,,RID,,,,,,,,,,,,,,,,Baseline-Draft,Unverified-Baseline,-
RID,RID_1_9,พื้นที่เพาะปลูกในเขตชลประทาน,Forward-looking,Risk and Impact Assessment (DOM_022),ADAPTIVE_CAPACITY,Drought (ภัยแล้ง); Flood (อุทกภัย),Agriculture — เกษตร,Historical; Projected,1960-2014; 2015-2040; 2041-2060; 2061-2080; 2081-2100,ไร่,Annual,National,Province,CSV,Restricted,-,-,อาจมาจาก: กรมชลประทาน / สำนักงานเศรษฐกิจการเกษตร (พื้นที่เพาะปลูกในเขตชลประทาน),Report รายงานฉบับสมบูรณ์โครงการปรับปรุงระบบฐานข้อมูลความเสี่ยงเชิงพื้นที่จากการเปลี่ยนแปลงสภาพภูมิอากาศ,Report,,RID,,,,,,,,,,,,,,,,Baseline-Draft,Unverified-Baseline,-
RID,RID_1_7,สัดส่วนของพื้นที่แก้มลิง (หรือพื้นที่กักเก็บน้ำ) ต่อพื้นที่ทั้งหมด,Forward-looking,Risk and Impact Assessment (DOM_022),ADAPTIVE_CAPACITY,Flood (อุทกภัย),Water — น้ำ,Historical; Projected,1960-2014; 2015-2040; 2041-2060; 2061-2080; 2081-2100,-,Annual,National,Province,CSV,Restricted,-,-,อาจมาจาก: กรมชลประทาน / สสน. (พื้นที่แก้มลิง/พื้นที่กักเก็บน้ำ),Report รายงานฉบับสมบูรณ์โครงการปรับปรุงระบบฐานข้อมูลความเสี่ยงเชิงพื้นที่จากการเปลี่ยนแปลงสภาพภูมิอากาศ,Report,,RID,,,,,,,,,,,,,,,,Baseline-Draft,Unverified-Baseline,-
RID,RID_1_5,สัดส่วนพื้นที่ชลประทานต่อพื้นที่เกษตรทั้งหมด,Forward-looking,Risk and Impact Assessment (DOM_022),ADAPTIVE_CAPACITY,Drought (ภัยแล้ง); Flood (อุทกภัย); Heat (คลื่นความร้อน),Water — น้ำ,Historical; Projected,1960-2014; 2015-2040; 2041-2060; 2061-2080; 2081-2100,-,Annual,National,Province,CSV,Restricted,-,-,อาจมาจาก: กรมชลประทาน / สำนักงานเศรษฐกิจการเกษตร (สัดส่วนพื้นที่ชลประทาน),Report รายงานฉบับสมบูรณ์โครงการปรับปรุงระบบฐานข้อมูลความเสี่ยงเชิงพื้นที่จากการเปลี่ยนแปลงสภาพภูมิอากาศ,Report,,RID,,,,,,,,,,,,,,,,Baseline-Draft,Unverified-Baseline,-
RID,RID_1_3,สัดส่วนพื้นที่นอกเขตชลประทานต่อพื้นที่เกษตรทั้งหมด,Forward-looking,Risk and Impact Assessment (DOM_022),SENSITIVITY,Drought (ภัยแล้ง); Flood (อุทกภัย); Heat (คลื่นความร้อน),Water — น้ำ,Historical; Projected,1960-2014; 2015-2040; 2041-2060; 2061-2080; 2081-2100,-,Annual,National,Province,CSV,Restricted,-,-,อาจมาจาก: กรมชลประทาน / สำนักงานเศรษฐกิจการเกษตร (พื้นที่นอกเขตชลประทาน),Report รายงานฉบับสมบูรณ์โครงการปรับปรุงระบบฐานข้อมูลความเสี่ยงเชิงพื้นที่จากการเปลี่ยนแปลงสภาพภูมิอากาศ,Report,,RID,,,,,,,,,,,,,,,,Baseline-Draft,Unverified-Baseline,-
RTSD,RTSD_1_1,ระดับความสูงจากระดับน้ำทะเล,Forward-looking,Risk and Impact Assessment (DOM_022),SENSITIVITY,Drought (ภัยแล้ง); Flood (อุทกภัย),Agriculture — เกษตร,Historical; Projected,1960-2014; 2015-2040; 2041-2060; 2061-2080; 2081-2100,เมตร รทก.,Annual,National,Province,CSV,Restricted,-,-,อาจมาจาก: กรมแผนที่ทหาร / GISTDA (ระดับความสูงจากระดับน้ำทะเล DEM),Report รายงานฉบับสมบูรณ์โครงการปรับปรุงระบบฐานข้อมูลความเสี่ยงเชิงพื้นที่จากการเปลี่ยนแปลงสภาพภูมิอากาศ,Report,,RTSD,,,,,,,,,,,,,,,,Baseline-Draft,Unverified-Baseline,-
