asset_id,asset_title,asset_type,description,front_end_url,resource_url,source_group,owner,format
"SYS-001","ศูนย์ข้อมูลด้านการเปลี่ยนแปลงสภาพภูมิอากาศ","Data Product","ระบบสารสนเทศ/บริการอิเล็กทรอนิกส์ DCCE: ศูนย์ข้อมูลด้านการเปลี่ยนแปลงสภาพภูมิอากาศ","https://ccic.dcce.go.th/","https://ccic.dcce.go.th/","สารสนเทศ DCCE","กลุ่มพัฒนาเทคโนโลยีดิจิทัล","Web Application"
"SYS-002","ระบบบัญชีข้อมูล (Data Catalog) กรมการเปลี่ยนแปลงสภาพภูมิอากาศและสิ่งแวดล้อม","Data Product","ระบบสารสนเทศ/บริการอิเล็กทรอนิกส์ DCCE: ระบบบัญชีข้อมูล (Data Catalog) กรมการเปลี่ยนแปลงสภาพภูมิอากาศและสิ่งแวดล้อม","https://dgf.dcce.go.th/","https://dgf.dcce.go.th/","สารสนเทศ DCCE","กลุ่มพัฒนาเทคโนโลยีดิจิทัล","Web Application"
"SYS-003","ฐานข้อมูลความเสี่ยงจากการเปลี่ยนแปลงสภาพภูมิอากาศ","Data Product","ระบบสารสนเทศ/บริการอิเล็กทรอนิกส์ DCCE: ฐานข้อมูลความเสี่ยงจากการเปลี่ยนแปลงสภาพภูมิอากาศ","https://ccic.dcce.go.th/riskarea","https://ccic.dcce.go.th/riskarea","สารสนเทศ DCCE","กลุ่มพัฒนาเทคโนโลยีดิจิทัล","Web Application"
"SYS-004","ระบบสัมมนาและฝึกอบรมด้านสิ่งแวดล้อม","Data Product","ระบบสารสนเทศ/บริการอิเล็กทรอนิกส์ DCCE: ระบบสัมมนาและฝึกอบรมด้านสิ่งแวดล้อม","https://datacenter.dcce.go.th/training","https://datacenter.dcce.go.th/training","สารสนเทศ DCCE","กลุ่มพัฒนาเทคโนโลยีดิจิทัล","Web Application"
"SYS-005","ระบบการเรียนรู้ออนไลน์ (e-Learning)","Data Product","ระบบสารสนเทศ/บริการอิเล็กทรอนิกส์ DCCE: ระบบการเรียนรู้ออนไลน์ (e-Learning)","https://e-learning.dcce.go.th/lrs_deqp/home2","https://e-learning.dcce.go.th/lrs_deqp/home2","สารสนเทศ DCCE","กลุ่มพัฒนาเทคโนโลยีดิจิทัล","Web Application"
"SYS-006","หลักสูตรประกาศนียบัตรธรรมาภิบาลสิ่งแวดล้อมสำหรับนักบริหารระดับสูง (ปธส.)","Data Product","ระบบสารสนเทศ/บริการอิเล็กทรอนิกส์ DCCE: หลักสูตรประกาศนียบัตรธรรมาภิบาลสิ่งแวดล้อมสำหรับนักบริหารระดับสูง (ปธส.)","","","สารสนเทศ DCCE","กลุ่มพัฒนาเทคโนโลยีดิจิทัล",""
"SYS-007","เมืองสิ่งแวดล้อมยั่งยืน (SAR)","Data Product","ระบบสารสนเทศ/บริการอิเล็กทรอนิกส์ DCCE: เมืองสิ่งแวดล้อมยั่งยืน (SAR)","https://sar.dcce.go.th/","https://sar.dcce.go.th/","สารสนเทศ DCCE","กลุ่มพัฒนาเทคโนโลยีดิจิทัล","Web Application"
"SYS-008","ระบบพื้นที่สีเขียวในเขตเมืองและชุมชน (Green Area)","Data Product","ระบบสารสนเทศ/บริการอิเล็กทรอนิกส์ DCCE: ระบบพื้นที่สีเขียวในเขตเมืองและชุมชน (Green Area)","https://greenarea.dcce.go.th/landing_page_mini_site/","https://greenarea.dcce.go.th/landing_page_mini_site/","สารสนเทศ DCCE","กลุ่มพัฒนาเทคโนโลยีดิจิทัล","Web Application"
"SYS-009","ระบบบันทึกข้อมูลการจัดการขยะ (Data Trash)","Data Product","ระบบสารสนเทศ/บริการอิเล็กทรอนิกส์ DCCE: ระบบบันทึกข้อมูลการจัดการขยะ (Data Trash)","http://datatrash.dcce.go.th/intro","http://datatrash.dcce.go.th/intro","สารสนเทศ DCCE","กลุ่มพัฒนาเทคโนโลยีดิจิทัล","Web Application"
"SYS-010","ระบบจัดเก็บพลังงานและของเสีย (Energy and Waste)","Data Product","ระบบสารสนเทศ/บริการอิเล็กทรอนิกส์ DCCE: ระบบจัดเก็บพลังงานและของเสีย (Energy and Waste)","https://energyandwaste.dcce.go.th/","https://energyandwaste.dcce.go.th/","สารสนเทศ DCCE","กลุ่มพัฒนาเทคโนโลยีดิจิทัล","Web Application"
"SYS-011","ระบบรายงานจุดตรวจวัดคุณภาพสิ่งแวดล้อม (Monitor)","Data Product","ระบบสารสนเทศ/บริการอิเล็กทรอนิกส์ DCCE: ระบบรายงานจุดตรวจวัดคุณภาพสิ่งแวดล้อม (Monitor)","http://monitor.dcce.go.th/","http://monitor.dcce.go.th/","สารสนเทศ DCCE","กลุ่มพัฒนาเทคโนโลยีดิจิทัล","Web Application"
"SYS-012","ระบบงานเครือข่าย ทสม. เครือข่ายอาสาสมัครพิทักษ์ทรัพยากรธรรมชาติและสิ่งแวดล้อมหมู่บ้าน","Data Product","ระบบสารสนเทศ/บริการอิเล็กทรอนิกส์ DCCE: ระบบงานเครือข่าย ทสม. เครือข่ายอาสาสมัครพิทักษ์ทรัพยากรธรรมชาติและสิ่งแวดล้อมหมู่บ้าน","https://datacenter.dcce.go.th/nevt/home","https://datacenter.dcce.go.th/nevt/home","สารสนเทศ DCCE","กลุ่มพัฒนาเทคโนโลยีดิจิทัล","Web Application"
"SYS-013","ระบบงานบุคคลและองค์การเอกชนด้านสิ่งแวดล้อม (NGOs)","Data Product","ระบบสารสนเทศ/บริการอิเล็กทรอนิกส์ DCCE: ระบบงานบุคคลและองค์การเอกชนด้านสิ่งแวดล้อม (NGOs)","https://datacenter.dcce.go.th/ngos/","https://datacenter.dcce.go.th/ngos/","สารสนเทศ DCCE","กลุ่มพัฒนาเทคโนโลยีดิจิทัล","Web Application"
"SYS-014","โรงเรียนอีโคสคูล (Eco School)","Data Product","ระบบสารสนเทศ/บริการอิเล็กทรอนิกส์ DCCE: โรงเรียนอีโคสคูล (Eco School)","https://ecoschool.dcce.go.th/","https://ecoschool.dcce.go.th/","สารสนเทศ DCCE","กลุ่มพัฒนาเทคโนโลยีดิจิทัล","Web Application"
"SYS-015","ระบบบริการข้อมูลการผลิต การบริการ และการบริโภคที่เป็นมิตรกับสิ่งแวดล้อม (SCP)","Data Product","ระบบสารสนเทศ/บริการอิเล็กทรอนิกส์ DCCE: ระบบบริการข้อมูลการผลิต การบริการ และการบริโภคที่เป็นมิตรกับสิ่งแวดล้อม (SCP)","http://scpallgreen.dcce.go.th/","http://scpallgreen.dcce.go.th/","สารสนเทศ DCCE","กลุ่มพัฒนาเทคโนโลยีดิจิทัล","Web Application"
"SYS-016","มหิงสาสายสืบ","Data Product","ระบบสารสนเทศ/บริการอิเล็กทรอนิกส์ DCCE: มหิงสาสายสืบ","https://mahingsa.dcce.go.th/","https://mahingsa.dcce.go.th/","สารสนเทศ DCCE","กลุ่มพัฒนาเทคโนโลยีดิจิทัล","Web Application"
"SYS-017","โรงแรมที่เป็นมิตรกับสิ่งแวดล้อม (Green Hotel)","Data Product","ระบบสารสนเทศ/บริการอิเล็กทรอนิกส์ DCCE: โรงแรมที่เป็นมิตรกับสิ่งแวดล้อม (Green Hotel)","https://greenhotelthai.com/th/%20","https://greenhotelthai.com/th/%20","สารสนเทศ DCCE","กลุ่มพัฒนาเทคโนโลยีดิจิทัล","Web Application"
"SYS-018","ร้านอาหารที่เป็นมิตรกับสิ่งแวดล้อม (Green Restaurant)","Data Product","ระบบสารสนเทศ/บริการอิเล็กทรอนิกส์ DCCE: ร้านอาหารที่เป็นมิตรกับสิ่งแวดล้อม (Green Restaurant)","https://scpallgreen.dcce.go.th/project_detail.php?id=6","https://scpallgreen.dcce.go.th/project_detail.php?id=6","สารสนเทศ DCCE","กลุ่มพัฒนาเทคโนโลยีดิจิทัล","Web Application"
"SYS-019","สำนักงานสีเขียว (Green Office) ระดับประเทศ","Data Product","ระบบสารสนเทศ/บริการอิเล็กทรอนิกส์ DCCE: สำนักงานสีเขียว (Green Office) ระดับประเทศ","https://scpallgreen.dcce.go.th/project_detail.php?id=3","https://scpallgreen.dcce.go.th/project_detail.php?id=3","สารสนเทศ DCCE","กลุ่มพัฒนาเทคโนโลยีดิจิทัล","Web Application"
"SYS-020","สถานประกอบการที่มีการผลิตที่เป็นมิตรกับสิ่งแวดล้อม (Green Production)","Data Product","ระบบสารสนเทศ/บริการอิเล็กทรอนิกส์ DCCE: สถานประกอบการที่มีการผลิตที่เป็นมิตรกับสิ่งแวดล้อม (Green Production)","https://scpallgreen.dcce.go.th/project_detail.php?id=1","https://scpallgreen.dcce.go.th/project_detail.php?id=1","สารสนเทศ DCCE","กลุ่มพัฒนาเทคโนโลยีดิจิทัล","Web Application"
"SYS-021","อุทยานแห่งชาติสีเขียว (Green National Park)","Data Product","ระบบสารสนเทศ/บริการอิเล็กทรอนิกส์ DCCE: อุทยานแห่งชาติสีเขียว (Green National Park)","https://scpallgreen.dcce.go.th/project_detail.php?id=4","https://scpallgreen.dcce.go.th/project_detail.php?id=4","สารสนเทศ DCCE","กลุ่มพัฒนาเทคโนโลยีดิจิทัล","Web Application"
"SYS-022","ที่อยู่อาศัยที่เป็นมิตรกับสิ่งแวดล้อม (Green Residence)","Data Product","ระบบสารสนเทศ/บริการอิเล็กทรอนิกส์ DCCE: ที่อยู่อาศัยที่เป็นมิตรกับสิ่งแวดล้อม (Green Residence)","","","สารสนเทศ DCCE","กลุ่มพัฒนาเทคโนโลยีดิจิทัล",""
"SYS-023","การดำเนินงานด้านสิ่งแวดล้อม กรมการเปลี่ยนแปลงสภาพภูมิอากาศและสิ่งแวดล้อม","Data Product","ระบบสารสนเทศ/บริการอิเล็กทรอนิกส์ DCCE: การดำเนินงานด้านสิ่งแวดล้อม กรมการเปลี่ยนแปลงสภาพภูมิอากาศและสิ่งแวดล้อม","","","สารสนเทศ DCCE","กลุ่มพัฒนาเทคโนโลยีดิจิทัล",""
"SYS-024","การเปิดโอกาสให้เกิดการมีส่วนร่วม","Data Product","ระบบสารสนเทศ/บริการอิเล็กทรอนิกส์ DCCE: การเปิดโอกาสให้เกิดการมีส่วนร่วม","","","สารสนเทศ DCCE","กลุ่มพัฒนาเทคโนโลยีดิจิทัล",""
"SYS-025","โครงการโรงแรมที่เป็นมิตรกับสิ่งแวดล้อมยั่งยืน (Green Hotel Plus)","Data Product","ระบบสารสนเทศ/บริการอิเล็กทรอนิกส์ DCCE: โครงการโรงแรมที่เป็นมิตรกับสิ่งแวดล้อมยั่งยืน (Green Hotel Plus)","https://scpallgreen.dcce.go.th/project_detail.php?id=19","https://scpallgreen.dcce.go.th/project_detail.php?id=19","สารสนเทศ DCCE","กลุ่มพัฒนาเทคโนโลยีดิจิทัล","Web Application"
"PUB-001","แผนแม่บทรองรับการเปลี่ยนแปลงสภาพภูมิอากาศ พ.ศ. 2558 – 2593","Knowledge Asset","สิ่งพิมพ์/เอกสารเผยแพร่ในศูนย์ข้อมูลกลาง หมวดนโยบายและยุทธศาสตร์","https://www.dcce.go.th/datacenter/3353/","https://www.dcce.go.th/wp-content/uploads/2025/02/แผนแม่บทรองรับการเปลี่ยนแปลงสภาพภูมิอากาศ-2558-2593.pdf","ศูนย์ข้อมูลกลาง > นโยบายและยุทธศาสตร์","กองยุทธศาสตร์และความร่วมมือระหว่างประเทศ","PDF"
"PUB-002","นโยบายและการดำเนินงานตาม ข้อ 6 ของความตกลงปารีส (Article 6 of Paris Agreement)","Knowledge Asset","Related Documents Thailand Article 6","https://www.dcce.go.th/datacenter/5298/","https://www.dcce.go.th/wp-content/uploads/2025/04/Thailands-Article-6-paragraph-2-Initial-report.pdf","ศูนย์ข้อมูลกลาง > นโยบายและยุทธศาสตร์","กองยุทธศาสตร์และความร่วมมือระหว่างประเทศ","PDF"
"PUB-003","สรุป สาระสำคัญของร่างพระราชบัญญัติการเปลี่ยนแปลงสภาพภูมิอากาศ พ.ศ. ...","Knowledge Asset","สิ่งพิมพ์/เอกสารเผยแพร่ในศูนย์ข้อมูลกลาง หมวดพ.ร.บ. การเปลี่ยนแปลงสภาพภูมิอากาศ","https://www.dcce.go.th/datacenter/3350/","https://www.dcce.go.th/wp-content/uploads/2025/02/สรุปสาระสำคัญ-พรบ.-การเปลี่ยนแปลงสภาพภูมิอากาศ.pdf","ศูนย์ข้อมูลกลาง > พ.ร.บ. การเปลี่ยนแปลงสภาพภูมิอากาศ","กองยุทธศาสตร์และความร่วมมือระหว่างประเทศ","PDF"
"PUB-004","ร่างพระราชบัญญัติการเปลี่ยนแปลงสภาพภูมิอากาศ พ.ศ. ...","Knowledge Asset","สิ่งพิมพ์/เอกสารเผยแพร่ในศูนย์ข้อมูลกลาง หมวดพ.ร.บ. การเปลี่ยนแปลงสภาพภูมิอากาศ","https://www.dcce.go.th/datacenter/3345/","https://www.dcce.go.th/wp-content/uploads/2025/02/ร่าง-พ.ร.บ.-การเปลี่ยนแปลงสภาพภูมิอากาศ-พ.ศ.-.pdf","ศูนย์ข้อมูลกลาง > พ.ร.บ. การเปลี่ยนแปลงสภาพภูมิอากาศ","กองยุทธศาสตร์และความร่วมมือระหว่างประเทศ","PDF"
"PUB-005","NDC Action Plan on Mitigation 2021 – 2030","Knowledge Asset","แผนปฏิบัติการด้านการลดก๊าซเรือนกระจกของประเทศ ปี พ.ศ. 2564 – 2573 (ค.ศ. 2021 – 2030) จัดทำขึ้นเพื่อเป็นกรอบการดำเนินงานด้านการลดก๊าซเรือนกระจกของประเทศรายสาขา สอดคล้องตามการมีส่วนร่วมที่ประเทศกำหนด (Nationally Determined Contribution : NDC) มีเป้าประสงค์ในการบรรลุเป้าหมายการลดก๊าซเรือนกร","https://www.dcce.go.th/datacenter/653/","https://www.dcce.go.th/wp-content/uploads/2025/03/E-Book_แผนปฏิบัติการด้านการลดก๊าซเรือนกระจก-2025.04.26-.pdf","ศูนย์ข้อมูลกลาง > แผนปฏิบัติการลดก๊าซเรือนกระจกของประเทศ","กองยุทธศาสตร์และความร่วมมือระหว่างประเทศ","PDF"
"PUB-006","NDC Action Plan on Mitigation","Knowledge Asset","สิ่งพิมพ์/เอกสารเผยแพร่ในศูนย์ข้อมูลกลาง หมวดแผนปฏิบัติการลดก๊าซเรือนกระจกของประเทศ","https://www.dcce.go.th/datacenter/651/","https://www.dcce.go.th/datacenter/651/","ศูนย์ข้อมูลกลาง > แผนปฏิบัติการลดก๊าซเรือนกระจกของประเทศ","กองยุทธศาสตร์และความร่วมมือระหว่างประเทศ","Web Page"
"PUB-007","รายงานความโปร่งใสรายสองปี ฉบับที่ 1 (Thailand’s First Biennial Transparency Report : BTR1)","Knowledge Asset","สิ่งพิมพ์/เอกสารเผยแพร่ในศูนย์ข้อมูลกลาง หมวดการปรับตัวต่อการเปลี่ยนแปลงสภาพภูมิอากาศ","https://www.dcce.go.th/datacenter/6827/","https://www.dcce.go.th/wp-content/uploads/2024/12/Submitted-1st-BTR_compressed-1.pdf","ศูนย์ข้อมูลกลาง > การปรับตัวต่อการเปลี่ยนแปลงสภาพภูมิอากาศ","กองยุทธศาสตร์และความร่วมมือระหว่างประเทศ","PDF"
"PUB-008","รายงานความโปร่งใสรายสองปี ฉบับที่ 1 (Thailand Biennial Transparency Report : BTR1) ฉบับประชาชน","Knowledge Asset","สิ่งพิมพ์/เอกสารเผยแพร่ในศูนย์ข้อมูลกลาง หมวดการปรับตัวต่อการเปลี่ยนแปลงสภาพภูมิอากาศ","https://www.dcce.go.th/datacenter/6821/","https://www.dcce.go.th/wp-content/uploads/2025/03/รายงานความโปร่งใสรายสองปี-ฉบับที่-1-BTR1-ฉบับประชาชน.pdf","ศูนย์ข้อมูลกลาง > การปรับตัวต่อการเปลี่ยนแปลงสภาพภูมิอากาศ","กองยุทธศาสตร์และความร่วมมือระหว่างประเทศ","PDF"
"PUB-009","แผนการปรับตัวต่อการเปลี่ยนแปลงสภาพภูมิอากาศแห่งชาติ (Thailand's National Adaptation Plan : NAP)","Knowledge Asset","แผน NAP เป็นกรอบแนวทางสำคัญในการเสริมสร้างภูมิคุ้มกันให้ประเทศ พร้อมรับมือกับผลกระทบจากการเปลี่ยนแปลงสภาพภูมิอากาศ และมุ่งสู่การพัฒนาที่ยั่งยืน ครอบคลุม 6 ด้านสำคัญ ได้แก่ 💧 การจัดการทรัพยากรน้ำ 🌾 เกษตรและความมั่นคงทางอาหาร 🏖️ การท่องเที่ยว 🏥 สาธารณสุข 🌿 การจัดการทรัพยา","https://www.dcce.go.th/datacenter/6553/adaptation/national-adaptation-plan-nap-2568/","https://www.dcce.go.th/datacenter/6553/adaptation/national-adaptation-plan-nap-2568/","ศูนย์ข้อมูลกลาง > การปรับตัวต่อการเปลี่ยนแปลงสภาพภูมิอากาศ","กองยุทธศาสตร์และความร่วมมือระหว่างประเทศ","Web Page"
"PUB-010","ระบบฐานข้อมูลความเสี่ยงจากการเปลี่ยนแปลงภูมิอากาศ","Knowledge Asset","ระบบฐานข้อมูลความเสี่ยงจากการเปลี่ยนแปลงภูมิอากาศ โดย กองขับเคลื่อนการเปรับตัวต่อการเปลี่ยนแหลงสภาพภูมิอากาศ","https://www.dcce.go.th/datacenter/19250/","https://www.dcce.go.th/datacenter/19250/","ศูนย์ข้อมูลกลาง > การปรับตัวต่อการเปลี่ยนแปลงสภาพภูมิอากาศ","กองยุทธศาสตร์และความร่วมมือระหว่างประเทศ","Web Page"
"PUB-011","วารสารด้านการปรับตัวต่อการเปลี่ยนแปลงสภาพภูมิอากาศ","Knowledge Asset","สิ่งพิมพ์/เอกสารเผยแพร่ในศูนย์ข้อมูลกลาง หมวดการปรับตัวต่อการเปลี่ยนแปลงสภาพภูมิอากาศ","https://www.dcce.go.th/datacenter/22750/","https://www.dcce.go.th/datacenter/22750/","ศูนย์ข้อมูลกลาง > การปรับตัวต่อการเปลี่ยนแปลงสภาพภูมิอากาศ","กองยุทธศาสตร์และความร่วมมือระหว่างประเทศ","Web Page"
"PUB-012","คู่มือการจัดทำห่วงโซ่ผลกระทบจากการเปลี่ยนแปลงสภาพภูมิอากาศ","Knowledge Asset","คู่มือการจัดทำห่วงโซ่ผลกระทบจากการเปลี่ยนแปลงสภาพภูมิอากาศ จัดทำโดย กองขับเคลื่อนการปรับตัวจากการเปลี่ยนแปลงสภาพภูมิอากาศ /กลุ่มวิเคราะห์ความเสี่ยงจากการเปลี่ยนแปลงสภาพภูมิอากาศ เผยแพร่เมื่อธันวาคม 2567 ประเภทสื่อ: สื่อสิ่งพิมพ์ / คู่มือ","https://www.dcce.go.th/datacenter/19243/","https://www.dcce.go.th/media/5075/?download_file=1&file_id=5076","ศูนย์ข้อมูลกลาง > การปรับตัวต่อการเปลี่ยนแปลงสภาพภูมิอากาศ","กองยุทธศาสตร์และความร่วมมือระหว่างประเทศ","PDF"
"PUB-013","COP 30","Knowledge Asset","ธรรมชาติและอาหาร: ปกป้องป่าเขตร้อนและการเกษตรยุคใหม่ การประชุม COP30 ในภูมิภาคแอมะซอนเน้นย้ำความสำคัญของการคุ้มครองธรรมชาติอย่างไม่เคยมีมาก่อน โดยเปิดตัวกองทุนเพื่อป่าเขตร้อนตลอดกาล (Tropical Forest Forever Facility – TFFF) ด้วยเงินตั้งต้น 5,500 ล้านดอลลาร์ ตั้งเป้าระดมให้ถึง 1.25 หมื่นล้าน","https://www.dcce.go.th/datacenter/14682/","https://www.dcce.go.th/datacenter/14682/","ศูนย์ข้อมูลกลาง > การประชุมด้านสภาพภูมิอากาศโลก","กองยุทธศาสตร์และความร่วมมือระหว่างประเทศ","Web Page"
"PUB-014","COP 29","Knowledge Asset","สิ่งพิมพ์/เอกสารเผยแพร่ในศูนย์ข้อมูลกลาง หมวดการประชุมด้านสภาพภูมิอากาศโลก","https://www.dcce.go.th/datacenter/3356/","https://www.dcce.go.th/wp-content/uploads/2025/02/COP29-Interactive-Screen.pdf","ศูนย์ข้อมูลกลาง > การประชุมด้านสภาพภูมิอากาศโลก","กองยุทธศาสตร์และความร่วมมือระหว่างประเทศ","PDF"
"PUB-015","COP 28","Knowledge Asset","ประเด็นสำคัญจากการประชุมรัฐภาคีกรอบอนุสัญญาสหประชาชาติ ว่าด้วยการเปลี่ยนแปลงสภาพภูมิอากาศ สมัยที่ 28 (COP28) ระหว่างวันที่ 30 พฤศจิกายน – 12 ธันวาคม พ.ศ. 2566 ณ เมืองดูไบ สหรัฐอาหรับเอมิเรตส์ มีประเด็นสำคัญ ดังนี้ ด้านการลดก๊าซเรือนกระจก – เร่งเปลี่ยนผ่านด้านพลังงานที่เป็น","https://www.dcce.go.th/datacenter/3358/","https://www.dcce.go.th/datacenter/3358/","ศูนย์ข้อมูลกลาง > การประชุมด้านสภาพภูมิอากาศโลก","กองยุทธศาสตร์และความร่วมมือระหว่างประเทศ","Web Page"
"PUB-016","รายงานความก้าวหน้ารายสองปี (Biennial Update Report : BUR)","Knowledge Asset","สิ่งพิมพ์/เอกสารเผยแพร่ในศูนย์ข้อมูลกลาง หมวดรายงานระดับชาติ","https://www.dcce.go.th/datacenter/3373/","https://www.dcce.go.th/datacenter/3373/","ศูนย์ข้อมูลกลาง > รายงานระดับชาติ","กองยุทธศาสตร์และความร่วมมือระหว่างประเทศ","Web Page"
"PUB-017","รายงานแห่งชาติ (National Communication: NC)","Knowledge Asset","สิ่งพิมพ์/เอกสารเผยแพร่ในศูนย์ข้อมูลกลาง หมวดรายงานระดับชาติ","https://www.dcce.go.th/datacenter/3360/","https://www.dcce.go.th/datacenter/3360/","ศูนย์ข้อมูลกลาง > รายงานระดับชาติ","กองยุทธศาสตร์และความร่วมมือระหว่างประเทศ","Web Page"
"PUB-018","รายงานความโปร่งใสรายสองปี (Thailand Biennial Transparency Report : BTR)","Knowledge Asset","สิ่งพิมพ์/เอกสารเผยแพร่ในศูนย์ข้อมูลกลาง หมวดรายงานระดับชาติ","https://www.dcce.go.th/datacenter/2878/","https://www.dcce.go.th/datacenter/2878/","ศูนย์ข้อมูลกลาง > รายงานระดับชาติ","กองยุทธศาสตร์และความร่วมมือระหว่างประเทศ","Web Page"
"PUB-019","Thailand's policy for the implementation of Article 6 of the Paris Agreement (นโยบายของไทยในการดำเนินงานตามข้อ 6 ของความตกลงปารีส)","Knowledge Asset","Related Document Thailand's NDC Action Plan on Mitigation 2021-2030 (Unofficial Translation) แผนปฏิบัติการด้านการลดก๊าซเรือนกระจกของประเทศ พ.ศ. 2564-2573","https://www.dcce.go.th/article6/policies/","https://www.dcce.go.th/wp-content/uploads/2025/08/English_NDC-Action-Plan-on-Mitigation_clean.pdf","ศูนย์ข้อมูลกลาง > การใช้คาร์บอนเครดิตเพื่อวัตถุประสงค์ระหว่างประเทศ","กองยุทธศาสตร์และความร่วมมือระหว่างประเทศ","PDF"
"PUB-020","Article 6.2 Authorized Projects (โครงการที่ได้รับการอนุญาตภายใต้กลไกข้อ 6.2)","Knowledge Asset","สิ่งพิมพ์/เอกสารเผยแพร่ในศูนย์ข้อมูลกลาง หมวดการใช้คาร์บอนเครดิตเพื่อวัตถุประสงค์ระหว่างประเทศ","https://www.dcce.go.th/datacenter/21035/","https://www.dcce.go.th/datacenter/21035/","ศูนย์ข้อมูลกลาง > การใช้คาร์บอนเครดิตเพื่อวัตถุประสงค์ระหว่างประเทศ","กองยุทธศาสตร์และความร่วมมือระหว่างประเทศ","Web Page"
"PUB-021","Carbon Offsetting and Reduction Scheme for International Aviation (CORSIA)","Knowledge Asset","Projects Authorized for CORSIA Eligible Emissions Units (CEUs)","https://www.dcce.go.th/datacenter/24625/","https://www.dcce.go.th/datacenter/24625/","ศูนย์ข้อมูลกลาง > การใช้คาร์บอนเครดิตเพื่อวัตถุประสงค์ระหว่างประเทศ","กองยุทธศาสตร์และความร่วมมือระหว่างประเทศ","Web Page"
"PUB-022","Implementation Agreement on Article 6 between Thailand and Singapore (ข้อตกลงความร่วมมือระหว่างราชอาณาจักรไทยและสาธารณรัฐสิงคโปร์)","Knowledge Asset","ข้อตกลงนี้จัดทำขึ้นเพื่อเป็นกรอบความร่วมมือโดยสมัครใจ ภายใต้ข้อ 6.2 ของความตกลงปารีส สำหรับการถ่ายโอนผลการลดก๊าซเรือนกระจกระหว่างประเทศ (Internationally Transferred Mitigation Outcomes: ITMOs) โดยมีกระบวนการอนุญาตที่สอดคล้องกับหลักการ มาตรการ และนโยบายของทั้งสองประเทศ สาระสำคัญของข้อตกลง ได้แก่","https://www.dcce.go.th/article6/thiland-singapore/","https://www.dcce.go.th/wp-content/uploads/2025/08/Implementation-Agreement-on-Article-6-of-PA-between-Thailand-and-Singapore.pdf","ศูนย์ข้อมูลกลาง > การใช้คาร์บอนเครดิตเพื่อวัตถุประสงค์ระหว่างประเทศ","กองยุทธศาสตร์และความร่วมมือระหว่างประเทศ","PDF"
"PUB-023","Implementing Agreement to the Paris Agreement between the Kingdom of Thailand and the Swiss Confederation (ข้อตกลงการดำเนินงานภายใต้ความตกลงปารีสระหว่างราชอาณาจักรไทยกับสมาพันธรัฐสวิส)","Knowledge Asset","On the occasion of the 90th anniversary of diplomatic relations, the Kingdom of Thailand and the Swiss Confederation issued a Joint Statement on cooperation in addressing climate change. Both countries expressed their shared commitment to enhance collaboration under Article 6 of the Paris Agreement","https://www.dcce.go.th/article6/thailand-switzerland/","https://www.dcce.go.th/wp-content/uploads/2025/08/IA-ENG-1.pdf","ศูนย์ข้อมูลกลาง > การใช้คาร์บอนเครดิตเพื่อวัตถุประสงค์ระหว่างประเทศ","กองยุทธศาสตร์และความร่วมมือระหว่างประเทศ","PDF"
"PUB-024","บันทึกความร่วมมือว่าด้วยกลไกเครดิตร่วมระหว่างรัฐบาลแห่งราชอาณาจักรไทยกับรัฐบาลญี่ปุ่น (Memorandum of Cooperation on the Joint Crediting Mechanism between the Government of Japan and the Government of the Kingdom of Thailand)","Knowledge Asset","120 หมู่ที่ 3 ชั้น 9 อาคารรัฐประศาสนภักดี ศูนย์ราชการเฉลิมพระเกียรติฯ&nbsp;ถนนแจ้งวัฒนะ แขวงทุ่งสองห้อง เขตหลักสี่ กรุงเทพมหานคร 10210 โทรศัพท์ : 02-141 9841-9 | โทรสาร: 02-143 8404","https://www.dcce.go.th/article6/jcm/","https://www.dcce.go.th/article6/jcm/","ศูนย์ข้อมูลกลาง > การใช้คาร์บอนเครดิตเพื่อวัตถุประสงค์ระหว่างประเทศ","กองยุทธศาสตร์และความร่วมมือระหว่างประเทศ","Web Page"
"PUB-025","กระบวนการพิจารณาโครงการด้านการเปลี่ยนแปลงสภาพภูมิอากาศที่ขอรับการสนับสนุนทางการเงินในกรอบระหว่างประเทศ","Knowledge Asset","กรมการเปลี่ยนแปลงสภาพภูมิอากาศและสิ่งแวดล้อม (สส.) ทำหน้าที่เป็นหน่วยประสานงานหลัก (National Focal Point) ของกองทุน AF และกองทุน GCF โดยมีปลัดกระทรวงทรัพยากรธรรมชาติและสิ่งแวดล้อมทำหน้าที่เป็นผู้มีอำนาจ (Designated Authority) ในการลงนามรับรองข้อเสนอโครงการ การให้ความเห็นชอบต่อการเข้าถึงเงินสนับสนุนจ","https://www.dcce.go.th/datacenter/25115/","https://www.dcce.go.th/datacenter/25115/","ศูนย์ข้อมูลกลาง > การเงินและการลงทุนด้านภูมิอากาศ","กองยุทธศาสตร์และความร่วมมือระหว่างประเทศ","Web Page"
"PUB-026","กองทุนจัดการความสูญเสียและความเสียหายจากสภาพภูมิอากาศ (FRLD)","Knowledge Asset","กองทุน FRLD จัดตั้งขึ้นตามมติที่ประชุมรัฐภาคีกรอบอนุสัญญาสหประชาชาติว่าด้วยการเปลี่ยนแปลงสภาพภูมิอากาศ สมัยที่ 27 (COP 27) เพื่อเป็นกลไกทางการเงินในการช่วยเหลือประเทศกำลังพัฒนาที่มีความเปราะบาง ลดการสูญเสียและความเสียหายที่เกิดขึ้นจากการเปลี่ยนแปลงสภาพภูมิอากาศ ทั้งจากเหตุการณ์รุนแรง (Extreme Weathe","https://www.dcce.go.th/datacenter/25096/","https://www.dcce.go.th/datacenter/25096/","ศูนย์ข้อมูลกลาง > การเงินและการลงทุนด้านภูมิอากาศ","กองยุทธศาสตร์และความร่วมมือระหว่างประเทศ","Web Page"
"PUB-027","กองทุนด้านการปรับตัวต่อผลกระทบจากการเปลี่ยนแปลงสภาพภูมิอากาศ (AF)","Knowledge Asset","https://www.adaptation-fund.org/projects-programmes/","https://www.dcce.go.th/datacenter/6704/","https://www.dcce.go.th/datacenter/6704/","ศูนย์ข้อมูลกลาง > การเงินและการลงทุนด้านภูมิอากาศ","กองยุทธศาสตร์และความร่วมมือระหว่างประเทศ","Web Page"
"PUB-028","กองทุนภูมิอากาศสีเขียว (GCF)","Knowledge Asset","สิ่งพิมพ์/เอกสารเผยแพร่ในศูนย์ข้อมูลกลาง หมวดการเงินและการลงทุนด้านภูมิอากาศ","https://www.dcce.go.th/datacenter/6700/","https://eservice.dcce.go.th/storage/Media/C202410039857.pdf","ศูนย์ข้อมูลกลาง > การเงินและการลงทุนด้านภูมิอากาศ","กองยุทธศาสตร์และความร่วมมือระหว่างประเทศ","PDF"
"PUB-029","กองทุนสิ่งแวดล้อมโลก (GEF)","Knowledge Asset","https://www.thegef.org/projects-operations/database คู่มือการขอรับการสนับสนุนจากกองทุนสิ่งแวดล้อมโลก","https://www.dcce.go.th/datacenter/6691/","https://www.dcce.go.th/wp-content/uploads/2025/05/คู่มือ-GEF-เพิ่ม-4-4-08-2564_final.pdf","ศูนย์ข้อมูลกลาง > การเงินและการลงทุนด้านภูมิอากาศ","กองยุทธศาสตร์และความร่วมมือระหว่างประเทศ","PDF"
"PUB-030","ความร่วมมือทางการเงินระดับทวิภาคี","Knowledge Asset","สิ่งพิมพ์/เอกสารเผยแพร่ในศูนย์ข้อมูลกลาง หมวดการเงินและการลงทุนด้านภูมิอากาศ","https://www.dcce.go.th/datacenter/6720/","https://www.dcce.go.th/datacenter/6720/","ศูนย์ข้อมูลกลาง > การเงินและการลงทุนด้านภูมิอากาศ","กองยุทธศาสตร์และความร่วมมือระหว่างประเทศ","Web Page"
"PUB-031","Thailand Taxonomy","Knowledge Asset","สิ่งพิมพ์/เอกสารเผยแพร่ในศูนย์ข้อมูลกลาง หมวดการเงินและการลงทุนด้านภูมิอากาศ","https://www.dcce.go.th/datacenter/6677/","https://www.dcce.go.th/datacenter/6677/","ศูนย์ข้อมูลกลาง > การเงินและการลงทุนด้านภูมิอากาศ","กองยุทธศาสตร์และความร่วมมือระหว่างประเทศ","Web Page"
"PUB-032","แผนการปฏิบัติงานและแผนการใช้จ่ายงบประมาณ","Knowledge Asset","สิ่งพิมพ์/เอกสารเผยแพร่ในศูนย์ข้อมูลกลาง หมวดงานจริยธรรม","https://www.dcce.go.th/datacenter/13845/","https://www.dcce.go.th/datacenter/13845/","ศูนย์ข้อมูลกลาง > งานจริยธรรม","กองยุทธศาสตร์และความร่วมมือระหว่างประเทศ","Web Page"
"PUB-033","คนต้นแบบความดี","Knowledge Asset","สิ่งพิมพ์/เอกสารเผยแพร่ในศูนย์ข้อมูลกลาง หมวดงานจริยธรรม","https://www.dcce.go.th/datacenter/5308/","https://www.dcce.go.th/datacenter/5308/","ศูนย์ข้อมูลกลาง > งานจริยธรรม","กองยุทธศาสตร์และความร่วมมือระหว่างประเทศ","Web Page"
"PUB-034","ข้อมูลวิทยากรในโครงการ/กิจกรรม","Knowledge Asset","สิ่งพิมพ์/เอกสารเผยแพร่ในศูนย์ข้อมูลกลาง หมวดงานจริยธรรม","https://www.dcce.go.th/datacenter/5303/","https://www.dcce.go.th/datacenter/5303/","ศูนย์ข้อมูลกลาง > งานจริยธรรม","กองยุทธศาสตร์และความร่วมมือระหว่างประเทศ","Web Page"
"PUB-035","การนำจริยธรรมไปใช้ในกระบวนการบริหารทรัพยากรบุคคล","Knowledge Asset","สิ่งพิมพ์/เอกสารเผยแพร่ในศูนย์ข้อมูลกลาง หมวดงานจริยธรรม","https://www.dcce.go.th/datacenter/5290/","https://www.dcce.go.th/datacenter/5290/","ศูนย์ข้อมูลกลาง > งานจริยธรรม","กองยุทธศาสตร์และความร่วมมือระหว่างประเทศ","Web Page"
"PUB-036","แบบฟอร์มคำรับรองสำหรับคณะกรรมการ กรรมการจัดซื้อจัดจ้าง หัวหน้าเจ้าหน้าที่ เจ้าหน้าที่พัสดุ","Knowledge Asset","สิ่งพิมพ์/เอกสารเผยแพร่ในศูนย์ข้อมูลกลาง หมวดงานจริยธรรม","https://www.dcce.go.th/datacenter/5217/","https://www.dcce.go.th/datacenter/5217/","ศูนย์ข้อมูลกลาง > งานจริยธรรม","กองยุทธศาสตร์และความร่วมมือระหว่างประเทศ","Web Page"
"PUB-037","เครือข่ายภาครัฐต่อต้านการทุจริตภายในหน่วยงาน","Knowledge Asset","สิ่งพิมพ์/เอกสารเผยแพร่ในศูนย์ข้อมูลกลาง หมวดงานจริยธรรม","https://www.dcce.go.th/datacenter/5015/","https://www.dcce.go.th/datacenter/5015/","ศูนย์ข้อมูลกลาง > งานจริยธรรม","กองยุทธศาสตร์และความร่วมมือระหว่างประเทศ","Web Page"
"PUB-038","การประเมินความเสี่ยงการทุจริตภายในหน่วยงาน","Knowledge Asset","สิ่งพิมพ์/เอกสารเผยแพร่ในศูนย์ข้อมูลกลาง หมวดงานจริยธรรม","https://www.dcce.go.th/datacenter/5003/","https://www.dcce.go.th/datacenter/5003/","ศูนย์ข้อมูลกลาง > งานจริยธรรม","กองยุทธศาสตร์และความร่วมมือระหว่างประเทศ","Web Page"
"PUB-039","การไม่รับของขวัญและของกำนัล No Gift Policy","Knowledge Asset","สิ่งพิมพ์/เอกสารเผยแพร่ในศูนย์ข้อมูลกลาง หมวดงานจริยธรรม","https://www.dcce.go.th/datacenter/4995/","https://www.dcce.go.th/datacenter/4995/","ศูนย์ข้อมูลกลาง > งานจริยธรรม","กองยุทธศาสตร์และความร่วมมือระหว่างประเทศ","Web Page"
"PUB-040","ผลคะแนน/การดำเนินงานการประเมินองค์กรคุณธรรม","Knowledge Asset","สิ่งพิมพ์/เอกสารเผยแพร่ในศูนย์ข้อมูลกลาง หมวดงานจริยธรรม","https://www.dcce.go.th/datacenter/4987/","https://www.dcce.go.th/datacenter/4987/","ศูนย์ข้อมูลกลาง > งานจริยธรรม","กองยุทธศาสตร์และความร่วมมือระหว่างประเทศ","Web Page"
"PUB-041","ผลคะแนน/การวิเคราะห์ผลคะแนนการประเมินคุณธรรมและความโปร่งใสในการดำเนินงานของหน่วยงานภาครัฐ (ITA)","Knowledge Asset","สิ่งพิมพ์/เอกสารเผยแพร่ในศูนย์ข้อมูลกลาง หมวดงานจริยธรรม","https://www.dcce.go.th/datacenter/4982/","https://www.dcce.go.th/datacenter/4982/","ศูนย์ข้อมูลกลาง > งานจริยธรรม","กองยุทธศาสตร์และความร่วมมือระหว่างประเทศ","Web Page"
"PUB-042","หลักเกณฑ์การบริหารทรัพยากรบุคคล","Knowledge Asset","สิ่งพิมพ์/เอกสารเผยแพร่ในศูนย์ข้อมูลกลาง หมวดการบริหารและการพัฒนาทรัพยากรบุคคล","https://www.dcce.go.th/datacenter/23119/","https://www.dcce.go.th/datacenter/23119/","ศูนย์ข้อมูลกลาง > การบริหารและการพัฒนาทรัพยากรบุคคล","กองยุทธศาสตร์และความร่วมมือระหว่างประเทศ","Web Page"
"PUB-043","ผลงานทางวิชาการ","Knowledge Asset","สิ่งพิมพ์/เอกสารเผยแพร่ในศูนย์ข้อมูลกลาง หมวดการบริหารและการพัฒนาทรัพยากรบุคคล","https://www.dcce.go.th/datacenter/5746/","https://www.dcce.go.th/datacenter/5746/","ศูนย์ข้อมูลกลาง > การบริหารและการพัฒนาทรัพยากรบุคคล","กองยุทธศาสตร์และความร่วมมือระหว่างประเทศ","Web Page"
"PUB-044","การจัดการองค์ความรู้ (Knowledge Management : KM) กรมลดโลกร้อน","Knowledge Asset","สิ่งพิมพ์/เอกสารเผยแพร่ในศูนย์ข้อมูลกลาง หมวดการบริหารและการพัฒนาทรัพยากรบุคคล","https://www.dcce.go.th/datacenter/22972/","https://www.dcce.go.th/datacenter/22972/","ศูนย์ข้อมูลกลาง > การบริหารและการพัฒนาทรัพยากรบุคคล","กองยุทธศาสตร์และความร่วมมือระหว่างประเทศ","Web Page"
"PUB-045","กฎหมาย กฎ ระเบียบ เกี่ยวกับการบริหารทรัพยากรบุคคล","Knowledge Asset","สิ่งพิมพ์/เอกสารเผยแพร่ในศูนย์ข้อมูลกลาง หมวดการบริหารและการพัฒนาทรัพยากรบุคคล","https://www.dcce.go.th/datacenter/22968/","https://www.dcce.go.th/datacenter/22968/","ศูนย์ข้อมูลกลาง > การบริหารและการพัฒนาทรัพยากรบุคคล","กองยุทธศาสตร์และความร่วมมือระหว่างประเทศ","Web Page"
"PUB-046","แผนการบริหารและพัฒนาทรัพยากรบุคคล","Knowledge Asset","สิ่งพิมพ์/เอกสารเผยแพร่ในศูนย์ข้อมูลกลาง หมวดการบริหารและการพัฒนาทรัพยากรบุคคล","https://www.dcce.go.th/datacenter/22941/","https://www.dcce.go.th/wp-content/uploads/2026/03/ประกาศกรม-career-path.pdf","ศูนย์ข้อมูลกลาง > การบริหารและการพัฒนาทรัพยากรบุคคล","กองยุทธศาสตร์และความร่วมมือระหว่างประเทศ","PDF"
"PUB-047","นโยบายการบริหารทรัพยากรบุคคล","Knowledge Asset","สิ่งพิมพ์/เอกสารเผยแพร่ในศูนย์ข้อมูลกลาง หมวดการบริหารและการพัฒนาทรัพยากรบุคคล","https://www.dcce.go.th/datacenter/4620/","https://www.dcce.go.th/datacenter/4620/","ศูนย์ข้อมูลกลาง > การบริหารและการพัฒนาทรัพยากรบุคคล","กองยุทธศาสตร์และความร่วมมือระหว่างประเทศ","Web Page"
"PUB-048","ข้อมูลโครงสร้าง การแบ่งส่วนราชการ และอัตรากำลัง","Knowledge Asset","สิ่งพิมพ์/เอกสารเผยแพร่ในศูนย์ข้อมูลกลาง หมวดการบริหารและการพัฒนาทรัพยากรบุคคล","https://www.dcce.go.th/datacenter/4622/","https://www.dcce.go.th/wp-content/uploads/2025/04/ข้อมูลตำแหน่งและอัตรากำลัง-29-ก.พ.-2567.pdf","ศูนย์ข้อมูลกลาง > การบริหารและการพัฒนาทรัพยากรบุคคล","กองยุทธศาสตร์และความร่วมมือระหว่างประเทศ","PDF"
"PUB-049","ข่าวสารประชาสัมพันธ์","Knowledge Asset","สิ่งพิมพ์/เอกสารเผยแพร่ในศูนย์ข้อมูลกลาง หมวดการบริหารและการพัฒนาทรัพยากรบุคคล","https://www.dcce.go.th/datacenter/4624/","https://www.dcce.go.th/datacenter/4624/","ศูนย์ข้อมูลกลาง > การบริหารและการพัฒนาทรัพยากรบุคคล","กองยุทธศาสตร์และความร่วมมือระหว่างประเทศ","Web Page"
"PUB-050","งานบริหารทรัพยากรบุคคล","Knowledge Asset","สิ่งพิมพ์/เอกสารเผยแพร่ในศูนย์ข้อมูลกลาง หมวดการบริหารและการพัฒนาทรัพยากรบุคคล","https://www.dcce.go.th/datacenter/4627/","https://www.dcce.go.th/datacenter/4627/","ศูนย์ข้อมูลกลาง > การบริหารและการพัฒนาทรัพยากรบุคคล","กองยุทธศาสตร์และความร่วมมือระหว่างประเทศ","Web Page"
"PUB-051","บัญชีข้อมูล (Data Catalogue)","Knowledge Asset","สิ่งพิมพ์/เอกสารเผยแพร่ในศูนย์ข้อมูลกลาง หมวดข้อมูลเปิด (Open Data)","https://www.dcce.go.th/datacenter/3427/","https://www.dcce.go.th/datacenter/3427/","ศูนย์ข้อมูลกลาง > ข้อมูลเปิด (Open Data)","กองยุทธศาสตร์และความร่วมมือระหว่างประเทศ","Web Page"
"PUB-052","คู่มือแนวทางปฏิบัติการจัดทำธรรมาภิบาลข้อมูล (Data Governance User Manual)","Knowledge Asset","สิ่งพิมพ์/เอกสารเผยแพร่ในศูนย์ข้อมูลกลาง หมวดข้อมูลเปิด (Open Data)","https://www.dcce.go.th/datacenter/22355/","https://www.dcce.go.th/wp-content/uploads/2026/05/คู่มือแนวทางปฏิบัติการจัดทำธรรมาภิบาลข้อมูล-Data-Governance-User-Manual.pdf","ศูนย์ข้อมูลกลาง > ข้อมูลเปิด (Open Data)","กองยุทธศาสตร์และความร่วมมือระหว่างประเทศ","PDF"
"PUB-053","การเปิดโอกาสให้เกิดการมีส่วนร่วม ปีงบประมาณ พ.ศ. 2569","Knowledge Asset","สิ่งพิมพ์/เอกสารเผยแพร่ในศูนย์ข้อมูลกลาง หมวดการเปิดโอกาสให้เกิดการมีส่วนร่วม","https://www.dcce.go.th/datacenter/24905/","https://www.dcce.go.th/datacenter/24905/","ศูนย์ข้อมูลกลาง > การเปิดโอกาสให้เกิดการมีส่วนร่วม","กองยุทธศาสตร์และความร่วมมือระหว่างประเทศ","Web Page"
"PUB-054","การเปิดโอกาสให้เกิดการมีส่วนร่วม ปีงบประมาณ พ.ศ. 2568","Knowledge Asset","สิ่งพิมพ์/เอกสารเผยแพร่ในศูนย์ข้อมูลกลาง หมวดการเปิดโอกาสให้เกิดการมีส่วนร่วม","https://www.dcce.go.th/datacenter/5809/","https://www.dcce.go.th/datacenter/5809/","ศูนย์ข้อมูลกลาง > การเปิดโอกาสให้เกิดการมีส่วนร่วม","กองยุทธศาสตร์และความร่วมมือระหว่างประเทศ","Web Page"
"PUB-055","การเปิดโอกาสให้เกิดการมีส่วนร่วม ปีงบประมาณ พ.ศ. 2567","Knowledge Asset","สิ่งพิมพ์/เอกสารเผยแพร่ในศูนย์ข้อมูลกลาง หมวดการเปิดโอกาสให้เกิดการมีส่วนร่วม","https://www.dcce.go.th/datacenter/5798/","https://www.dcce.go.th/datacenter/5798/","ศูนย์ข้อมูลกลาง > การเปิดโอกาสให้เกิดการมีส่วนร่วม","กองยุทธศาสตร์และความร่วมมือระหว่างประเทศ","Web Page"
"PUB-056","แนวทางการให้บริการ","Knowledge Asset","สิ่งพิมพ์/เอกสารเผยแพร่ในศูนย์ข้อมูลกลาง หมวดมาตรฐานการปฏิบัติราชการ","https://www.dcce.go.th/datacenter/4736/","https://www.dcce.go.th/datacenter/4736/","ศูนย์ข้อมูลกลาง > มาตรฐานการปฏิบัติราชการ","กองยุทธศาสตร์และความร่วมมือระหว่างประเทศ","Web Page"
"PUB-057","แนวทางการปฏิบัติงานของเจ้าหน้าที่","Knowledge Asset","สิ่งพิมพ์/เอกสารเผยแพร่ในศูนย์ข้อมูลกลาง หมวดมาตรฐานการปฏิบัติราชการ","https://www.dcce.go.th/datacenter/4744/","https://www.dcce.go.th/datacenter/4744/","ศูนย์ข้อมูลกลาง > มาตรฐานการปฏิบัติราชการ","กองยุทธศาสตร์และความร่วมมือระหว่างประเทศ","Web Page"
"MED-001","ซูเปอร์เอลนีโญกับการจัดการทรัพยากรธรรมชาติ ปกป้องระบบนิเวศไทย เพื่อสร้างภูมิคุ้มกันต่อวิกฤตภูมิอากาศ (สาขาการจัดการทรัพยากรธรรมชาติ)","Knowledge Asset","ชื่อเรื่อง: ซูเปอร์เอลนีโญกับการจัดการทรัพยากรธรรมชาติ ปกป้องระบบนิเวศไทย เพื่อสร้างภูมิคุ้มกันต่อวิกฤตภูมิอากาศ (สาขาการจัดการทรัพยากรธรรมชาติ) | ปีที่เผยแพร่: 1 กรกฎาคม 2026","https://www.dcce.go.th/media/26324/","https://www.dcce.go.th/26321/","คลังสื่อสิ่งพิมพ์","กลุ่มประชาสัมพันธ์และสื่อสารสิ่งแวดล้อม","E-book Reader"
"MED-002","ซูเปอร์เอลนีโญกับสุขภาพคนไทย ปกป้องชีวิตและกลุ่มเปราะบาง ท่ามกลางโลกที่ร้อนขึ้น (สาขาสาธารณสุข)","Knowledge Asset","ชื่อเรื่อง: ซูเปอร์เอลนีโญกับสุขภาพคนไทย ปกป้องชีวิตและกลุ่มเปราะบาง ท่ามกลางโลกที่ร้อนขึ้น (สาขาสาธารณสุข) | ปีที่เผยแพร่: 30 มิถุนายน 2026","https://www.dcce.go.th/media/26317/","https://www.dcce.go.th/26314/","คลังสื่อสิ่งพิมพ์","กลุ่มประชาสัมพันธ์และสื่อสารสิ่งแวดล้อม","E-book Reader"
"MED-003","ซูเปอร์เอลนีโญกับการท่องเที่ยวไทย สร้างความยืดหยุ่นให้แหล่งท่องเที่ยวไทย ท่ามกลางความท้าทายจากสภาพภูมิอากาศ (สาขาการท่องเที่ยว)","Knowledge Asset","ชื่อเรื่อง: ซูเปอร์เอลนีโญกับการท่องเที่ยวไทย สร้างความยืดหยุ่นให้แหล่งท่องเที่ยวไทย ท่ามกลางความท้าทายจากสภาพภูมิอากาศ (สาขาการท่องเที่ยว) | ปีที่เผยแพร่: 29 มิถุนายน 2026","https://www.dcce.go.th/media/26081/","https://www.dcce.go.th/26079/","คลังสื่อสิ่งพิมพ์","กลุ่มประชาสัมพันธ์และสื่อสารสิ่งแวดล้อม","E-book Reader"
"MED-004","ซูเปอร์เอลนีโญกับความมั่นคงด้านน้ำของประเทศไทย เมื่อ “น้ำ” กลายเป็นความเสี่ยงอันดับแรกที่ทุกภาคส่วนต้องร่วมรับมือ (การจัดการทรัพยากรน้ำ)","Knowledge Asset","ชื่อเรื่อง: ซูเปอร์เอลนีโญกับความมั่นคงด้านน้ำของประเทศไทย เมื่อ “น้ำ” กลายเป็นความเสี่ยงอันดับแรกที่ทุกภาคส่วนต้องร่วมรับมือ (การจัดการทรัพยากรน้ำ) | ปีที่เผยแพร่: 27 มิถุนายน 2026","https://www.dcce.go.th/media/26076/","https://www.dcce.go.th/26073/","คลังสื่อสิ่งพิมพ์","กลุ่มประชาสัมพันธ์และสื่อสารสิ่งแวดล้อม","E-book Reader"
"MED-005","แพลตฟอร์มหลักที่คนทำงาน ”ด้านการปรับตัวต่อการเปลี่ยนแปลงสภาพภูมิอากาศ” ต้องใช้ส่งข้อมูล","Knowledge Asset","ชื่อเรื่อง: แพลตฟอร์มหลักที่คนทำงาน ”ด้านการปรับตัวต่อการเปลี่ยนแปลงสภาพภูมิอากาศ” ต้องใช้ส่งข้อมูล | ปีที่เผยแพร่: 30 พฤษภาคม 2026","https://www.dcce.go.th/media/25049/","https://www.dcce.go.th/25048/","คลังสื่อสิ่งพิมพ์","กลุ่มประชาสัมพันธ์และสื่อสารสิ่งแวดล้อม","E-book Reader"
"MED-006","ส่งต่อความมั่นคง เปิดพิมพ์เขียวยกระดับคุณภาพชีวิตคนไทย จากบทเรียนพื้นที่ต้นแบบสู่การขับเคลื่อนระดับประเทศ","Knowledge Asset","ชื่อเรื่อง: ส่งต่อความมั่นคง เปิดพิมพ์เขียวยกระดับคุณภาพชีวิตคนไทย จากบทเรียนพื้นที่ต้นแบบสู่การขับเคลื่อนระดับประเทศ | ปีที่เผยแพร่: 29 พฤษภาคม 2026","https://www.dcce.go.th/media/25046/","https://www.dcce.go.th/25038/","คลังสื่อสิ่งพิมพ์","กลุ่มประชาสัมพันธ์และสื่อสารสิ่งแวดล้อม","E-book Reader"
"MED-007","จากเป้าหมายการปรับตัวระดับโลก...สู่การสร้างภูมิคุ้มกันในระดับพื้นที่","Knowledge Asset","ชื่อเรื่อง: จากเป้าหมายการปรับตัวระดับโลก...สู่การสร้างภูมิคุ้มกันในระดับพื้นที่ | ปีที่เผยแพร่: 28 พฤษภาคม 2026","https://www.dcce.go.th/media/24143/","https://www.dcce.go.th/24142/","คลังสื่อสิ่งพิมพ์","กลุ่มประชาสัมพันธ์และสื่อสารสิ่งแวดล้อม","E-book Reader"
"MED-008","ถอดรหัสความสำเร็จจากพื้นที่ต้นแบบทั้ง 6 สาขา ปัจจัยสู่ความเข้มแข็งและการปรับตัวอย่างยั่งยืน","Knowledge Asset","ชื่อเรื่อง: ถอดรหัสความสำเร็จจากพื้นที่ต้นแบบทั้ง 6 สาขา ปัจจัยสู่ความเข้มแข็งและการปรับตัวอย่างยั่งยืน | ปีที่เผยแพร่: 28 พฤษภาคม 2026","https://www.dcce.go.th/media/24129/","https://www.dcce.go.th/24128/","คลังสื่อสิ่งพิมพ์","กลุ่มประชาสัมพันธ์และสื่อสารสิ่งแวดล้อม","E-book Reader"
"MED-009","โครงการจัดทำระบบติดตามประเมินผลการปรับตัวต่อการเปลี่ยนแปลงสภาพภูมิอากาศถอดบทเรียน “พื้นที่ปฏิบัติที่ดี (Good Practices)” สาขาการตั้งถิ่นฐานและความมั่นคงของมนุษย์","Knowledge Asset","ชื่อเรื่อง: โครงการจัดทำระบบติดตามประเมินผลการปรับตัวต่อการเปลี่ยนแปลงสภาพภูมิอากาศถอดบทเรียน “พื้นที่ปฏิบัติที่ดี (Good Practices)” สาขาการตั้งถิ่นฐานและความมั่นคงของมนุษย์ | ปีที่เผยแพร่: 27 พฤษภาคม 2026","https://www.dcce.go.th/media/24014/","https://www.dcce.go.th/24013/","คลังสื่อสิ่งพิมพ์","กลุ่มประชาสัมพันธ์และสื่อสารสิ่งแวดล้อม","E-book Reader"
"MED-010","โครงการจัดทำระบบติดตามประเมินผลการปรับตัวต่อการเปลี่ยนแปลงสภาพภูมิอากาศถอดบทเรียน “พื้นที่ปฏิบัติที่ดี (Good Practices)” สาขาทรัพยากรธรรมชาติ","Knowledge Asset","ชื่อเรื่อง: โครงการจัดทำระบบติดตามประเมินผลการปรับตัวต่อการเปลี่ยนแปลงสภาพภูมิอากาศถอดบทเรียน “พื้นที่ปฏิบัติที่ดี (Good Practices)” สาขาทรัพยากรธรรมชาติ | ปีที่เผยแพร่: 26 พฤษภาคม 2026","https://www.dcce.go.th/media/24004/","https://www.dcce.go.th/24003/","คลังสื่อสิ่งพิมพ์","กลุ่มประชาสัมพันธ์และสื่อสารสิ่งแวดล้อม","E-book Reader"
"MED-011","โครงการจัดทำระบบติดตามประเมินผลการปรับตัวต่อการเปลี่ยนแปลงสภาพภูมิอากาศถอดบทเรียน “พื้นที่ปฏิบัติที่ดี (Good Practices)” สาขาสาธารณสุข","Knowledge Asset","ชื่อเรื่อง: โครงการจัดทำระบบติดตามประเมินผลการปรับตัวต่อการเปลี่ยนแปลงสภาพภูมิอากาศถอดบทเรียน “พื้นที่ปฏิบัติที่ดี (Good Practices)” สาขาสาธารณสุข | ปีที่เผยแพร่: 25 พฤษภาคม 2026","https://www.dcce.go.th/media/23996/","https://www.dcce.go.th/23995/","คลังสื่อสิ่งพิมพ์","กลุ่มประชาสัมพันธ์และสื่อสารสิ่งแวดล้อม","E-book Reader"
"MED-012","โครงการจัดทำระบบติดตามประเมินผลการปรับตัวต่อการเปลี่ยนแปลงสภาพภูมิอากาศถอดบทเรียน “พื้นที่ปฏิบัติที่ดี (Good Practices)” สาขาการท่องเที่ยว","Knowledge Asset","ชื่อเรื่อง: โครงการจัดทำระบบติดตามประเมินผลการปรับตัวต่อการเปลี่ยนแปลงสภาพภูมิอากาศถอดบทเรียน “พื้นที่ปฏิบัติที่ดี (Good Practices)” สาขาการท่องเที่ยว | ปีที่เผยแพร่: 24 พฤษภาคม 2026","https://www.dcce.go.th/media/23983/","https://www.dcce.go.th/23982/","คลังสื่อสิ่งพิมพ์","กลุ่มประชาสัมพันธ์และสื่อสารสิ่งแวดล้อม","E-book Reader"
"MED-013","โครงการจัดทำระบบติดตามประเมินผลการปรับตัวต่อการเปลี่ยนแปลงสภาพภูมิอากาศ ถอดบทเรียน “พื้นที่ปฏิบัติที่ดี (Good Practices)” สาขาการเกษตรและความมั่นคงอาหาร","Knowledge Asset","ชื่อเรื่อง: โครงการจัดทำระบบติดตามประเมินผลการปรับตัวต่อการเปลี่ยนแปลงสภาพภูมิอากาศ ถอดบทเรียน “พื้นที่ปฏิบัติที่ดี (Good Practices)” สาขาการเกษตรและความมั่นคงอาหาร | ปีที่เผยแพร่: 23 พฤษภาคม 2026","https://www.dcce.go.th/media/23975/","https://www.dcce.go.th/23974/","คลังสื่อสิ่งพิมพ์","กลุ่มประชาสัมพันธ์และสื่อสารสิ่งแวดล้อม","E-book Reader"
"MED-014","โครงการจัดทำระบบติดตามประเมินผลการปรับตัวต่อการเปลี่ยนแปลงสภาพภูมิอากาศถอดบทเรียน “พื้นที่ปฏิบัติที่ดี (Good Practices)” สาขาการจัดการทรัพยากรน้ำ","Knowledge Asset","ชื่อเรื่อง: โครงการจัดทำระบบติดตามประเมินผลการปรับตัวต่อการเปลี่ยนแปลงสภาพภูมิอากาศถอดบทเรียน “พื้นที่ปฏิบัติที่ดี (Good Practices)” สาขาการจัดการทรัพยากรน้ำ | ปีที่เผยแพร่: 22 พฤษภาคม 2026","https://www.dcce.go.th/media/23827/","https://www.dcce.go.th/23826/","คลังสื่อสิ่งพิมพ์","กลุ่มประชาสัมพันธ์และสื่อสารสิ่งแวดล้อม","E-book Reader"
"MED-015","การวิเคราะห์ความเปราะบางและขีดความสามารถในการปรับตัว (Measuring Vulnerability &amp; Adaptive Capacity)","Knowledge Asset","ชื่อเรื่อง: การวิเคราะห์ความเปราะบางและขีดความสามารถในการปรับตัว (Measuring Vulnerability &amp; Adaptive Capacity) | ปีที่เผยแพร่: 21 พฤษภาคม 2026","https://www.dcce.go.th/media/23820/","https://www.dcce.go.th/23819/","คลังสื่อสิ่งพิมพ์","กลุ่มประชาสัมพันธ์และสื่อสารสิ่งแวดล้อม","E-book Reader"
"MED-016","เริ่มอย่างไรกับแนวทางการทำระบบติดตามประเมินผล (Monitoring &amp; Evaluation; M&amp;E)","Knowledge Asset","ชื่อเรื่อง: เริ่มอย่างไรกับแนวทางการทำระบบติดตามประเมินผล (Monitoring &amp; Evaluation; M&amp;E) | ปีที่เผยแพร่: 20 พฤษภาคม 2026","https://www.dcce.go.th/media/23799/","https://www.dcce.go.th/23800/","คลังสื่อสิ่งพิมพ์","กลุ่มประชาสัมพันธ์และสื่อสารสิ่งแวดล้อม","E-book Reader"
"MED-017","ก้าวสำคัญของการรับมือโลกร้อน “โครงการจัดทำระบบติดตามประเมินผลการปรับตัวต่อการเปลี่ยนแปลงสภาพภูมิอากาศ”","Knowledge Asset","ชื่อเรื่อง: ก้าวสำคัญของการรับมือโลกร้อน “โครงการจัดทำระบบติดตามประเมินผลการปรับตัวต่อการเปลี่ยนแปลงสภาพภูมิอากาศ” | ปีที่เผยแพร่: 19 พฤษภาคม 2026","https://www.dcce.go.th/media/23792/","https://www.dcce.go.th/23793/","คลังสื่อสิ่งพิมพ์","กลุ่มประชาสัมพันธ์และสื่อสารสิ่งแวดล้อม","E-book Reader"
"MED-018","มีระบบติดตามประเมินผลแล้วดีอย่างไร","Knowledge Asset","ชื่อเรื่อง: มีระบบติดตามประเมินผลแล้วดีอย่างไร | ปีที่เผยแพร่: 18 พฤษภาคม 2026","https://www.dcce.go.th/media/23778/","https://www.dcce.go.th/23777/","คลังสื่อสิ่งพิมพ์","กลุ่มประชาสัมพันธ์และสื่อสารสิ่งแวดล้อม","E-book Reader"
"MED-019","ระบบ M&amp;E เครื่องมือวัดความรอดในยุคโลกรวน กรณีศึกษาระบบติดตามประเมินผลของต่างประเทศ","Knowledge Asset","ชื่อเรื่อง: ระบบ M&amp;E เครื่องมือวัดความรอดในยุคโลกรวน กรณีศึกษาระบบติดตามประเมินผลของต่างประเทศ | ปีที่เผยแพร่: 17 พฤษภาคม 2026","https://www.dcce.go.th/media/23769/","https://www.dcce.go.th/23768/","คลังสื่อสิ่งพิมพ์","กลุ่มประชาสัมพันธ์และสื่อสารสิ่งแวดล้อม","E-book Reader"
"MED-020","Maladaptation Monitoring ติดตาม “ผลข้างเคียง” ยังไง ไม่ให้แผนพังกลางคัน","Knowledge Asset","ชื่อเรื่อง: Maladaptation Monitoring ติดตาม “ผลข้างเคียง” ยังไง ไม่ให้แผนพังกลางคัน | ปีที่เผยแพร่: 16 พฤษภาคม 2026","https://www.dcce.go.th/media/23751/","https://www.dcce.go.th/23750/","คลังสื่อสิ่งพิมพ์","กลุ่มประชาสัมพันธ์และสื่อสารสิ่งแวดล้อม","E-book Reader"
"MED-021","Monitoring Evaluation Research and Learning (MERL) Cycle วงจรที่จะทำให้การปรับตัวของคุณไม่มีวันหลงทาง","Knowledge Asset","ชื่อเรื่อง: Monitoring Evaluation Research and Learning (MERL) Cycle วงจรที่จะทำให้การปรับตัวของคุณไม่มีวันหลงทาง | ปีที่เผยแพร่: 25 พฤษภาคม 2026","https://www.dcce.go.th/media/23736/","https://www.dcce.go.th/23735/","คลังสื่อสิ่งพิมพ์","กลุ่มประชาสัมพันธ์และสื่อสารสิ่งแวดล้อม","E-book Reader"
"MED-022","จาก Monitoring &amp; Evaluation (M&amp;E) สู่ Monitoring, Evaluation, Research and Learning (MERL)","Knowledge Asset","ชื่อเรื่อง: จาก Monitoring &amp; Evaluation (M&amp;E) สู่ Monitoring, Evaluation, Research and Learning (MERL) | ปีที่เผยแพร่: 14 พฤษภาคม 2026","https://www.dcce.go.th/media/23728/","https://www.dcce.go.th/23727/","คลังสื่อสิ่งพิมพ์","กลุ่มประชาสัมพันธ์และสื่อสารสิ่งแวดล้อม","E-book Reader"
"MED-023","ตัวชี้วัดแบบ SMART: คม ชัด วัดผลได้จริง","Knowledge Asset","ชื่อเรื่อง: ตัวชี้วัดแบบ SMART: คม ชัด วัดผลได้จริง | ปีที่เผยแพร่: 13 พฤษภาคม 2026","https://www.dcce.go.th/media/23717/","https://www.dcce.go.th/23716/","คลังสื่อสิ่งพิมพ์","กลุ่มประชาสัมพันธ์และสื่อสารสิ่งแวดล้อม","E-book Reader"
"MED-024","Global Goal on Adaptation (GGA) Indicator กับการปรับตัวของไทย","Knowledge Asset","ชื่อเรื่อง: Global Goal on Adaptation (GGA) Indicator กับการปรับตัวของไทย | ปีที่เผยแพร่: 12 พฤษภาคม 2026","https://www.dcce.go.th/media/23705/","https://www.dcce.go.th/23704/","คลังสื่อสิ่งพิมพ์","กลุ่มประชาสัมพันธ์และสื่อสารสิ่งแวดล้อม","E-book Reader"
"MED-025","แผนการปรับตัวต่อการเปลี่ยนแปลงสภาพภูมิอากาศแห่งชาติ  (National Adaptation Plan: NAP)","Knowledge Asset","ชื่อเรื่อง: แผนการปรับตัวต่อการเปลี่ยนแปลงสภาพภูมิอากาศแห่งชาติ (National Adaptation Plan: NAP) | ปีที่เผยแพร่: 11 พฤษภาคม 2026","https://www.dcce.go.th/media/23703/","https://www.dcce.go.th/23694/","คลังสื่อสิ่งพิมพ์","กลุ่มประชาสัมพันธ์และสื่อสารสิ่งแวดล้อม","E-book Reader"
"MED-026","คู่มือแนวทางปฏิบัติการจัดทำธรรมาภิบาลข้อมูล (Data Governance User Manual)","Knowledge Asset","ชื่อเรื่อง: คู่มือแนวทางปฏิบัติการจัดทำธรรมาภิบาลข้อมูล (Data Governance User Manual) | ปีที่เผยแพร่: พฤษภาคม 2567","https://www.dcce.go.th/media/22369/","https://www.dcce.go.th/media/22369/?download_file=1&file_id=22358","คลังสื่อสิ่งพิมพ์","กลุ่มประชาสัมพันธ์และสื่อสารสิ่งแวดล้อม","E-book Reader"
"MED-027","“ความร้อน” ภัยเงียบในยุคโลกเดือด","Knowledge Asset","วารสาร: การปรับตัวต่อการเปลี่ยนแปลงสภาพภูมิอากาศและสิ่งแวดล้อม | ชื่อเรื่อง: “ความร้อน” ภัยเงียบในยุคโลกเดือด | ปีที่เผยแพร่: เมษายน 2026","https://www.dcce.go.th/media/22854/","https://www.dcce.go.th/datacenter/22829/","คลังสื่อสิ่งพิมพ์","กลุ่มประชาสัมพันธ์และสื่อสารสิ่งแวดล้อม","E-book Reader"
"MED-028","ฟาร์มสุกรในยุคโลกเดือด : กับการปรับตัวของผู้ประกอบการรายย่อย","Knowledge Asset","วารสาร: การปรับตัวต่อการเปลี่ยนแปลงสภาพภูมิอากาศและสิ่งแวดล้อม | ชื่อเรื่อง: ฟาร์มสุกรในยุคโลกเดือด : กับการปรับตัวของผู้ประกอบการรายย่อย | ปีที่เผยแพร่: มีนาคม 2026","https://www.dcce.go.th/media/22853/","https://www.dcce.go.th/datacenter/22826/","คลังสื่อสิ่งพิมพ์","กลุ่มประชาสัมพันธ์และสื่อสารสิ่งแวดล้อม","E-book Reader"
"MED-029","การปรับตัวของการท่องเที่ยวท่ามกลางวิกฤตภูมิอากาศ : บทเรียนจากเกรตแบร์ริเออร์รีฟสู่ทะเลไทย","Knowledge Asset","วารสาร: การปรับตัวต่อการเปลี่ยนแปลงสภาพภูมิอากาศและสิ่งแวดล้อม | ชื่อเรื่อง: การปรับตัวของการท่องเที่ยวท่ามกลางวิกฤตภูมิอากาศ : บทเรียนจากเกรตแบร์ริเออร์รีฟสู่ทะเลไทย | ปีที่เผยแพร่: กุมภาพันธ์ 2026","https://www.dcce.go.th/media/22852/","https://www.dcce.go.th/datacenter/22823/","คลังสื่อสิ่งพิมพ์","กลุ่มประชาสัมพันธ์และสื่อสารสิ่งแวดล้อม","E-book Reader"
"MED-030","แม่น้ำบนท้องฟ้า : ปรากฏการณ์ Atmospheric River กับการปรับตัวด้านน้ำยุคโลกร้อน","Knowledge Asset","วารสาร: การปรับตัวต่อการเปลี่ยนแปลงสภาพภูมิอากาศและสิ่งแวดล้อม | ชื่อเรื่อง: แม่น้ำบนท้องฟ้า : ปรากฏการณ์ Atmospheric River กับการปรับตัวด้านน้ำยุคโลกร้อน | ปีที่เผยแพร่: มกราคม 2026","https://www.dcce.go.th/media/22851/","https://www.dcce.go.th/datacenter/22820/","คลังสื่อสิ่งพิมพ์","กลุ่มประชาสัมพันธ์และสื่อสารสิ่งแวดล้อม","E-book Reader"
"MED-031","สีขาว ช่วยลดความร้อนในภาวะโลกเดือด ได้จริงหรือ","Knowledge Asset","วารสาร: การปรับตัวต่อการเปลี่ยนแปลงสภาพภูมิอากาศและสิ่งแวดล้อม | ชื่อเรื่อง: สีขาว ช่วยลดความร้อนในภาวะโลกเดือด ได้จริงหรือ | ปีที่เผยแพร่: ธันวาคม 2025","https://www.dcce.go.th/media/22850/","https://www.dcce.go.th/datacenter/22815/","คลังสื่อสิ่งพิมพ์","กลุ่มประชาสัมพันธ์และสื่อสารสิ่งแวดล้อม","E-book Reader"
"MED-032","ปลูกป่าเชิงรุก “ป่าครอบครัว” คุณเท่านั้นที่เปลี่ยนโลกได้","Knowledge Asset","วารสาร: การปรับตัวต่อการเปลี่ยนแปลงสภาพภูมิอากาศและสิ่งแวดล้อม | ชื่อเรื่อง: ปลูกป่าเชิงรุก “ป่าครอบครัว” คุณเท่านั้นที่เปลี่ยนโลกได้ | ปีที่เผยแพร่: พฤศจิกายน 2025","https://www.dcce.go.th/media/22843/","https://www.dcce.go.th/datacenter/22803/","คลังสื่อสิ่งพิมพ์","กลุ่มประชาสัมพันธ์และสื่อสารสิ่งแวดล้อม","E-book Reader"
"MED-033","เกษตรบนเส้นทางเปราะบางต่อภูมิอากาศ : บังกลาเทศการปรับตัวเพื่อความมั่นคงทางอาหาร","Knowledge Asset","วารสาร: การปรับตัวต่อการเปลี่ยนแปลงสภาพภูมิอากาศและสิ่งแวดล้อม | ชื่อเรื่อง: เกษตรบนเส้นทางเปราะบางต่อภูมิอากาศ : บังกลาเทศการปรับตัวเพื่อความมั่นคงทางอาหาร | ปีที่เผยแพร่: สิงหาคม 2568","https://www.dcce.go.th/media/22841/","https://www.dcce.go.th/datacenter/22800/","คลังสื่อสิ่งพิมพ์","กลุ่มประชาสัมพันธ์และสื่อสารสิ่งแวดล้อม","E-book Reader"
"MED-034","ป่าชุมชน ทางรอดจากโลกเดือด","Knowledge Asset","วารสาร: การปรับตัวต่อการเปลี่ยนแปลงสภาพภูมิอากาศและสิ่งแวดล้อม | ชื่อเรื่อง: ป่าชุมชน ทางรอดจากโลกเดือด | ปีที่เผยแพร่: กรกฎาคม 2568","https://www.dcce.go.th/media/22840/","https://www.dcce.go.th/datacenter/22797/","คลังสื่อสิ่งพิมพ์","กลุ่มประชาสัมพันธ์และสื่อสารสิ่งแวดล้อม","E-book Reader"
"MED-035","Glow Up : คืนชีวิตให้ไนท์ไลฟ์ในโลกที่เปลี่ยนไป","Knowledge Asset","วารสาร: การปรับตัวต่อการเปลี่ยนแปลงสภาพภูมิอากาศและสิ่งแวดล้อม | ชื่อเรื่อง: Glow Up : คืนชีวิตให้ไนท์ไลฟ์ในโลกที่เปลี่ยนไป | ปีที่เผยแพร่: มิถุนายน 2568","https://www.dcce.go.th/media/22839/","https://www.dcce.go.th/datacenter/22794/","คลังสื่อสิ่งพิมพ์","กลุ่มประชาสัมพันธ์และสื่อสารสิ่งแวดล้อม","E-book Reader"
"MED-036","สายน้ำเปลี่ยน เมืองต้องเปลี่ยน : สทิงพระบนแนวหน้าวิกฤติภูมิอากาศ","Knowledge Asset","วารสาร: การปรับตัวต่อการเปลี่ยนแปลงสภาพภูมิอากาศและสิ่งแวดล้อม | ชื่อเรื่อง: สายน้ำเปลี่ยน เมืองต้องเปลี่ยน : สทิงพระบนแนวหน้าวิกฤติภูมิอากาศ | ปีที่เผยแพร่: พฤษภาคม 2568","https://www.dcce.go.th/media/22838/","https://www.dcce.go.th/datacenter/22791/","คลังสื่อสิ่งพิมพ์","กลุ่มประชาสัมพันธ์และสื่อสารสิ่งแวดล้อม","E-book Reader"
"MED-037","พลิกผืนดินอีสาน ยโสธรสร้าง “เมืองเกษตรอินทรีย์” ต้นแบบรับมือโลกร้อน","Knowledge Asset","วารสาร: การปรับตัวต่อการเปลี่ยนแปลงสภาพภูมิอากาศและสิ่งแวดล้อม | ชื่อเรื่อง: พลิกผืนดินอีสาน ยโสธรสร้าง “เมืองเกษตรอินทรีย์” ต้นแบบรับมือโลกร้อน | ปีที่เผยแพร่: เมษายน 2568","https://www.dcce.go.th/media/22832/","https://www.dcce.go.th/datacenter/22788/","คลังสื่อสิ่งพิมพ์","กลุ่มประชาสัมพันธ์และสื่อสารสิ่งแวดล้อม","E-book Reader"
"MED-038","ป่าชายเลน : เกราะป้องกันธรรมชาติจากภาวะโลกรวน","Knowledge Asset","วารสาร: การปรับตัวต่อการเปลี่ยนแปลงสภาพภูมิอากาศ | ชื่อเรื่อง: ป่าชายเลน : เกราะป้องกันธรรมชาติจากภาวะโลกรวน | ปีที่เผยแพร่: มีนาคม 2568","https://www.dcce.go.th/media/6500/","https://www.dcce.go.th/datacenter/22784/","คลังสื่อสิ่งพิมพ์","กลุ่มประชาสัมพันธ์และสื่อสารสิ่งแวดล้อม","E-book Reader"
"MED-039","ยกระดับการปรับตัวอุตสาหกรรมท่องเที่ยว ทางรอดจากวิกฤตภัยแล้ง","Knowledge Asset","วารสาร: การปรับตัวต่อการเปลี่ยนแปลงสภาพภูมิอากาศ | ชื่อเรื่อง: ยกระดับการปรับตัวอุตสาหกรรมท่องเที่ยว ทางรอดจากวิกฤตภัยแล้ง | ปีที่เผยแพร่: กุมภาพันธ์ 2568","https://www.dcce.go.th/media/6493/","https://www.dcce.go.th/datacenter/22781/","คลังสื่อสิ่งพิมพ์","กลุ่มประชาสัมพันธ์และสื่อสารสิ่งแวดล้อม","E-book Reader"
"MED-040","ท่องเที่ยวไทยพร้อมสู้วิกฤตโลกร้อน","Knowledge Asset","วารสาร: การปรับตัวต่อการเปลี่ยนแปลงสภาพภูมิอากาศ | ชื่อเรื่อง: ท่องเที่ยวไทยพร้อมสู้วิกฤตโลกร้อน | ปีที่เผยแพร่: มกราคม 2568","https://www.dcce.go.th/media/6487/","https://www.dcce.go.th/datacenter/22779/","คลังสื่อสิ่งพิมพ์","กลุ่มประชาสัมพันธ์และสื่อสารสิ่งแวดล้อม","E-book Reader"
"MED-041","เกษตรต้องขยับ ปรับตัวให้ทันต่อสถานการณ์ Climate Change","Knowledge Asset","วารสาร: การปรับตัวต่อการเปลี่ยนแปลงสภาพภูมิอากาศ | ชื่อเรื่อง: เกษตรต้องขยับ ปรับตัวให้ทันต่อสถานการณ์ Climate Change | ปีที่เผยแพร่: ธันวาคม 2567","https://www.dcce.go.th/media/6470/","https://www.dcce.go.th/datacenter/22776/","คลังสื่อสิ่งพิมพ์","กลุ่มประชาสัมพันธ์และสื่อสารสิ่งแวดล้อม","E-book Reader"
"MED-042","แนวทางการแก้ปัญหาโดยอาศัยธรรมชาติเป็นฐาน (NbS) : Nature-Based Solutions","Knowledge Asset","วารสาร: การปรับตัวต่อการเปลี่ยนแปลงสภาพภูมิอากาศ | ชื่อเรื่อง: แนวทางการแก้ปัญหาโดยอาศัยธรรมชาติเป็นฐาน (NbS) : Nature-Based Solutions | ปีที่เผยแพร่: พฤศจิกายน 2567","https://www.dcce.go.th/media/6463/","https://www.dcce.go.th/datacenter/22774/","คลังสื่อสิ่งพิมพ์","กลุ่มประชาสัมพันธ์และสื่อสารสิ่งแวดล้อม","E-book Reader"
"MED-043","ถอดบทเรียนจากน้ำท่วมแม่สายสู่แนวทางฟื้นฟูและปรับตัวเพื่อการเปลี่ยนแปลงอย่างยั่งยืน","Knowledge Asset","วารสาร: การปรับตัวต่อการเปลี่ยนแปลงสภาพภูมิอากาศ | ชื่อเรื่อง: ถอดบทเรียนจากน้ำท่วมแม่สายสู่แนวทางฟื้นฟูและปรับตัวเพื่อการเปลี่ยนแปลงอย่างยั่งยืน | ปีที่เผยแพร่: ตุลาคม 2567","https://www.dcce.go.th/media/6458/","https://www.dcce.go.th/datacenter/22760/","คลังสื่อสิ่งพิมพ์","กลุ่มประชาสัมพันธ์และสื่อสารสิ่งแวดล้อม","E-book Reader"
"MED-044","คู่มือการปรับตัวต่อการเปลี่ยนแปลงสภาพภูมิอากาศ (สำหรับประชาชน)","Knowledge Asset","Department of Climate Change and Environment ติดต่อ จันทร์-ศุกร์ เวลา 08.30 – 16.30 น.","https://www.dcce.go.th/media/21975/","https://www.dcce.go.th/media/21975/?download_file=1&file_id=21977","คลังสื่อสิ่งพิมพ์","กลุ่มประชาสัมพันธ์และสื่อสารสิ่งแวดล้อม","E-book Reader"
"MED-045","Thailand Climate Tech Startup Handbook – ฉบับภาษาไทย","Knowledge Asset","Department of Climate Change and Environment ติดต่อ จันทร์-ศุกร์ เวลา 08.30 – 16.30 น.","https://www.dcce.go.th/media/4214/","https://www.dcce.go.th/media/4214/?download_file=1&file_id=21409","คลังสื่อสิ่งพิมพ์","กลุ่มประชาสัมพันธ์และสื่อสารสิ่งแวดล้อม","E-book Reader"
"MED-046","รายงานประจำปี 2568 กรมการเปลี่ยนแปลงสภาพภูมิอากาศและสิ่งแวดล้อม","Knowledge Asset","ผู้แต่ง: กรมการเปลี่ยนแปลงสภาพภูมิอากาศและสิ่งแวดล้อม | เดือน-ปี ที่เผยแพร่: เมษายน 2026 | หน่วยงานเจ้าของสื่อ: สำนักงานเลขานุการกรม","https://www.dcce.go.th/media/21267/","","คลังสื่อสิ่งพิมพ์","กลุ่มประชาสัมพันธ์และสื่อสารสิ่งแวดล้อม","Web Page"
"MED-047","ปล่อยก๊าซเรือนกระจกก็มีราคาที่ต้องจ่าย! สรุปชัด &#8220;ETS&#8221; และ &#8220;ภาษีคาร์บอน&#8221; เครื่องมือคู่ใจสู้โลกร้อน ต่างกันยังไง?","Knowledge Asset","รายละเอียด: ""ราคาคาร์บอน"" คือเครื่องมือที่ทำให้การทำลายสิ่งแวดล้อมมีต้นทุน เพื่อเปลี่ยนจาก ""การปล่อยมลพิษ"" มาเป็น ""การรักษ์โลก"" แทน 🌱 📌 Cap-and-Trade (ETS): เหมือน ""โควตาคาร์บอน"" ใครประหยัดเก่งจนเหลือสิทธิ เอาไปขายเป็นเงินได้! เน้นคุมปริมาณการปล่อยไม่ให้เกินเกณฑ์ 📌 Carbon Tax: เหมือน ""ภาษีสิ่งแวด","https://www.dcce.go.th/media/21312/","https://www.dcce.go.th/media/21312/?download_file=1&file_id=21313","คลังสื่อสิ่งพิมพ์","กลุ่มประชาสัมพันธ์และสื่อสารสิ่งแวดล้อม","E-book Reader"
"MED-048","เจาะลึกห่วงโซ่ผลกระทบ &#8220;น้ำท่วมหาดใหญ่ 2025&#8221; : มากกว่าแค่น้ำท่วม คือความเสียหายที่ต้องถอดบทเรียน","Knowledge Asset","รายละเอียด: วิกฤตน้ำท่วมภาคใต้ในปี 2025 โดยเฉพาะที่ อ.หาดใหญ่ จ.สงขลา ถือเป็นเหตุการณ์รุนแรงที่สุดในรอบ 25 ปี ซึ่งส่งผลกระทบเป็นวงกว้างในลักษณะ ""ห่วงโซ่ผลกระทบ"" (Impact Chain) ที่เราต้องทำความเข้าใจเพื่อวางแผนรับมือในอนาคต","https://www.dcce.go.th/media/21308/","https://www.dcce.go.th/media/21308/?download_file=1&file_id=21309","คลังสื่อสิ่งพิมพ์","กลุ่มประชาสัมพันธ์และสื่อสารสิ่งแวดล้อม","E-book Reader"
"MED-049","รู้จัก 59 ตัวชี้วัด &#8220;เบเล็ง&#8221; (Belém Indicators) เข็มทิศใหม่สู้โลกเดือด!","Knowledge Asset","รายละเอียด: ผลลัพธ์สำคัญจากการประชุม COP30 ณ เมืองเบเล็ง สหพันธ์สาธารณรัฐบราซิล นำมาสู่การกำหนด ""เข็มทิศ"" สำคัญที่จะช่วยให้ทุกประเทศติดตามความก้าวหน้าในการปรับตัวต่อการเปลี่ยนแปลงสภาพภูมิอากาศ (Global Goal on Adaptation: GGA) ได้อย่างชัดเจนและเป็นระบบมากขึ้น","https://www.dcce.go.th/media/21306/","https://www.dcce.go.th/media/21306/?download_file=1&file_id=21304","คลังสื่อสิ่งพิมพ์","กลุ่มประชาสัมพันธ์และสื่อสารสิ่งแวดล้อม","E-book Reader"
"MED-050","รายงานฉบับสมบูรณ์ (Final report) การประเมินเบื้องต้นต่อสถานภาพการดำเนินงานที่เกี่ยวข้องกับความสูญเสียและความเสียหาย","Knowledge Asset","ชื่อเรื่อง: รายงานฉบับสมบูรณ์ (Final report) การประเมินเบื้องต้นต่อสถานภาพการดำเนินงานที่เกี่ยวข้องกับความสูญเสียและความเสียหาย | เผยแพร่โดย: กรมการเปลี่ยนแปลงสภาพภูมิอกาศและสิ่งแวดล้อม | Submitted to: Deutsche Gesellschaft für Internationale Zusammenarbeit (GIZ) GmbH | Prepared by: Thailand Develop","https://www.dcce.go.th/media/19744/","https://www.dcce.go.th/media/19744/?download_file=1&file_id=19747","คลังสื่อสิ่งพิมพ์","กลุ่มประชาสัมพันธ์และสื่อสารสิ่งแวดล้อม","E-book Reader"
"MED-051","ข้อเสนอแนะเชิงนโยบายและคู่มือแนวทางการเข้าถึงแหล่งงบประมาณในประเทศและระหว่างประเทศของหน่วยงาน","Knowledge Asset","ชื่อเรื่อง: ข้อเสนอแนะเชิงนโยบายและคู่มือแนวทางการเข้าถึงแหล่งงบประมาณในประเทศและระหว่างประเทศของหน่วยงาน เพื่อดำเนินกิจกรรมด้านการปรับตัวต่อการเปลี่ยนแปลงสภาพภูมิอากาศของประเทศไทย | เผยแพร่โดย: กรมการเปลี่ยนแปลงสภาพภูมิอกาศและสิ่งแวดล้อม | ครั้งที่พิมพ์: ครั้งที่ 1 พ.ศ.2568 | จำนวนเล่ม: 500 เล่ม |","https://www.dcce.go.th/media/19262/","https://www.dcce.go.th/media/19262/?download_file=1&file_id=19263","คลังสื่อสิ่งพิมพ์","กลุ่มประชาสัมพันธ์และสื่อสารสิ่งแวดล้อม","E-book Reader"
"MED-052","มาตรการลดการใช้พลังงานและน้ำมันเชื้อเพลิงในหน่วยงาน ประหยัดพลังงานเพื่อความมั่นคงของประเทศ","Knowledge Asset","ลิงก์ Content: https://www.dcce.go.th/19236/","https://www.dcce.go.th/media/19241/","https://www.dcce.go.th/media/19241/?download_file=1&file_id=19237","คลังสื่อสิ่งพิมพ์","กลุ่มประชาสัมพันธ์และสื่อสารสิ่งแวดล้อม","E-book Reader"
"MED-053","อุปกรณ์ตรวจวัดกลิ่น","Knowledge Asset","Department of Climate Change and Environment ติดต่อ จันทร์-ศุกร์ เวลา 08.30 – 16.30 น.","https://www.dcce.go.th/media/17913/","https://www.dcce.go.th/media/17913/?download_file=1&file_id=17911","คลังสื่อสิ่งพิมพ์","กลุ่มประชาสัมพันธ์และสื่อสารสิ่งแวดล้อม","E-book Reader"
"MED-054","สารตกค้างในปุ๋ยอินทรีย์และวัสดุปรับปรุงดิน","Knowledge Asset","Department of Climate Change and Environment ติดต่อ จันทร์-ศุกร์ เวลา 08.30 – 16.30 น.","https://www.dcce.go.th/media/17909/","https://www.dcce.go.th/media/17909/?download_file=1&file_id=17908","คลังสื่อสิ่งพิมพ์","กลุ่มประชาสัมพันธ์และสื่อสารสิ่งแวดล้อม","E-book Reader"
"MED-055","การจำแนกภาวะคุกคามของสารอันตราย","Knowledge Asset","Department of Climate Change and Environment ติดต่อ จันทร์-ศุกร์ เวลา 08.30 – 16.30 น.","https://www.dcce.go.th/media/17906/","https://www.dcce.go.th/media/17906/?download_file=1&file_id=17905","คลังสื่อสิ่งพิมพ์","กลุ่มประชาสัมพันธ์และสื่อสารสิ่งแวดล้อม","E-book Reader"
"MED-056","พฤติกรรมผู้บริโภคในการบริโภคสินค้า","Knowledge Asset","Department of Climate Change and Environment ติดต่อ จันทร์-ศุกร์ เวลา 08.30 – 16.30 น.","https://www.dcce.go.th/media/17902/","https://www.dcce.go.th/media/17902/?download_file=1&file_id=17904","คลังสื่อสิ่งพิมพ์","กลุ่มประชาสัมพันธ์และสื่อสารสิ่งแวดล้อม","E-book Reader"
"MED-057","การศึกษาการป้องกันการแพร่กระจายของฝุ่นละอองด้วยการเพิ่มพื้นที่สีเขียว","Knowledge Asset","Department of Climate Change and Environment ติดต่อ จันทร์-ศุกร์ เวลา 08.30 – 16.30 น.","https://www.dcce.go.th/media/17899/","https://www.dcce.go.th/media/17899/?download_file=1&file_id=17900","คลังสื่อสิ่งพิมพ์","กลุ่มประชาสัมพันธ์และสื่อสารสิ่งแวดล้อม","E-book Reader"
"MED-058","ผงเหล็ก สำหรับการบำบัดฟื้นฟูน้ำใต้ดิน","Knowledge Asset","Department of Climate Change and Environment ติดต่อ จันทร์-ศุกร์ เวลา 08.30 – 16.30 น.","https://www.dcce.go.th/media/17893/","https://www.dcce.go.th/media/17893/?download_file=1&file_id=17895","คลังสื่อสิ่งพิมพ์","กลุ่มประชาสัมพันธ์และสื่อสารสิ่งแวดล้อม","E-book Reader"
"MED-059","การศึกษาการแพร่กระจายและการปนเปื้อนของสารปรอทในสิ่งแวดล้อม","Knowledge Asset","Department of Climate Change and Environment ติดต่อ จันทร์-ศุกร์ เวลา 08.30 – 16.30 น.","https://www.dcce.go.th/media/17892/","https://www.dcce.go.th/media/17892/?download_file=1&file_id=17891","คลังสื่อสิ่งพิมพ์","กลุ่มประชาสัมพันธ์และสื่อสารสิ่งแวดล้อม","E-book Reader"
"MED-060","การประเมินประสิทธิภาพ การบำบัดฟื้นฟูน้ำใต้ดิน","Knowledge Asset","Department of Climate Change and Environment ติดต่อ จันทร์-ศุกร์ เวลา 08.30 – 16.30 น.","https://www.dcce.go.th/media/17887/","https://www.dcce.go.th/media/17887/?download_file=1&file_id=17889","คลังสื่อสิ่งพิมพ์","กลุ่มประชาสัมพันธ์และสื่อสารสิ่งแวดล้อม","E-book Reader"
"MED-061","โครงการศึกษาการกระจายตัวของสารไดออกซินและฟิวเเรนในอากาศ","Knowledge Asset","Department of Climate Change and Environment ติดต่อ จันทร์-ศุกร์ เวลา 08.30 – 16.30 น.","https://www.dcce.go.th/media/17886/","https://www.dcce.go.th/media/17886/?download_file=1&file_id=17884","คลังสื่อสิ่งพิมพ์","กลุ่มประชาสัมพันธ์และสื่อสารสิ่งแวดล้อม","E-book Reader"
"MED-062","คู่มือป่านิเวศ ฉบับประชาชน","Knowledge Asset","Department of Climate Change and Environment ติดต่อ จันทร์-ศุกร์ เวลา 08.30 – 16.30 น.","https://www.dcce.go.th/media/17690/","https://www.dcce.go.th/media/17690/?download_file=1&file_id=17688","คลังสื่อสิ่งพิมพ์","กลุ่มประชาสัมพันธ์และสื่อสารสิ่งแวดล้อม","E-book Reader"
"MED-063","คู่มือการให้บริการแนวทางปฏิบัติผู้บริการไดออกซิน ปี 2568","Knowledge Asset","Department of Climate Change and Environment ติดต่อ จันทร์-ศุกร์ เวลา 08.30 – 16.30 น.","https://www.dcce.go.th/media/17659/","https://www.dcce.go.th/media/17659/?download_file=1&file_id=17656","คลังสื่อสิ่งพิมพ์","กลุ่มประชาสัมพันธ์และสื่อสารสิ่งแวดล้อม","E-book Reader"
"MED-064","แนวทางปฏิบัติการจัดการของเสียจากอันตราย สำหรับการจัดการซากหลอดฟลูออเรสเซนต์","Knowledge Asset","Department of Climate Change and Environment ติดต่อ จันทร์-ศุกร์ เวลา 08.30 – 16.30 น.","https://www.dcce.go.th/media/17644/","https://heyzine.com/flip-book/4f76b77e4f.html?fbclid=IwY2xjawPSrYlleHRuA2FlbQIxMQBzcnRjBmFwcF9pZBAyMjIwMzkxNzg4MjAwODkyAAEeiUCDGx5vogOB7f2tH1kv7RSkqDEh62FpBHeXU1gHacFoM-xc_oxRGKwUzJM_aem_uG6Aj8O081GrsLjQCKUi9g#page/1","คลังสื่อสิ่งพิมพ์","กลุ่มประชาสัมพันธ์และสื่อสารสิ่งแวดล้อม","E-book Reader"
"MED-065","ไดออกซิน คืออะไร","Knowledge Asset","Department of Climate Change and Environment ติดต่อ จันทร์-ศุกร์ เวลา 08.30 – 16.30 น.","https://www.dcce.go.th/media/17622/","https://www.dcce.go.th/media/17622/?download_file=1&file_id=17616","คลังสื่อสิ่งพิมพ์","กลุ่มประชาสัมพันธ์และสื่อสารสิ่งแวดล้อม","E-book Reader"
"MED-066","ความรู้เบี้องต้นไดออกซินและสารก่อมะเร็งใกล้ตัวเรา","Knowledge Asset","Department of Climate Change and Environment ติดต่อ จันทร์-ศุกร์ เวลา 08.30 – 16.30 น.","https://www.dcce.go.th/media/17621/","https://www.dcce.go.th/media/17621/?download_file=1&file_id=17613","คลังสื่อสิ่งพิมพ์","กลุ่มประชาสัมพันธ์และสื่อสารสิ่งแวดล้อม","E-book Reader"
"MED-067","ชุดองค์ความรู้งานวิจัยด้านผลกระทบและการแก้ไขปัญหาหมอกควัน","Knowledge Asset","Department of Climate Change and Environment ติดต่อ จันทร์-ศุกร์ เวลา 08.30 – 16.30 น.","https://www.dcce.go.th/media/17619/","https://www.dcce.go.th/media/17619/?download_file=1&file_id=17611","คลังสื่อสิ่งพิมพ์","กลุ่มประชาสัมพันธ์และสื่อสารสิ่งแวดล้อม","E-book Reader"
"MED-068","คู่มือความเสี่ยงจากการเปลี่ยนแปลงสภาพภูมิอากาศ (Climate Risk Sourcebook)","Knowledge Asset","ผู้แต่ง: องค์กรความร่วมมือระหว่างประเทศของเยอรมัน(GIZ) | หน่วยงาน: กองขับเคลื่อนการปรับตัวต่อการเปลี่ยนแปลงสภาพภูมิอากาศ | YouTube: https://www.youtube.com/watch?v=C1W_OnPzcE0","https://www.dcce.go.th/media/15960/","https://www.dcce.go.th/media/15960/?download_file=1&file_id=15962","คลังสื่อสิ่งพิมพ์","กลุ่มประชาสัมพันธ์และสื่อสารสิ่งแวดล้อม","E-book Reader"
"MED-069","หนังสือ ทสม. และเครือข่าย ทสม. ดีเด่น ประจำปี 2568","Knowledge Asset","Department of Climate Change and Environment ติดต่อ จันทร์-ศุกร์ เวลา 08.30 – 16.30 น.","https://www.dcce.go.th/media/15832/","https://www.dcce.go.th/media/15832/?download_file=1&file_id=20147","คลังสื่อสิ่งพิมพ์","กลุ่มประชาสัมพันธ์และสื่อสารสิ่งแวดล้อม","E-book Reader"
"MED-070","Climate Change A-Z Challenge Extreme Weather เมื่อ “สภาพภูมิอากาศสุดขั้ว” คือหายนะที่โลกกำลังเผชิญ! ภัยใกล้ตัวที่ทุกคนต้องรู้!","Knowledge Asset","รายละเอียด: โลกกำลังเผชิญกับความท้าทายครั้งใหญ่ที่เรียกว่า Extreme Weather หรือ สภาพภูมิอากาศสุดขั้ว ซึ่งเป็นความแปรปรวนของสภาพอากาศที่รุนแรงและเกิดขึ้นอย่างต่อเนื่อง จากผลกระทบของการเปลี่ยนแปลงสภาพภูมิอากาศ (Climate Change) Extreme Weather เกิดจากอะไร? แม้ความแปรปรวนตามธรรมชาติ (เช่น เอลนีโญ) จะมีส","https://www.dcce.go.th/media/15309/","https://www.dcce.go.th/media/15309/?download_file=1&file_id=15310","คลังสื่อสิ่งพิมพ์","กลุ่มประชาสัมพันธ์และสื่อสารสิ่งแวดล้อม","E-book Reader"
"MED-071","Climate Change A-Z Challenge Vulnerability: ความเปราะบาง ไม่ใช่แค่เรื่องอ่อนแอ แต่คือความเสี่ยงที่ทุกคนต้องรู้","Knowledge Asset","รายละเอียด: ความเปราะบาง (Vulnerability) คือ ระดับความเสี่ยงของมนุษย์ ชุมชน หรือธรรมชาติที่จะได้รับผลกระทบจากภัยธรรมชาติและการเปลี่ยนแปลงสภาพภูมิอากาศ รวมถึงความสามารถในการรับมือและฟื้นตัวจากผลกระทบเหล่านั้นด้วย...","https://www.dcce.go.th/media/15149/","https://www.dcce.go.th/media/15149/?download_file=1&file_id=15150","คลังสื่อสิ่งพิมพ์","กลุ่มประชาสัมพันธ์และสื่อสารสิ่งแวดล้อม","E-book Reader"
"MED-072","Climate Change A-Z Challenge Urban Heat Island: รู้จัก เกาะความร้อนในเมือง 🔥 ภัยเงียบที่ทำให้เมืองยิ่งร้อน .","Knowledge Asset","รายละเอียด: Climate Change A-Z Challenge Urban Heat Island: รู้จัก เกาะความร้อนในเมือง 🔥 ภัยเงียบที่ทำให้เมืองยิ่งร้อน เคยรู้สึกไหมว่า...ในเมืองใหญ่อุณหภูมิจะร้อนกว่ารอบนอกอย่างชัดเจน? นี่คือปรากฏการณ์ที่เรียกว่า Urban Heat Island (UHI) หรือ “เกาะความร้อนในเมือง”","https://www.dcce.go.th/media/15003/","https://www.dcce.go.th/media/15003/?download_file=1&file_id=15004","คลังสื่อสิ่งพิมพ์","กลุ่มประชาสัมพันธ์และสื่อสารสิ่งแวดล้อม","E-book Reader"
"MED-073","“Tipping Points คืออะไร? 🌡️🔥 รู้จัก &#8216;จุดพลิกผัน' ที่โลกอาจไม่มีวันเหมือนเดิม ถ้าโลกร้อนเกินไป”","Knowledge Asset","รายละเอียด: “Tipping Points คืออะไร? 🌡️🔥 รู้จัก 'จุดพลิกผัน' ที่โลกอาจไม่มีวันเหมือนเดิม ถ้าโลกร้อนเกินไป” เคยได้ยินคำว่า “จุดพลิกผัน” ไหม? (Tipping Points) ในเรื่อง Climate Change มันคือ “สัญญาณอันตราย” ที่บอกว่า... ถ้าโลกเราร้อนขึ้นเกินจุดๆ หนึ่ง จะเกิดการเปลี่ยนแปลงครั้งใหญ่ แบบที่ “ไม่มีวันกลั","https://www.dcce.go.th/media/15000/","https://www.dcce.go.th/media/15000/?download_file=1&file_id=15001","คลังสื่อสิ่งพิมพ์","กลุ่มประชาสัมพันธ์และสื่อสารสิ่งแวดล้อม","E-book Reader"
"MED-074","(ร่าง) พระราชบัญญัติการเปลี่ยนแปลงสภาพภูมิอากาศ พ.ศ. .... (2/2)","Knowledge Asset","Department of Climate Change and Environment ติดต่อ จันทร์-ศุกร์ เวลา 08.30 – 16.30 น.","https://www.dcce.go.th/media/14864/","","คลังสื่อสิ่งพิมพ์","กลุ่มประชาสัมพันธ์และสื่อสารสิ่งแวดล้อม","Web Page"
"MED-075","(ร่าง) พระราชบัญญัติการเปลี่ยนแปลงสภาพภูมิอากาศ พ.ศ. .... (1/2)","Knowledge Asset","Department of Climate Change and Environment ติดต่อ จันทร์-ศุกร์ เวลา 08.30 – 16.30 น.","https://www.dcce.go.th/media/14863/","","คลังสื่อสิ่งพิมพ์","กลุ่มประชาสัมพันธ์และสื่อสารสิ่งแวดล้อม","Web Page"
"MED-076","Proceedings of the 14th International Conference on Environmental Engineering, Science and Management","Knowledge Asset","Title: Green Environment &amp; Low Carbon Society Towards Sustainability for Mankind Wellness","https://www.dcce.go.th/media/12778/","https://www.dcce.go.th/media/12778/?download_file=1&file_id=12777","คลังสื่อสิ่งพิมพ์","กลุ่มประชาสัมพันธ์และสื่อสารสิ่งแวดล้อม","E-book Reader"
"MED-077","เอกสารประกอบการประชุมวิชาการสิ่งแวดล้อมแห่งชาติ ครั้งที่ 24","Knowledge Asset","หัวข้อ: สิ่งแวดล้อมสีเขียวพร้อมด้วยสังคมคาร์บอนต่ำ สู่ความยั่งยืนเพื่อสุขภาวะที่ดีของมวลมนุษย์","https://www.dcce.go.th/media/12773/","https://www.dcce.go.th/media/12773/?download_file=1&file_id=12775","คลังสื่อสิ่งพิมพ์","กลุ่มประชาสัมพันธ์และสื่อสารสิ่งแวดล้อม","E-book Reader"
"MED-078","กรอบและแผนงานวิจัยด้านการเปลี่ยนแปลงสภาพภูมิอากาศ พ.ศ. 2570-2575","Knowledge Asset","Department of Climate Change and Environment ติดต่อ จันทร์-ศุกร์ เวลา 08.30 – 16.30 น.","https://www.dcce.go.th/media/12412/","https://www.dcce.go.th/media/12412/?download_file=1&file_id=12417","คลังสื่อสิ่งพิมพ์","กลุ่มประชาสัมพันธ์และสื่อสารสิ่งแวดล้อม","E-book Reader"
"MED-079","คู่มือ แหล่งทุนด้านการเปลี่ยนแปลงสภาพภูมิอากาศ","Knowledge Asset","ผู้แต่ง: กองส่งเสริมการมีส่วนร่วมต่อการเปลี่ยนแปลงสภาพภูมิอากาศและสิ่งแวดล้อม กรมการเปลี่ยนแปลงสภาพภูมิอากาศและสิ่งแวดล้อม","https://www.dcce.go.th/media/11172/","https://www.dcce.go.th/media/11172/?download_file=1&file_id=11199","คลังสื่อสิ่งพิมพ์","กลุ่มประชาสัมพันธ์และสื่อสารสิ่งแวดล้อม","E-book Reader"
"MED-080","การปนเปื้อนและการแพร่กระจายเชิงพื้นที่ของไมโครพลาสติกในน้ำและตะกอนดินในลุ่มน้ำบางปะกง","Knowledge Asset","Department of Climate Change and Environment ติดต่อ จันทร์-ศุกร์ เวลา 08.30 – 16.30 น.","https://www.dcce.go.th/media/10158/","https://www.dcce.go.th/media/10158/?download_file=1&file_id=12172","คลังสื่อสิ่งพิมพ์","กลุ่มประชาสัมพันธ์และสื่อสารสิ่งแวดล้อม","E-book Reader"
"MED-081","Micro Plastics","Knowledge Asset","Department of Climate Change and Environment ติดต่อ จันทร์-ศุกร์ เวลา 08.30 – 16.30 น.","https://www.dcce.go.th/media/10157/","https://www.dcce.go.th/media/10157/?download_file=1&file_id=12178","คลังสื่อสิ่งพิมพ์","กลุ่มประชาสัมพันธ์และสื่อสารสิ่งแวดล้อม","E-book Reader"
"MED-082","ป่านิเวศ (ECO Forest)","Knowledge Asset","Department of Climate Change and Environment ติดต่อ จันทร์-ศุกร์ เวลา 08.30 – 16.30 น.","https://www.dcce.go.th/media/10151/","https://www.dcce.go.th/media/10151/?download_file=1&file_id=10145","คลังสื่อสิ่งพิมพ์","กลุ่มประชาสัมพันธ์และสื่อสารสิ่งแวดล้อม","E-book Reader"
"MED-083","กรอบและแผนงานวิจัยด้านการเปลี่ยนแปลงสภาพภูมิอากาศ พ.ศ. 2570-2575 (แผ่นพับ/Infographic)","Knowledge Asset","Department of Climate Change and Environment ติดต่อ จันทร์-ศุกร์ เวลา 08.30 – 16.30 น.","https://www.dcce.go.th/media/10150/","https://www.dcce.go.th/media/10150/?download_file=1&file_id=10144","คลังสื่อสิ่งพิมพ์","กลุ่มประชาสัมพันธ์และสื่อสารสิ่งแวดล้อม","E-book Reader"
"MED-084","เครื่องมือแจ้งเตือนสภาพอากาศร้อนจัดอย่างง่าย","Knowledge Asset","Department of Climate Change and Environment ติดต่อ จันทร์-ศุกร์ เวลา 08.30 – 16.30 น.","https://www.dcce.go.th/media/10147/","https://www.dcce.go.th/media/10147/?download_file=1&file_id=10140","คลังสื่อสิ่งพิมพ์","กลุ่มประชาสัมพันธ์และสื่อสารสิ่งแวดล้อม","E-book Reader"
"MED-085","การศึกษาค่าระดับการรับเสียงอ้างอิงที่เหมาะสมสำหรับการคาดการณ์ระดับเสียงรถไฟฟ้าในประเทศไทย","Knowledge Asset","Department of Climate Change and Environment ติดต่อ จันทร์-ศุกร์ เวลา 08.30 – 16.30 น.","https://www.dcce.go.th/media/10138/","https://www.dcce.go.th/media/10138/?download_file=1&file_id=10133","คลังสื่อสิ่งพิมพ์","กลุ่มประชาสัมพันธ์และสื่อสารสิ่งแวดล้อม","E-book Reader"
"MED-086","คู่มือการบูรณาการเนื้อหาเรื่องการเปลี่ยนแปลงสภาพภูมิอากาศในหลักสูตรการศึกษา ระดับการศึกษาระดับการเรียนรู้ตลอดชีวิต","Knowledge Asset","ผู้จัดทำ: ดร.น.รัตน์ อิสโร | ปีที่เผยแพร่: 2565 | หน่วยงานเจ้าของสื่อ: กรมการเปลี่ยนแปลงสภาพภูมิอากาศและสิ่งแวดล้อม","https://www.dcce.go.th/media/9792/","https://www.dcce.go.th/media/9792/?download_file=1&file_id=9793","คลังสื่อสิ่งพิมพ์","กลุ่มประชาสัมพันธ์และสื่อสารสิ่งแวดล้อม","E-book Reader"
"MED-087","คู่มือการบูรณาการเนื้อหาเรื่องการเปลี่ยนแปลงสภาพภูมิอากาศในหลักสูตรการศึกษา ระดับอุดมศึกษา","Knowledge Asset","ผู้จัดทำ: ดร.นงรัตน์ อิสโร | ปีที่เผยแพร่: 2565 | หน่วยงานเจ้าของสื่อ: กรมการเปลี่ยนแปลงสภาพภูมิอากาศและสิ่งแวดล้อม","https://www.dcce.go.th/media/9789/","https://www.dcce.go.th/media/9789/?download_file=1&file_id=9790","คลังสื่อสิ่งพิมพ์","กลุ่มประชาสัมพันธ์และสื่อสารสิ่งแวดล้อม","E-book Reader"
"MED-088","คู่มือการบูรณาการเนื้อหาเรื่องการเปลี่ยนแปลงสภาพภูมิอากาศในหลักสูตรการศึกษา ระดับมัธยมศึกษา","Knowledge Asset","ผู้จัดทำ: ดร.นงรัตน์ อิสโร | ปีที่เผยแพร่: 2565 | หน่วยงานเจ้าของสื่อ: กรมการเปลี่ยนแปลงสภาพภูมิอากาศและสิ่งแวดล้อม","https://www.dcce.go.th/media/9786/","https://www.dcce.go.th/media/9786/?download_file=1&file_id=9787","คลังสื่อสิ่งพิมพ์","กลุ่มประชาสัมพันธ์และสื่อสารสิ่งแวดล้อม","E-book Reader"
"MED-089","คู่มือแนวทางการบูรณาการเนื้อหาเรื่องการเปลี่ยนแปลงสภาพภูมิอากาศในหลักสูตรการศึกษา ระดับประถมศึกษา","Knowledge Asset","ผู้จัดทำ: ดร.นงรัตน์ อิสโร | ปีที่เผยแพร่: 2565 | หน่วยงานเจ้าของสื่อ: กรมการเปลี่ยนแปลงสภาพภูมิอากาศและสิ่งแวดล้อม","https://www.dcce.go.th/media/9782/","https://www.dcce.go.th/media/9782/?download_file=1&file_id=9783","คลังสื่อสิ่งพิมพ์","กลุ่มประชาสัมพันธ์และสื่อสารสิ่งแวดล้อม","E-book Reader"
"MED-090","คู่มือการบูรณาการเนื้อหาเรื่องการเปลี่ยนแปลงสภาพภูมิอากาศในหลักสูตรการศึกษา ระดับการศึกษาปฐมวัย","Knowledge Asset","ผู้จัดทำ: ดร.นงรัตน์ อิสโร | ปีที่เผยแพร่: 2565 | หน่วยงานเจ้าของสื่อ: กรมการเปลี่ยนแปลงสภาพภูมิอากาศและสิ่งแวดล้อม","https://www.dcce.go.th/media/9778/","https://www.dcce.go.th/media/9778/?download_file=1&file_id=9779","คลังสื่อสิ่งพิมพ์","กลุ่มประชาสัมพันธ์และสื่อสารสิ่งแวดล้อม","E-book Reader"
"MED-091","คู่มือประเมินเมืองสิ่งแวดล้อมยั่งยืน 68","Knowledge Asset","ผู้แต่ง: กรมการเปลี่ยนแปลงสภาพภูมิอากาศและสิ่งแวดล้อม | เดือน-ปี ที่เผยแพร่: 7-8-2568 | ครั้งที่พิมพ์: 1 | หน่วยงานเจ้าของสื่อ: กองส่งเสริมการมีส่วนร่วมต่อการเปลี่ยนแปลงสภาพภูมิอากาศและสิ่งแวดล้อม","https://www.dcce.go.th/media/9534/","https://www.dcce.go.th/media/9534/?download_file=1&file_id=9535","คลังสื่อสิ่งพิมพ์","กลุ่มประชาสัมพันธ์และสื่อสารสิ่งแวดล้อม","E-book Reader"
"MED-092","รายงานสถานการณ์การเปลี่ยนแปลงสภาพภูมิอากาศ ของประเทศไทย ปี 2567","Knowledge Asset","ผู้แต่ง: กรมการเปลี่ยนแปลงสภาพภูมิอากาศและสิ่งแวดล้อม | เดือน-ปี ที่เผยแพร่: 15-7-2568 | ครั้งที่พิมพ์: 1 | หน่วยงานเจ้าของสื่อ: กองยุทธศาสตร์และความร่วมมือระหว่างประเทศ","https://www.dcce.go.th/media/8553/","https://www.dcce.go.th/media/8553/?download_file=1&file_id=9108","คลังสื่อสิ่งพิมพ์","กลุ่มประชาสัมพันธ์และสื่อสารสิ่งแวดล้อม","E-book Reader"
"MED-093","Climate Change A-Z Challenge | รู้จัก “Greenhouse Gases หรือก๊าซเรือนกระจก” ตัวการ “โลกร้อน”","Knowledge Asset","ผู้แต่ง: กรมการเปลี่ยนแปลงสภาพภูมิอากาศและสิ่งแวดล้อม | วัน-เดือน-ปีที่เผยแพร่: 03 กรกฎาคม 2568 | เนื้อหา Infongraphic: https://www.dcce.go.th/8314/","https://www.dcce.go.th/media/8318/","https://www.dcce.go.th/wp-content/uploads/2025/07/Climate-Change-A-Z-Challenge-Greenhouse-Gases.jpg","คลังสื่อสิ่งพิมพ์","กลุ่มประชาสัมพันธ์และสื่อสารสิ่งแวดล้อม","E-book Reader"
"MED-094","ผลการติดตามมาตรการลดก๊าซเรือนกระจก สาขาการจัดการของเสียชุมชนและน้ำเสียอุตสาหกรรม (Waste)","Knowledge Asset","ลิงก์ Content: https://www.dcce.go.th/8255/","https://www.dcce.go.th/media/8306/","https://www.dcce.go.th/wp-content/uploads/2025/07/5.-Waste-02.jpg","คลังสื่อสิ่งพิมพ์","กลุ่มประชาสัมพันธ์และสื่อสารสิ่งแวดล้อม","E-book Reader"
"MED-095","มาตรการการลดก๊าซเรือนกระจก สาขาการจัดการของเสียชุมชนและน้ำเสียอุตสาหกรรม (Waste)","Knowledge Asset","ลิงก์ Content: https://www.dcce.go.th/8255/","https://www.dcce.go.th/media/8305/","https://www.dcce.go.th/wp-content/uploads/2025/07/5.-Waste-01.jpg","คลังสื่อสิ่งพิมพ์","กลุ่มประชาสัมพันธ์และสื่อสารสิ่งแวดล้อม","E-book Reader"
"MED-096","มาตรการการลดก๊าซเรือนกระจกและผลการติดตาม สาขาเกษตร (Agriculture)","Knowledge Asset","ลิงก์ Content: https://www.dcce.go.th/8255/","https://www.dcce.go.th/media/8304/","https://www.dcce.go.th/wp-content/uploads/2025/07/4.-Agriculture.jpg","คลังสื่อสิ่งพิมพ์","กลุ่มประชาสัมพันธ์และสื่อสารสิ่งแวดล้อม","E-book Reader"
"MED-097","ผลการติดตามมาตรการลดก๊าซเรือนกระจก สาขากระบวนการทางอุตสาหกรรมและการใช้ผลิตภัณฑ์ (Industrial Processes and Product Use : IPPU)","Knowledge Asset","ลิงก์ Content: https://www.dcce.go.th/8255/","https://www.dcce.go.th/media/8303/","https://www.dcce.go.th/wp-content/uploads/2025/07/3.-IPPU-02.jpg","คลังสื่อสิ่งพิมพ์","กลุ่มประชาสัมพันธ์และสื่อสารสิ่งแวดล้อม","E-book Reader"
"MED-098","มาตรการการลดก๊าซเรือนกระจก สาขากระบวนการทางอุตสาหกรรมและการใช้ผลิตภัณฑ์ (Industrial Processes and Product use : IPPU)","Knowledge Asset","ลิงก์ Content: https://www.dcce.go.th/8255/","https://www.dcce.go.th/media/8302/","https://www.dcce.go.th/wp-content/uploads/2025/07/3.-IPPU-01.jpg","คลังสื่อสิ่งพิมพ์","กลุ่มประชาสัมพันธ์และสื่อสารสิ่งแวดล้อม","E-book Reader"
"MED-099","ผลการติดตามมาตรการลดก๊าซเรือนกระจก สาขาคมนาคมขนส่ง (Transport)","Knowledge Asset","ลิงก์ Content: https://www.dcce.go.th/8255/","https://www.dcce.go.th/media/8301/","https://www.dcce.go.th/wp-content/uploads/2025/07/2.-Transport-02.jpg","คลังสื่อสิ่งพิมพ์","กลุ่มประชาสัมพันธ์และสื่อสารสิ่งแวดล้อม","E-book Reader"
"MED-100","มาตรการการลดก๊าซเรือนกระจก สาขาคมนาคมขนส่ง (Transport)","Knowledge Asset","ลิงก์ Content: https://www.dcce.go.th/8255/","https://www.dcce.go.th/media/8300/","https://www.dcce.go.th/wp-content/uploads/2025/07/2.-Transport-01.jpg","คลังสื่อสิ่งพิมพ์","กลุ่มประชาสัมพันธ์และสื่อสารสิ่งแวดล้อม","E-book Reader"
"MED-101","ผลการติดตามมาตรการลดก๊าซเรือนกระจก สาขาพลังงาน (Energy)","Knowledge Asset","ลิงก์ Content: https://www.dcce.go.th/8255/","https://www.dcce.go.th/media/8299/","https://www.dcce.go.th/wp-content/uploads/2025/07/1.-Energy-02.jpg","คลังสื่อสิ่งพิมพ์","กลุ่มประชาสัมพันธ์และสื่อสารสิ่งแวดล้อม","E-book Reader"
"MED-102","มาตรการการลดก๊าซเรือนกระจก สาขาพลังงาน (Energy)","Knowledge Asset","ลิงก์ Content: https://www.dcce.go.th/8255/","https://www.dcce.go.th/media/8298/","https://www.dcce.go.th/wp-content/uploads/2025/07/1.-Energy-01.jpg","คลังสื่อสิ่งพิมพ์","กลุ่มประชาสัมพันธ์และสื่อสารสิ่งแวดล้อม","E-book Reader"
"MED-103","การดำเนินงานเพื่อบรรลุเป้าหมายการลดก๊าซเรือนกระจกของประเทศ","Knowledge Asset","ลิงก์ Content: https://www.dcce.go.th/8255/","https://www.dcce.go.th/media/8297/","https://www.dcce.go.th/wp-content/uploads/2025/07/การดำเนินงานเพื่อบรรลุเป้าหมายการลดก๊าซเรือนกระจกของประเทศ.jpg","คลังสื่อสิ่งพิมพ์","กลุ่มประชาสัมพันธ์และสื่อสารสิ่งแวดล้อม","E-book Reader"
"MED-104","Thailand Climate Tech Startup Handbook – English Edition","Knowledge Asset","Department of Climate Change and Environment ติดต่อ จันทร์-ศุกร์ เวลา 08.30 – 16.30 น.","https://www.dcce.go.th/media/8055/","https://www.dcce.go.th/media/8055/?download_file=1&file_id=21408","คลังสื่อสิ่งพิมพ์","กลุ่มประชาสัมพันธ์และสื่อสารสิ่งแวดล้อม","E-book Reader"
"MED-105","ทำความรู้จักกับ “สภาวะ ENSO-Neutral”","Knowledge Asset","ผู้แต่ง: กรมการเปลี่ยนแปลงสภาพภูมิอากาศและสิ่งแวดล้อม | วัน-เดือน-ปีที่เผยแพร่: 23 มิถุนายน 2568 | เนื้อหา Infographic: https://www.dcce.go.th/8251/","https://www.dcce.go.th/media/8254/","https://www.dcce.go.th/wp-content/uploads/2025/07/สภาวะ-ENSO-Neutral.jpg","คลังสื่อสิ่งพิมพ์","กลุ่มประชาสัมพันธ์และสื่อสารสิ่งแวดล้อม","E-book Reader"
"MED-106","Thailand Climate Tech Startup Guide – English Edition","Knowledge Asset","Author: Department of Climate Change and Environment | Published: 22 May 2025","https://www.dcce.go.th/media/6762/","https://www.dcce.go.th/media/6762/?download_file=1&file_id=7226","คลังสื่อสิ่งพิมพ์","กลุ่มประชาสัมพันธ์และสื่อสารสิ่งแวดล้อม","E-book Reader"
"MED-107","Thailand Climate Tech Startup Guide ฉบับภาษาไทย","Knowledge Asset","ผู้แต่ง: กรมการเปลี่ยนแปลงสภาพภูมิอากาศและสิ่งแวดล้อม | วัน-เดือน-ปีที่เผยแพร่: 22 พฤษภาคม 2568","https://www.dcce.go.th/media/6757/","https://www.dcce.go.th/media/6757/?download_file=1&file_id=7222","คลังสื่อสิ่งพิมพ์","กลุ่มประชาสัมพันธ์และสื่อสารสิ่งแวดล้อม","E-book Reader"
"MED-108","การคาดการณ์ผลกระทบต่อความหลากหลายทางชีวภาพภายใต้อุณหภูมิที่สูงขึ้น","Knowledge Asset","ผู้แต่ง: กรมการเปลี่ยนแปลงสภาพภูมิอากาศและสิ่งแวดล้อม | เดือน-ปี ที่เผยแพร่: สิงหาคม 2024 | หน่วยงานเจ้าของสื่อ: กองขับเคลื่อนการปรับตัวต่อการเปลี่ยนแปลงสภาพภูมิอากาศ","https://www.dcce.go.th/media/6637/","https://www.dcce.go.th/wp-content/uploads/2025/05/การคาดการณ์ผลกระทบต่อความหลากหลายทางชีวภาพภายใต้อุณหภูมิที่สูงขึ้น.png","คลังสื่อสิ่งพิมพ์","กลุ่มประชาสัมพันธ์และสื่อสารสิ่งแวดล้อม","E-book Reader"
"MED-109","Climate Change A-Z Challenge : Emission การปล่อยก๊าซเรือนกระจก ทำความรู้จักก๊าซเรือนกระจกทั้ง 7 ชนิด","Knowledge Asset","ผู้แต่ง: กรมการเปลี่ยนแปลงสภาพภูมิอากาศและสิ่งแวดล้อม | วัน-เดือน-ปีที่เผยแพร่: 21 พฤษภาคม 2568 | เนื้อหา Infographic: https://www.dcce.go.th/6627/","https://www.dcce.go.th/media/6630/","https://www.dcce.go.th/wp-content/uploads/2025/05/Climate-Change-A-Z-Challenge-4.jpg","คลังสื่อสิ่งพิมพ์","กลุ่มประชาสัมพันธ์และสื่อสารสิ่งแวดล้อม","E-book Reader"
"MED-110","คู่มือ การติดตามประเมินผลการปรับตัวต่อการเปลี่ยนแปลงสภาพภูมิอากาศ","Knowledge Asset","ผู้แต่ง: กรมการเปลี่ยนแปลงสภาพภูมิอากาศและสิ่งแวดล้อม | หน่วยงาน: กองขับเคลื่อนการปรับตัวต่อการเปลี่ยนแปลงสภาพภูมิอากาศ | ปีที่พิมพ์: 2568","https://www.dcce.go.th/media/6597/","https://www.dcce.go.th/media/6597/?download_file=1&file_id=6599","คลังสื่อสิ่งพิมพ์","กลุ่มประชาสัมพันธ์และสื่อสารสิ่งแวดล้อม","E-book Reader"
"MED-111","Thailand’s National Adaptation Plan (NAP) | English Edition","Knowledge Asset","Published by: Department of Climate Change and Environment | Volume: Vol.1","https://www.dcce.go.th/media/6583/","https://www.dcce.go.th/media/6583/?download_file=1&file_id=6590","คลังสื่อสิ่งพิมพ์","กลุ่มประชาสัมพันธ์และสื่อสารสิ่งแวดล้อม","E-book Reader"
"MED-112","แผนการปรับตัวต่อการเปลี่ยนแปลงสภาพภูมิอากาศ (Thailand's National Adaptation Plan : NAP)","Knowledge Asset","ผู้แต่ง: กรมการเปลี่ยนแปลงสภาพภูมิอากาศและสิ่งแวดล้อม | หน่วยงาน: กองขับเคลื่อนการปรับตัวต่อการเปลี่ยนแปลงสภาพภูมิอากาศ | ปีที่พิมพ์: 2568","https://www.dcce.go.th/media/6554/","https://www.dcce.go.th/media/6554/?download_file=1&file_id=6816","คลังสื่อสิ่งพิมพ์","กลุ่มประชาสัมพันธ์และสื่อสารสิ่งแวดล้อม","E-book Reader"
"MED-113","รายงานประจำปี 2567 กรมการเปลี่ยนแปลงสภาพภูมิอากาศและสิ่งแวดล้อม","Knowledge Asset","ผู้แต่ง: กรมการเปลี่ยนแปลงสภาพภูมิอากาศและสิ่งแวดล้อม | เดือน-ปี ที่เผยแพร่: สิงหาคม 2025 | หน่วยงานเจ้าของสื่อ: สำนักงานเลขานุการกรม","https://www.dcce.go.th/media/6548/","https://www.dcce.go.th/media/6548/?download_file=1&file_id=9652","คลังสื่อสิ่งพิมพ์","กลุ่มประชาสัมพันธ์และสื่อสารสิ่งแวดล้อม","E-book Reader"
"MED-114","Climate Change A-Z Challenge : Decarbonization การลดการปล่อยก๊าซคาร์บอนไดออกไซด์ 1 ในก๊าซเรือนกระจก","Knowledge Asset","ผู้แต่ง: กรมการเปลี่ยนแปลงสภาพภูมิอากาศและสิ่งแวดล้อม | วัน-เดือน-ปีที่เผยแพร่: 19 พฤษภาคม | เนื้อหา Infographic: https://www.dcce.go.th/6584/","https://www.dcce.go.th/media/6594/","https://www.dcce.go.th/wp-content/uploads/2025/05/Climate-Change-A-Z-Challenge-3.jpg","คลังสื่อสิ่งพิมพ์","กลุ่มประชาสัมพันธ์และสื่อสารสิ่งแวดล้อม","E-book Reader"
"MED-115","Climate Change A-Z Challenge : Climate Change","Knowledge Asset","ผู้แต่ง: กรมการเปลี่ยนแปลงสภาพภูมิอากาศและสิ่งแวดล้อม | วัน-เดือน-ปีที่เผยแพร่: 8 พฤษภาคม 2568 | เนื้อหา Infographic: https://www.dcce.go.th/6322 | แหล่งที่มา: กรมอุตุนิยมวิทยา / Green Network : Magazine to save the world","https://www.dcce.go.th/media/6359/","https://www.dcce.go.th/wp-content/uploads/2025/05/Climate-Change-A-Z-Challenge-2.jpg","คลังสื่อสิ่งพิมพ์","กลุ่มประชาสัมพันธ์และสื่อสารสิ่งแวดล้อม","E-book Reader"
"MED-116","Climate Change A-Z Challenge : Biodiversity สำคัญต่อโลกเรายังไง? เกี่ยวอะไรกับโลกเดือด?","Knowledge Asset","ผู้แต่ง: กรมการเปลี่ยนแปลงสภาพภูมิอากาศและสิ่งแวดล้อม | วัน-เดือน-ปีที่เผยแพร่: 7 พฤษภาคม 2568 | เนื้อหา Infographic: https://www.dcce.go.th/6262/ | แหล่งที่มา: ศูนย์วิจัยและสนับสนุนเป้าหมายการพัฒนาที่ยั่งยืน","https://www.dcce.go.th/media/6263/","https://www.dcce.go.th/wp-content/uploads/2025/05/Climate-Change-A-Z-Challenge-1.jpg","คลังสื่อสิ่งพิมพ์","กลุ่มประชาสัมพันธ์และสื่อสารสิ่งแวดล้อม","E-book Reader"
"MED-117","Climate Change A-Z Challenge : Adaptation หรือ การปรับตัวต่อการเปลี่ยนแปลงสภาพภูมิอากาศ","Knowledge Asset","ผู้แต่ง: กรมการเปลี่ยนแปลงสภาพภูมิอากาศและสิ่งแวดล้อม | วัน-เดือน-ปีที่เผยแพร่: 6 พฤษภาคม 2568 | เนื้อหา Infographic: https://www.dcce.go.th/6219/","https://www.dcce.go.th/media/6218/","https://www.dcce.go.th/wp-content/uploads/2025/05/Climate-Change-A-Z-Challenge.jpg","คลังสื่อสิ่งพิมพ์","กลุ่มประชาสัมพันธ์และสื่อสารสิ่งแวดล้อม","E-book Reader"
"MED-118","&#8220;ดัชนีด้านการเปลี่ยนแปลงสภาพภูมิอากาศ&#8221;","Knowledge Asset","ผู้แต่ง: กรมการเปลี่ยนแปลงสภาพภูมิอากาศและสิ่งแวดล้อม | วัน-เดือน-ปีที่เผยแพร่: 5 พฤษภาคม 2568","https://www.dcce.go.th/media/6212/","https://www.dcce.go.th/wp-content/uploads/2025/05/ดัชนีด้านการเปลี่ยนแปลงสภาพภูมิอากาศ.jpg","คลังสื่อสิ่งพิมพ์","กลุ่มประชาสัมพันธ์และสื่อสารสิ่งแวดล้อม","E-book Reader"
"MED-119","เตรียมพร้อมป้องกันภัยจากพายุฤดูร้อน/พายุหมุนเขตร้อน : เมื่อการเปลี่ยนแปลงสภาพภูมิอากาศทวีความรุนแรง","Knowledge Asset","ผู้แต่ง: กรมการเปลี่ยนแปลงสภาพภูมิอากาศและสิ่งแวดล้อม | วัน-เดือน-ปีที่เผยแพร่: 3 พฤษภาคม 2568 | เนื้อหา Infographic: https://www.dcce.go.th/6208/","https://www.dcce.go.th/media/6211/","https://www.dcce.go.th/6208/","คลังสื่อสิ่งพิมพ์","กลุ่มประชาสัมพันธ์และสื่อสารสิ่งแวดล้อม","E-book Reader"
"MED-120","ระดับผลกระทบต่อสุขภาพจากดัชนีความร้อน","Knowledge Asset","ผู้แต่ง: กรมการเปลี่ยนแปลงสภาพภูมิอากาศและสิ่งแวดล้อม | วัน-เดือน-ปีที่เผยแพร่: 30 เมษายน 2568 | เนื้อหาข่าว: https://www.dcce.go.th/6041/","https://www.dcce.go.th/media/6044/","https://www.dcce.go.th/6041/","คลังสื่อสิ่งพิมพ์","กลุ่มประชาสัมพันธ์และสื่อสารสิ่งแวดล้อม","E-book Reader"
"MED-121","7 วิธี ป้องกัน Heat stroke ง่าย ๆ ในช่วงหน้าร้อน","Knowledge Asset","ผู้แต่ง: กรมการเปลี่ยนแปลงสภาพภูมิอากาศและสิ่งแวดล้อม | วัน-เดือน-ปีที่เผยแพร่: 27 เมษายน 2568 | เนื้อหาข่าว: https://www.dcce.go.th/6005/ | แหล่งที่มา: กรมป้องกันและบรรเทาสาธารณภัย DDPM (สายด่วนนิรภัย 1784)","https://www.dcce.go.th/media/6008/","https://www.dcce.go.th/6005/","คลังสื่อสิ่งพิมพ์","กลุ่มประชาสัมพันธ์และสื่อสารสิ่งแวดล้อม","E-book Reader"
"MED-122","คู่มือการลดก๊าซเรือนกระจก สำหรับประชาชน","Knowledge Asset","Department of Climate Change and Environment ติดต่อ จันทร์-ศุกร์ เวลา 08.30 – 16.30 น.","https://www.dcce.go.th/media/5922/","https://www.dcce.go.th/media/5922/?download_file=1&file_id=5924","คลังสื่อสิ่งพิมพ์","กลุ่มประชาสัมพันธ์และสื่อสารสิ่งแวดล้อม","E-book Reader"
"MED-123","คู่มือการใช้งานระบบสารสนเทศเครือข่าย ทสม. สำหรับผู้ใช้งานทั่วไป","Knowledge Asset","Department of Climate Change and Environment ติดต่อ จันทร์-ศุกร์ เวลา 08.30 – 16.30 น.","https://www.dcce.go.th/media/5670/","https://www.dcce.go.th/media/5670/?download_file=1&file_id=5899","คลังสื่อสิ่งพิมพ์","กลุ่มประชาสัมพันธ์และสื่อสารสิ่งแวดล้อม","E-book Reader"
"MED-124","คู่มือการใช้งานระบบฐานข้อมูลเครือข่าย ทสม. สำหรับ Admin ระดับจังหวัด (ทสจ.)","Knowledge Asset","Department of Climate Change and Environment ติดต่อ จันทร์-ศุกร์ เวลา 08.30 – 16.30 น.","https://www.dcce.go.th/media/5664/","https://www.dcce.go.th/media/5664/?download_file=1&file_id=5667","คลังสื่อสิ่งพิมพ์","กลุ่มประชาสัมพันธ์และสื่อสารสิ่งแวดล้อม","E-book Reader"
"MED-125","คู่มือการจัดทำห่วงโซ่ผลกระทบจากการเปลี่ยนแปลงสภาพภูมิอากาศ","Knowledge Asset","ผู้แต่ง: กองขับเคลื่อนการปรับตัวจากการเปลี่ยนแปลงสภาพภูมิอากาศ /กลุ่มวิเคราะห์ความเสี่ยงจากการเปลี่ยนแปลงสภาพภูมิอากาศ | ประเภทสื่อ: สื่อสิ่งพิมพ์ / คู่มือ | เดือน-ปี ที่เผยแพร่: ธันวาคม 2567 | ครั้งที่พิมพ์: 1/2567 | หน่วยงานเจ้าของสื่อ: กรมการเปลี่ยนแปลงสภาพภูมิอากาศและสิ่งแวดล้อม","https://www.dcce.go.th/media/5075/","https://www.dcce.go.th/media/5075/?download_file=1&file_id=5076","คลังสื่อสิ่งพิมพ์","กลุ่มประชาสัมพันธ์และสื่อสารสิ่งแวดล้อม","E-book Reader"
"MED-126","10 ภัยจากโลกเดือดที่ไม่ควรมองข้าม ในปี 2025","Knowledge Asset","ผู้แต่ง: กรมการเปลี่ยนแปลงสภาพภูมิอากาศและสิ่งแวดล้อม | ประเภทสื่อ: สื่อสิ่งพิมพ์ / Infographic | เดือน-ปี ที่เผยแพร่: มกราคม 2025 | ครั้งที่พิมพ์: - | วันที่พิมพ์: 16 มกราคม 2568 | โรงพิมพ์: กรมการเปลี่ยนแปลงสภาพภูมิอากาศและสิ่งแวดล้อม | หน่วยงานเจ้าของสื่อ: กองขับเคลื่อนการปรับตัวต่อการเปลี่ยนแปลง","https://www.dcce.go.th/media/4474/","","คลังสื่อสิ่งพิมพ์","กลุ่มประชาสัมพันธ์และสื่อสารสิ่งแวดล้อม","Web Page"
"MED-127","ชายฝั่งในภาวะโลกรวน : หากอยากปรับตัวให้รอด ต้องอาศัยความร่วมมือจากทุกฝ่าย (Climate Impacts on Coastal Areas : The Planet will Survive Only When All Stakeholders Join Hands.)","Knowledge Asset","ผู้แต่ง: กรมการเปลี่ยนแปลงสภาพภูมิอากาศและสิ่งแวดล้อม | ประเภทสื่อ: สื่อสิ่งพิมพ์ / Infographic | เดือน-ปี ที่เผยแพร่: พฤศจิกายน 2024 | ครั้งที่พิมพ์: - | วันที่พิมพ์: 28 พฤศจิกายน 2567 | โรงพิมพ์: กรมการเปลี่ยนแปลงสภาพภูมิอากาศและสิ่งแวดล้อม | หน่วยงานเจ้าของสื่อ: กองขับเคลื่อนการปรับตัวต่อการเปลี่","https://www.dcce.go.th/media/%e0%b8%8a%e0%b8%b2%e0%b8%a2%e0%b8%9d%e0%b8%b1%e0%b9%88%e0%b8%87%e0%b9%83%e0%b8%99%e0%b8%a0%e0%b8%b2%e0%b8%a7%e0%b8%b0%e0%b9%82%e0%b8%a5%e0%b8%81%e0%b8%a3%e0%b8%a7%e0%b8%99-%e0%b8%ab%e0%b8%b2/","","คลังสื่อสิ่งพิมพ์","กลุ่มประชาสัมพันธ์และสื่อสารสิ่งแวดล้อม","Web Page"
"MED-128","ชายฝั่งในภาวะโลกรวน : 4 จังหวัดฝั่งอ่าวไทย ปรับตัวต่อโลกรวนอย่างเข้าใจธรรมชาติ (Climate Impacts on Coastal Areas : How do 4 Thai Gulf Provinces Adapt to Climate Change?","Knowledge Asset","ผู้แต่ง: กรมการเปลี่ยนแปลงสภาพภูมิอากาศและสิ่งแวดล้อม | ประเภทสื่อ: สื่อสิ่งพิมพ์ / Infographic | เดือน-ปี ที่เผยแพร่: พฤศจิกายน 2024 | ครั้งที่พิมพ์: - | วันที่พิมพ์: 28 พฤศจิกายน 2567 | โรงพิมพ์: กรมการเปลี่ยนแปลงสภาพภูมิอากาศและสิ่งแวดล้อม | หน่วยงานเจ้าของสื่อ: กองขับเคลื่อนการปรับตัวต่อการเปลี่","https://www.dcce.go.th/media/4469/","","คลังสื่อสิ่งพิมพ์","กลุ่มประชาสัมพันธ์และสื่อสารสิ่งแวดล้อม","Web Page"
"MED-129","ชายฝั่งในภาวะโลกรวน : แก้ปัญหาอย่างเนียนไปกับธรรมชาติ (Climate Impacts on Coastal Areas : Adapting with Nature-Based Solutions )","Knowledge Asset","ผู้แต่ง: กรมการเปลี่ยนแปลงสภาพภูมิอากาศและสิ่งแวดล้อม | ประเภทสื่อ: สื่อสิ่งพิมพ์ / Infographic | เดือน-ปี ที่เผยแพร่: พฤศจิกายน 2024 | ครั้งที่พิมพ์: - | วันที่พิมพ์: 28 พฤศจิกายน 2567 | โรงพิมพ์: กรมการเปลี่ยนแปลงสภาพภูมิอากาศและสิ่งแวดล้อม | หน่วยงานเจ้าของสื่อ: กองขับเคลื่อนการปรับตัวต่อการเปลี่","https://www.dcce.go.th/media/4466/","","คลังสื่อสิ่งพิมพ์","กลุ่มประชาสัมพันธ์และสื่อสารสิ่งแวดล้อม","Web Page"
"MED-130","ชายฝั่งในภาวะโลกรวน : ตั้งรับ ยืดหยุ่น ปรับตัวต่อการเปลี่ยนแปลง (Climate Impacts on Coastal Areas : Adapting and Building Resilience to Climate Change)","Knowledge Asset","ผู้แต่ง: กรมการเปลี่ยนแปลงสภาพภูมิอากาศและสิ่งแวดล้อม | ประเภทสื่อ: สื่อสิ่งพิมพ์ / Infographic | เดือน-ปี ที่เผยแพร่: พฤศจิกายน 2024 | ครั้งที่พิมพ์: - | วันที่พิมพ์: 28 พฤศจิกายน 2567 | โรงพิมพ์: กรมการเปลี่ยนแปลงสภาพภูมิอากาศและสิ่งแวดล้อม | หน่วยงานเจ้าของสื่อ: กองขับเคลื่อนการปรับตัวต่อการเปลี่","https://www.dcce.go.th/media/4467/","","คลังสื่อสิ่งพิมพ์","กลุ่มประชาสัมพันธ์และสื่อสารสิ่งแวดล้อม","Web Page"
"MED-131","รายงานความโปร่งใสรายสองปี ฉบับที่ 1 (BTR1) ฉบับประชาชน","Knowledge Asset","คณะผู้จัดทำ: กรมการเปลี่ยนแปลงสภาพภูมิอากาศและสิ่งแวดล้อม | ประเภทสื่อ: สื่อสิ่งพิมพ์ / รายงานความโปร่งใสรายสองปี ฉบับที่ 1 (BTR1) ฉบับประชาชน | ครั้งที่พิมพ์: พิมพ์ครั้งที่ 1 | เดือน-ปี ที่เผยแพร่: มกราคม 2568 | ISBN: 978-616-316-798-9","https://www.dcce.go.th/media/4339/","https://www.dcce.go.th/media/4339/?download_file=1&file_id=4328","คลังสื่อสิ่งพิมพ์","กลุ่มประชาสัมพันธ์และสื่อสารสิ่งแวดล้อม","E-book Reader"
"MED-132","แผนปฏิบัติการด้านการลดก๊าซเรือนกระจกของประเทศ ปี พ.ศ. 2564 – 2573 : NDC Action Plan on Mitigation 2021 – 2030","Knowledge Asset","ผู้แต่ง: กรมการเปลี่ยนแปลงสภาพภูมิอากาศและสิ่งแวดล้อม | ประเภทสื่อ: สื่อสิ่งพิมพ์ / รายงานบัญชีก๊าซเรือนกระจก | เดือน-ปี ที่เผยแพร่: ธันวาคม 2024 | ครั้งที่พิมพ์: - | วันที่พิมพ์: 11 ธันวาคม 2567 | โรงพิมพ์: - | หน่วยงานเจ้าของสื่อ: กองขับเคลื่อนการลดก๊าซเรือนกระจก | ฉบับอัพเดต: รายละเอียด | 26.04.2","https://www.dcce.go.th/media/4119/","https://www.dcce.go.th/media/4119/?download_file=1&file_id=6121","คลังสื่อสิ่งพิมพ์","กลุ่มประชาสัมพันธ์และสื่อสารสิ่งแวดล้อม","E-book Reader"
"MED-133","ชายฝั่งในภาวะโลกรวน : กระทบที่อยู่ ปากท้อง และทรัพยากรในท้องทะเล (Climate Impacts on Coastal Areas : From Life at Home, Day-to-Day Life, To Life Below Water)","Knowledge Asset","ผู้แต่ง: กรมการเปลี่ยนแปลงสภาพภูมิอากาศและสิ่งแวดล้อม | ประเภทสื่อ: สื่อสิ่งพิมพ์ / Infographic | เดือน-ปี ที่เผยแพร่: พฤศจิกายน 2024 | ครั้งที่พิมพ์: - | วันที่พิมพ์: 28 พฤศจิกายน 2567 | โรงพิมพ์: กรมการเปลี่ยนแปลงสภาพภูมิอากาศและสิ่งแวดล้อม | หน่วยงานเจ้าของสื่อ: กองขับเคลื่อนการปรับตัวต่อการเปลี่","https://www.dcce.go.th/media/4121/","","คลังสื่อสิ่งพิมพ์","กลุ่มประชาสัมพันธ์และสื่อสารสิ่งแวดล้อม","Web Page"
"MED-134","ชายฝั่งในภาวะโลกรวน : 24 จังหวัดทะเลไทยแปรปรวน รวน ร้อน (Climate Impacts on Coastal Areas : 24 Coastal Provinces Amid Climate Change)","Knowledge Asset","ผู้แต่ง: กรมการเปลี่ยนแปลงสภาพภูมิอากาศและสิ่งแวดล้อม | ประเภทสื่อ: สื่อสิ่งพิมพ์ / Infographic | เดือน-ปี ที่เผยแพร่: - | ครั้งที่พิมพ์: พฤศจิกายน 2024 | วันที่พิมพ์: 28 พฤศจิกายน 2567 | โรงพิมพ์: กรมการเปลี่ยนแปลงสภาพภูมิอากาศและสิ่งแวดล้อม | หน่วยงานเจ้าของสื่อ: กองขับเคลื่อนการปรับตัวต่อการเปลี่","https://www.dcce.go.th/media/4104/","","คลังสื่อสิ่งพิมพ์","กลุ่มประชาสัมพันธ์และสื่อสารสิ่งแวดล้อม","Web Page"
"MED-135","ชายฝั่งในภาวะโลกรวน : ชายฝั่งเอเชียตะวันออกเฉียงใต้ เปราะบางต่อโลกรวน (Climate Impacts on Coastal Areas : South-East Asia's Coastal Areas are Vulnerable to Climate Change)","Knowledge Asset","ผู้แต่ง: กรมการเปลี่ยนแปลงสภาพภูมิอากาศและสิ่งแวดล้อม | ประเภทสื่อ: สื่อสิ่งพิมพ์ / Infographic | เดือน-ปี ที่เผยแพร่: พฤศจิกายน 2024 | ครั้งที่พิมพ์: - | วันที่พิมพ์: 28 พฤศจิกายน 2567 | โรงพิมพ์: กรมการเปลี่ยนแปลงสภาพภูมิอากาศและสิ่งแวดล้อม | หน่วยงานเจ้าของสื่อ: กองขับเคลื่อนการปรับตัวต่อการเปลี่","https://www.dcce.go.th/media/4101/","","คลังสื่อสิ่งพิมพ์","กลุ่มประชาสัมพันธ์และสื่อสารสิ่งแวดล้อม","Web Page"
"MED-136","ชายฝั่งในภาวะโลกรวน  ปะการังอาจตายหมดหากโลกร้อนกว่านี้ (Climate Impacts on Coastal Areas  Coral Reefs Under Critical Threat)","Knowledge Asset","ผู้แต่ง: กรมการเปลี่ยนแปลงสภาพภูมิอากาศและสิ่งแวดล้อม | ประเภทสื่อ: สื่อสิ่งพิมพ์ / Infographic | เดือน-ปี ที่เผยแพร่: พฤศจิกายน 2024 | ครั้งที่พิมพ์: - | วันที่พิมพ์: 28 พฤศจิกายน 2567 | โรงพิมพ์: กรมการเปลี่ยนแปลงสภาพภูมิอากาศและสิ่งแวดล้อม | หน่วยงานเจ้าของสื่อ: กองขับเคลื่อนการปรับตัวต่อการเปลี่","https://www.dcce.go.th/media/4100/","","คลังสื่อสิ่งพิมพ์","กลุ่มประชาสัมพันธ์และสื่อสารสิ่งแวดล้อม","Web Page"
"MED-137","ชายฝั่งในภาวะโลกรวน : จากภัยพิบัติบนฝั่งถึงวิกฤตใต้ทะเล (Climate Impacts on Coastal Areas : From Disasters to Ocean Crisis)","Knowledge Asset","ผู้แต่ง: กรมการเปลี่ยนแปลงสภาพภูมิอากาศและสิ่งแวดล้อม | ประเภทสื่อ: สื่อสิ่งพิมพ์ / Infographic | เดือน-ปี ที่เผยแพร่: พฤศจิกายน 2024 | ครั้งที่พิมพ์: - | วันที่พิมพ์: 28 พฤศจิกายน 2567 | โรงพิมพ์: กรมการเปลี่ยนแปลงสภาพภูมิอากาศและสิ่งแวดล้อม | หน่วยงานเจ้าของสื่อ: กองขับเคลื่อนการปรับตัวต่อการเปลี่","https://www.dcce.go.th/media/4093/","","คลังสื่อสิ่งพิมพ์","กลุ่มประชาสัมพันธ์และสื่อสารสิ่งแวดล้อม","Web Page"
"MED-138","ปรับวิธีคิด เปลี่ยนวิถีชีวิต พลิกวิกฤตโลกร้อน RETHING REINVENT REVERSE THE CLIMATE CRISIS","Knowledge Asset","ผู้แต่ง: กองส่งเสริมการมีส่วนร่วมต่อการเปลี่ยนแปลงสภาพภูมิอากาศและสิ่งแวดล้อม | ประเภทสื่อ: สื่อสิ่งพิมพ์ / คู่มือ | หน่วยงานเจ้าของสื่อ: กองส่งเสริมการมีส่วนร่วมต่อการเปลี่ยนแปลงสภาพภูมิอากาศและสิ่งแวดล้อม","https://www.dcce.go.th/media/4075/","https://online.fliphtml5.com/jrbcl/syil/#p=1","คลังสื่อสิ่งพิมพ์","กลุ่มประชาสัมพันธ์และสื่อสารสิ่งแวดล้อม","E-book Reader"
"MED-139","(กู้) ภัยโลกร้อนลดก๊าซเรือนกระจก COMBAT GLOBAL WARMING CUT GREENHOUSE GAS EMISSIONS","Knowledge Asset","ผู้แต่ง: กองส่งเสริมการมีส่วนร่วมต่อการเปลี่ยนแปลงสภาพภูมิอากาศและสิ่งแวดล้อม | ประเภทสื่อ: สื่อสิ่งพิมพ์ / คู่มือ | หน่วยงานเจ้าของสื่อ: กรมการเปลี่ยนแปลงสภาพภูมิอากาศและสิ่งแวดล้อม","https://www.dcce.go.th/media/4072/","https://online.fliphtml5.com/jrbcl/qlah/#p=1","คลังสื่อสิ่งพิมพ์","กลุ่มประชาสัมพันธ์และสื่อสารสิ่งแวดล้อม","E-book Reader"
"MED-140","ช่วยกันพลิกวิกฤตโลกร้อน JOIN HANDS TO REVERSE GLOBAL WARMING","Knowledge Asset","ผู้แต่ง: กรมการเปลี่ยนแปลงสภาพภูมิอากาศและสิ่งแวดล้อม | ประเภทสื่อ: สื่อสิ่งพิมพ์ / คู่มือ | เดือน-ปี ที่เผยแพร่: - | ครั้งที่พิมพ์: - | วันที่พิมพ์: - | หน่วยงานเจ้าของสื่อ: กรมการเปลี่ยนแปลงสภาพภูมิอากาศและสิ่งแวดล้อม","https://www.dcce.go.th/media/4043/","https://online.fliphtml5.com/jrbcl/lceq/#p=1","คลังสื่อสิ่งพิมพ์","กลุ่มประชาสัมพันธ์และสื่อสารสิ่งแวดล้อม","E-book Reader"
"MED-141","คู่มือการเชื่อมโยงประกาศจัดซื้อจัดจ้างจากระบบ e-GP ไปยังเว็บไซต์หน่วยงานของรัฐในรูปแบบ RSS (Really Simple Syndication)","Knowledge Asset","ผู้แต่ง: - | ประเภทสื่อ: สื่อสิ่งพิมพ์ / คู่มือ | เดือน-ปี ที่เผยแพร่: - | ครั้งที่พิมพ์: - | วันที่พิมพ์: - | โรงพิมพ์: - | หน่วยงานเจ้าของสื่อ: -","https://www.dcce.go.th/media/4040/","https://www.dcce.go.th/media/4040/?download_file=1&file_id=4059","คลังสื่อสิ่งพิมพ์","กลุ่มประชาสัมพันธ์และสื่อสารสิ่งแวดล้อม","E-book Reader"
"MED-142","Handbook for Green Climate Fund in Thailand (Updated Edition) 2024","Knowledge Asset","ผู้แต่ง: Department of Climate Change and Environment | ประเภทสื่อ: สื่อสิ่งพิมพ์ / คู่มือ | เดือน-ปี ที่เผยแพร่: กันยายน 2024 | ครั้งที่พิมพ์: ครั้งที่ 1 ปี 2024 | วันที่พิมพ์: กรกฎาคม 2024 | โรงพิมพ์: - | หน่วยงานเจ้าของสื่อ: กรมการเปลี่ยนแปลงสภาพภูมิอากาศและสิ่งแวดล้อม","https://www.dcce.go.th/media/4037/","https://www.dcce.go.th/media/4037/?download_file=1&file_id=4061","คลังสื่อสิ่งพิมพ์","กลุ่มประชาสัมพันธ์และสื่อสารสิ่งแวดล้อม","E-book Reader"
"MED-143","คู่มือกองทุนภูมิอากาศสีเขียว ฉบัับปรัับปรุง (พ.ศ. 2567)","Knowledge Asset","ผู้แต่ง: กรมการเปลี่ยนแปลงสภาพภูมิอากาศและสิ่งแวดล้อม | ประเภทสื่อ: สื่อสิ่งพิมพ์ / คู่มือ | เดือน-ปี ที่เผยแพร่: กันยายน 2024 | ครั้งที่พิมพ์: ครั้งที่ 1 ปี 2024 | วันที่พิมพ์: 27 กันยายน 2567 | โรงพิมพ์: - | หน่วยงานเจ้าของสื่อ: กรมการเปลี่ยนแปลงสภาพภูมิอากาศและสิ่งแวดล้อม","https://www.dcce.go.th/media/4033/","https://www.dcce.go.th/media/4033/?download_file=1&file_id=4063","คลังสื่อสิ่งพิมพ์","กลุ่มประชาสัมพันธ์และสื่อสารสิ่งแวดล้อม","E-book Reader"
"MED-144","Thailand's Climate Finance Strategy: Conceptual Framework 2030","Knowledge Asset","ผู้แต่ง: Department of Climate Change and Environment | ประเภทสื่อ: สื่อสิ่งพิมพ์ / คู่มือ | เดือน-ปี ที่เผยแพร่: กันยายน 2024 | ครั้งที่พิมพ์: ครั้งที่ 1 ปี 2024 | วันที่พิมพ์: 27 กันยายน 2567 | โรงพิมพ์: - | หน่วยงานเจ้าของสื่อ: กรมการเปลี่ยนแปลงสภาพภูมิอากาศและสิ่งแวดล้อม","https://www.dcce.go.th/media/4031/","https://eservice.dcce.go.th/storage/Media/C202410039857.pdf","คลังสื่อสิ่งพิมพ์","กลุ่มประชาสัมพันธ์และสื่อสารสิ่งแวดล้อม","PDF"
"MED-145","ยุทธศาสตร์การเงินเพื่อการเปลี่ยนแปลงสภาพภูมิอากาศของประเทศไทยตามกรอบแนวคิดปี พ.ศ. 2573","Knowledge Asset","ผู้แต่ง: กรมการเปลี่ยนแปลงสภาพภูมิอากาศและสิ่งแวดล้อม | ประเภทสื่อ: สื่อสิ่งพิมพ์ / คู่มือ | เดือน-ปี ที่เผยแพร่: กันยายน 2024 | ครั้งที่พิมพ์: ครั้งที่ 1 ปี 2024 | วันที่พิมพ์: 27 กันยายน 2567 | โรงพิมพ์: - | หน่วยงานเจ้าของสื่อ: กรมการเปลี่ยนแปลงสภาพภูมิอากาศและสิ่งแวดล้อม","https://www.dcce.go.th/media/4029/","https://www.dcce.go.th/media/4029/?download_file=1&file_id=4065","คลังสื่อสิ่งพิมพ์","กลุ่มประชาสัมพันธ์และสื่อสารสิ่งแวดล้อม","E-book Reader"
"MED-146","Thailand’s No-Objection Procedure for Green Climate Fund (Updated Edition 2024)","Knowledge Asset","ผู้แต่ง: Department of Climate Change and Environment | ประเภทสื่อ: สื่อสิ่งพิมพ์ / คู่มือ | เดือน-ปี ที่เผยแพร่: กันยายน 2024 | ครั้งที่พิมพ์: ครั้งที่ 1 ปี 2024 | วันที่พิมพ์: 27 กันยายน 2567 | โรงพิมพ์: - | หน่วยงานเจ้าของสื่อ: กรมการเปลี่ยนแปลงสภาพภูมิอากาศและสิ่งแวดล้อม","https://www.dcce.go.th/media/4027/","https://www.dcce.go.th/media/4027/?download_file=1&file_id=4066","คลังสื่อสิ่งพิมพ์","กลุ่มประชาสัมพันธ์และสื่อสารสิ่งแวดล้อม","E-book Reader"
"MED-147","กระบวนการพิจารณาออกหนังสือรับรองว่าประเทศไทยไม่มีข้อคัดค้านต่อข้อเสนอโครงการ GCF ฉบับปรับปรุง (พ.ศ.2567)","Knowledge Asset","ผู้แต่ง: กรมการเปลี่ยนแปลงสภาพภูมิอากาศและสิ่งแวดล้อม | ประเภทสื่อ: สื่อสิ่งพิมพ์ / คู่มือ | เดือน-ปี ที่เผยแพร่: กันยายน 2024 | ครั้งที่พิมพ์: ครั้งที่ 1 ปี 2024 | วันที่พิมพ์: 27 กันยายน 2567 | โรงพิมพ์: - | หน่วยงานเจ้าของสื่อ: กรมการเปลี่ยนแปลงสภาพภูมิอากาศและสิ่งแวดล้อม","https://www.dcce.go.th/media/4025/","https://www.dcce.go.th/media/4025/?download_file=1&file_id=4067","คลังสื่อสิ่งพิมพ์","กลุ่มประชาสัมพันธ์และสื่อสารสิ่งแวดล้อม","E-book Reader"
"MED-148","Thailand Country Programme on Climate Change (2nd Edition) 2024","Knowledge Asset","ผู้แต่ง: Department of Climate Change and Environment | ประเภทสื่อ: สื่อสิ่งพิมพ์ / คู่มือ | เดือน-ปี ที่เผยแพร่: กันยายน 2024 | ครั้งที่พิมพ์: ครั้งที่ 1 ปี 2024 | วันที่พิมพ์: 27 กันยายน 2567 | โรงพิมพ์: - | หน่วยงานเจ้าของสื่อ: กรมการเปลี่ยนแปลงสภาพภูมิอากาศและสิ่งแวดล้อม","https://www.dcce.go.th/media/4023/","https://www.dcce.go.th/media/4023/?download_file=1&file_id=4064","คลังสื่อสิ่งพิมพ์","กลุ่มประชาสัมพันธ์และสื่อสารสิ่งแวดล้อม","E-book Reader"
"MED-149","กรอบการพิจารณาขอรับการสนับสนุนทางการเงินระหว่างประเทศ ด้านการเปลี่ยนแปลงสภาพภูมิอากาศของประเทศไทย (Thailand Country Programme: TCP) ฉบับปรับปรุง (พ.ศ. 2567)","Knowledge Asset","ผู้แต่ง: กรมการเปลี่ยนแปลงสภาพภูมิอากาศและสิ่งแวดล้อม | ประเภทสื่อ: สื่อสิ่งพิมพ์ / คู่มือ | เดือน-ปี ที่เผยแพร่: กันยายน 2024 | ครั้งที่พิมพ์: ครั้งที่ 1 ปี 2024 | วันที่พิมพ์: 27 กันยายน 2567 | โรงพิมพ์: กรมการเปลี่ยนแปลงสภาพภูมิอากาศและสิ่งแวดล้อม | หน่วยงานเจ้าของสื่อ: กรมการเปลี่ยนแปลงสภาพภูมิอ","https://www.dcce.go.th/media/4020/","https://www.dcce.go.th/media/4020/?download_file=1&file_id=4062","คลังสื่อสิ่งพิมพ์","กลุ่มประชาสัมพันธ์และสื่อสารสิ่งแวดล้อม","E-book Reader"
"MED-150","คู่มือกิจกรรมสิ่งแวดล้อมศึกษา การเปลี่ยนแปลงสภาพภูมิอากาศและความหลากหลายทางชีวภาพ","Knowledge Asset","ผู้แต่ง: กรมการเปลี่ยนแปลงสภาพภูมิอากาศและสิ่งแวดล้อม | ประเภทสื่อ: สื่อสิ่งพิมพ์ / คู่มือ | เดือน-ปี ที่เผยแพร่: สิงหาคม 2024 | ครั้งที่พิมพ์: ครั้งที่ 1 ปี 2024 | วันที่พิมพ์: 26 สิงหาคม 2567 | โรงพิมพ์: กรมการเปลี่ยนแปลงสภาพภูมิอากาศและสิ่งแวดล้อม | หน่วยงานเจ้าของสื่อ: กองขับเคลื่อนการปรับตัวต่อ","https://www.dcce.go.th/media/4018/","https://www.dcce.go.th/media/4018/?download_file=1&file_id=4049","คลังสื่อสิ่งพิมพ์","กลุ่มประชาสัมพันธ์และสื่อสารสิ่งแวดล้อม","E-book Reader"
"MED-151","คู่มือการป้องกันการเผาในที่โล่ง ไฟป่า ลดปัญหาหมอกควัน ฝุ่นละออง PM2.5 เพื่อปรับตัวต่อการเปลี่ยนแปลงสภาพภูมิอากาศและสิ่งแวดล้อม","Knowledge Asset","ผู้แต่ง: กรมการเปลี่ยนแปลงสภาพภูมิอากาศและสิ่งแวดล้อม | ประเภทสื่อ: สื่อสิ่งพิมพ์ / คู่มือ | เดือน-ปี ที่เผยแพร่: พฤษภาคม 2024 | ครั้งที่พิมพ์: ครั้งที่ 1 ปี 2024 | วันที่พิมพ์: 01 พฤษภาคม 2567 | โรงพิมพ์: - | หน่วยงานเจ้าของสื่อ: กองขับเคลื่อนการปรับตัวต่อการเปลี่ยนแปลงสภาพภูมิอากาศและสิ่งแวดล้อม","https://www.dcce.go.th/media/4015/","https://www.dcce.go.th/media/4015/?download_file=1&file_id=4052","คลังสื่อสิ่งพิมพ์","กลุ่มประชาสัมพันธ์และสื่อสารสิ่งแวดล้อม","E-book Reader"
"MED-152","คู่มือ อ่านหนังสือออนไลน์ ฟรี Green digital library","Knowledge Asset","ผู้แต่ง: กรมส่งเสริมคุณภาพสิ่งแวดล้อม | ประเภทสื่อ: สื่อสิ่งพิมพ์ / คู่มือ | เดือน-ปี ที่เผยแพร่: - 2023 | ครั้งที่พิมพ์: - | วันที่พิมพ์: - | โรงพิมพ์: - | หน่วยงานเจ้าของสื่อ: กองขับเคลื่อนการลดก๊าซเรือนกระจก","https://www.dcce.go.th/media/3751/","https://www.dcce.go.th/media/3751/?download_file=1&file_id=4044","คลังสื่อสิ่งพิมพ์","กลุ่มประชาสัมพันธ์และสื่อสารสิ่งแวดล้อม","E-book Reader"
"MED-153","คู่มือการเลี้ยงหนอนแมลงวันลายเพื่อประชาชน","Knowledge Asset","ผู้แต่ง: กรมการเปลี่ยนแปลงสภาพภูมิอากาศและสิ่งแวดล้อม | ประเภทสื่อ: สื่อสิ่งพิมพ์ / คู่มือ | เดือน-ปี ที่เผยแพร่: 2023 | ครั้งที่พิมพ์: - | วันที่พิมพ์: - | โรงพิมพ์: กรมการเปลี่ยนแปลงสภาพภูมิอากาศและสิ่งแวดล้อม | หน่วยงานเจ้าของสื่อ: ศูนย์วิจัยการเปลี่ยนแปลงสภาพภูมิอากาศและสิ่งแวดล้อม","https://www.dcce.go.th/media/3747/","https://www.dcce.go.th/media/3747/?download_file=1&file_id=4042","คลังสื่อสิ่งพิมพ์","กลุ่มประชาสัมพันธ์และสื่อสารสิ่งแวดล้อม","E-book Reader"
"MED-154","แผนขับเคลื่อนการดำเนินงานประจำปีงบประมาณ พ.ศ. 2568 ของพื้นที่ปฏิบัติการ ภายใต้การดำเนินงานขจัดความยากจนและลดความเหลื่อมล้ำ ตามหลักปรัชญาของเศรษฐกิจพอเพียงและโมเดลเศรษฐกิจ BCG","Knowledge Asset","ผู้แต่ง: กระทรวงทรัพยากรธรรมชาติและสิ่งแวดล้อม | ประเภทสื่อ: สื่อสิ่งพิมพ์ / รายงานประจำปี | เดือน-ปี ที่เผยแพร่: กุมภาพันธ์ 2015 | ครั้งที่พิมพ์: ครั้งที่ 1 ปี 2015 | วันที่พิมพ์: 24 กุมภาพันธ์ 2568 | หน่วยงานเจ้าของสื่อ: กระทรวงทรัพยากรธรรมชาติและสิ่งแวดล้อม","https://www.dcce.go.th/media/3576/","https://www.dcce.go.th/media/3576/?download_file=1&file_id=3578","คลังสื่อสิ่งพิมพ์","กลุ่มประชาสัมพันธ์และสื่อสารสิ่งแวดล้อม","E-book Reader"
"MED-155","ดึงพลังจากขยะ : เปลี่ยนวิกฤตให้เป็นโอกาส แก้ไขปัญหาขยะ สร้างพลังงานที่ยั่งยืน","Knowledge Asset","ผู้แต่ง: กรมการเปลี่ยนแปลงสภาพภูมิอากาศและสิ่งแวดล้อม | เดือน-ปี ที่เผยแพร่: ตุลาคม 2024 | วันที่พิมพ์: 10 ตุลาคม 2567 | หน่วยงานเจ้าของสื่อ: กองขับเคลื่อนการปรับตัวต่อการเปลี่ยนแปลงสภาพภูมิอากาศและสิ่งแวดล้อม","https://www.dcce.go.th/media/2393/","https://www.dcce.go.th/media/2393/?download_file=1&file_id=2394","คลังสื่อสิ่งพิมพ์","กลุ่มประชาสัมพันธ์และสื่อสารสิ่งแวดล้อม","E-book Reader"
"MED-156","แนวทางการรับมือ Jet Stream ที่แปรปรวน","Knowledge Asset","ผู้แต่ง: กรมการเปลี่ยนแปลงสภาพภูมิอากาศและสิ่งแวดล้อม | หน่วยงานเจ้าของสื่อ: กองขับเคลื่อนการปรับตัวต่อการเปลี่ยนแปลงสภาพภูมิอากาศและสิ่งแวดล้อม","https://www.dcce.go.th/media/1004/","","คลังสื่อสิ่งพิมพ์","กลุ่มประชาสัมพันธ์และสื่อสารสิ่งแวดล้อม","Web Page"
"MED-157","กรมการเปลี่ยนแปลงสภาพภูมิอากาศและสิ่งแวดล้อม","Knowledge Asset","ผู้แต่ง: กรมการเปลี่ยนแปลงสภาพภูมิอากาศและสิ่งแวดล้อม | หน่วยงานเจ้าของสื่อ: กองขับเคลื่อนการปรับตัวต่อการเปลี่ยนแปลงสภาพภูมิอากาศและสิ่งแวดล้อม","https://www.dcce.go.th/media/1001/","","คลังสื่อสิ่งพิมพ์","กลุ่มประชาสัมพันธ์และสื่อสารสิ่งแวดล้อม","Web Page"
"MED-158","รายงานประจำปี 2566 กรมการเปลี่ยนแปลงสภาพภูมิอากาศและสิ่งแวดล้อม","Knowledge Asset","ผู้แต่ง: กรมการเปลี่ยนแปลงสภาพภูมิอากาศและสิ่งแวดล้อม | เดือน-ปี ที่เผยแพร่: เมษายน 2024 | หน่วยงานเจ้าของสื่อ: สำนักงานเลขานุการกรม","https://www.dcce.go.th/media/3539/","https://www.dcce.go.th/media/3539/?download_file=1&file_id=3541","คลังสื่อสิ่งพิมพ์","กลุ่มประชาสัมพันธ์และสื่อสารสิ่งแวดล้อม","E-book Reader"
"RES-001","รายงานผลงานวิจัย ปี 2561-2563","Knowledge Asset","","https://www.dcce.go.th/media/10406/","https://www.dcce.go.th/media/10406/?download_file=1&file_id=10364","รายงานการวิจัย","ศูนย์วิจัยการเปลี่ยนแปลงสภาพภูมิอากาศและสิ่งแวดล้อม","PDF"
"RES-002","รายงานผลงานวิจัย ปี 2558-2560","Knowledge Asset","","https://www.dcce.go.th/media/10405/","https://www.dcce.go.th/media/10405/?download_file=1&file_id=10358","รายงานการวิจัย","ศูนย์วิจัยการเปลี่ยนแปลงสภาพภูมิอากาศและสิ่งแวดล้อม","PDF"
"RES-003","รายงานผลงานวิจัย ปี 2555-2557","Knowledge Asset","","https://www.dcce.go.th/media/10400/","https://www.dcce.go.th/media/10400/?download_file=1&file_id=10344","รายงานการวิจัย","ศูนย์วิจัยการเปลี่ยนแปลงสภาพภูมิอากาศและสิ่งแวดล้อม","PDF"
"RES-004","รายงานผลงานวิจัย ปี 2553-2555","Knowledge Asset","","https://www.dcce.go.th/media/10385/","https://www.dcce.go.th/media/10385/?download_file=1&file_id=10319","รายงานการวิจัย","ศูนย์วิจัยการเปลี่ยนแปลงสภาพภูมิอากาศและสิ่งแวดล้อม","PDF"
"RES-005","รายงานผลงานวิจัย ปี 2551-2552","Knowledge Asset","","https://www.dcce.go.th/media/10384/","https://www.dcce.go.th/media/10384/?download_file=1&file_id=10318","รายงานการวิจัย","ศูนย์วิจัยการเปลี่ยนแปลงสภาพภูมิอากาศและสิ่งแวดล้อม","PDF"
"RES-006","รายงานผลงานวิจัย ปี 2549-2550","Knowledge Asset","","https://www.dcce.go.th/media/10383/","https://www.dcce.go.th/media/10383/?download_file=1&file_id=10317","รายงานการวิจัย","ศูนย์วิจัยการเปลี่ยนแปลงสภาพภูมิอากาศและสิ่งแวดล้อม","PDF"
"RES-007","รายงานผลงานวิจัย ปี 2547-2548","Knowledge Asset","","https://www.dcce.go.th/media/10377/","https://www.dcce.go.th/media/10377/?download_file=1&file_id=10316","รายงานการวิจัย","ศูนย์วิจัยการเปลี่ยนแปลงสภาพภูมิอากาศและสิ่งแวดล้อม","PDF"
"RES-008","รายงานผลงานวิจัย ปี 2544-2546","Knowledge Asset","","https://www.dcce.go.th/media/10369/","https://www.dcce.go.th/media/10369/?download_file=1&file_id=10330","รายงานการวิจัย","ศูนย์วิจัยการเปลี่ยนแปลงสภาพภูมิอากาศและสิ่งแวดล้อม","PDF"
"VID-001","ตอนที่ 22 การใช้ประโยชน์ที่ลงตัว รอบรั้วสนามบิน","Media Asset","วิดีโอมัลติมีเดียเผยแพร่: ตอนที่ 22 การใช้ประโยชน์ที่ลงตัว รอบรั้วสนามบิน","https://www.youtube.com/watch?v=aTOyM_Sa9d4","https://www.youtube.com/watch?v=aTOyM_Sa9d4","มัลติมีเดีย","กลุ่มประชาสัมพันธ์และสื่อสารสิ่งแวดล้อม","YouTube Video"
"VID-002","วิจัยตรงจุด ตอนที่ 13 การปลดปล่อยและผลกระทบของสารปรอทจากการสกัดแยกแร่ทองคำ","Media Asset","วิดีโอมัลติมีเดียเผยแพร่: วิจัยตรงจุด ตอนที่ 13 การปลดปล่อยและผลกระทบของสารปรอทจากการสกัดแยกแร่ทองคำ","https://www.youtube.com/watch?v=LM-x4Pn5I3c","https://www.youtube.com/watch?v=LM-x4Pn5I3c","มัลติมีเดีย","กลุ่มประชาสัมพันธ์และสื่อสารสิ่งแวดล้อม","YouTube Video"
"VID-003","วิจัยตรงจุด ตอนที่ 2 ธนาคารปูม้า จากภูมิปัญญาสู่การวิจัยเพื่อการอนุรักษ์","Media Asset","วิดีโอมัลติมีเดียเผยแพร่: วิจัยตรงจุด ตอนที่ 2 ธนาคารปูม้า จากภูมิปัญญาสู่การวิจัยเพื่อการอนุรักษ์","https://www.youtube.com/watch?v=v96gASJDPQQ","https://www.youtube.com/watch?v=v96gASJDPQQ","มัลติมีเดีย","กลุ่มประชาสัมพันธ์และสื่อสารสิ่งแวดล้อม","YouTube Video"
"VID-004","ตอนที่ 28 ลดคาร์บอน ลดต้นทุน สนับสนุนการรักษ์โลก","Media Asset","วิดีโอมัลติมีเดียเผยแพร่: ตอนที่ 28 ลดคาร์บอน ลดต้นทุน สนับสนุนการรักษ์โลก","https://www.youtube.com/watch?v=ONyDw6KbE0U","https://www.youtube.com/watch?v=ONyDw6KbE0U","มัลติมีเดีย","กลุ่มประชาสัมพันธ์และสื่อสารสิ่งแวดล้อม","YouTube Video"
"VID-005","วิจัยตรงจุด ตอนที่ 14 มหัศจรรย์ เมืองเนินมะปราง","Media Asset","วิดีโอมัลติมีเดียเผยแพร่: วิจัยตรงจุด ตอนที่ 14 มหัศจรรย์ เมืองเนินมะปราง","https://www.youtube.com/watch?v=5YN0KxQ7-So","https://www.youtube.com/watch?v=5YN0KxQ7-So","มัลติมีเดีย","กลุ่มประชาสัมพันธ์และสื่อสารสิ่งแวดล้อม","YouTube Video"
"VID-006","วิจัยตรงจุด ตอนที่ 12 ลดโลกร้อน ด้วยสารยับยั้งไนตริฟิเคชั่น","Media Asset","วิดีโอมัลติมีเดียเผยแพร่: วิจัยตรงจุด ตอนที่ 12 ลดโลกร้อน ด้วยสารยับยั้งไนตริฟิเคชั่น","https://www.youtube.com/watch?v=oLQeL3k4vqM","https://www.youtube.com/watch?v=oLQeL3k4vqM","มัลติมีเดีย","กลุ่มประชาสัมพันธ์และสื่อสารสิ่งแวดล้อม","YouTube Video"
"VID-007","วิจัยตรงจุด ตอนที่ 7 การประเมินความเสี่ยงเชิงนิเวศในเขตควบคุมมลพิษ","Media Asset","วิดีโอมัลติมีเดียเผยแพร่: วิจัยตรงจุด ตอนที่ 7 การประเมินความเสี่ยงเชิงนิเวศในเขตควบคุมมลพิษ","https://www.youtube.com/watch?v=wWfzq2Xisoo","https://www.youtube.com/watch?v=wWfzq2Xisoo","มัลติมีเดีย","กลุ่มประชาสัมพันธ์และสื่อสารสิ่งแวดล้อม","YouTube Video"
"VID-008","วิจัยตรงจุด ตอนที่ 6 การประเมินศักยภาพของธรรมชาติ เพื่อฟื้นฟูพื้นที่ปนเปื้อนมลพพิษ","Media Asset","วิดีโอมัลติมีเดียเผยแพร่: วิจัยตรงจุด ตอนที่ 6 การประเมินศักยภาพของธรรมชาติ เพื่อฟื้นฟูพื้นที่ปนเปื้อนมลพพิษ","https://www.youtube.com/watch?v=DV5YytCovtY","https://www.youtube.com/watch?v=DV5YytCovtY","มัลติมีเดีย","กลุ่มประชาสัมพันธ์และสื่อสารสิ่งแวดล้อม","YouTube Video"
"VID-009","วิจัยตรงจุด ตอนที่ 5 ลดมลพิษมาบตาพุด คืนความสมดุลสู่ระบบนิเวศ","Media Asset","วิดีโอมัลติมีเดียเผยแพร่: วิจัยตรงจุด ตอนที่ 5 ลดมลพิษมาบตาพุด คืนความสมดุลสู่ระบบนิเวศ","https://www.youtube.com/watch?v=R5aBuvQ3AZk","https://www.youtube.com/watch?v=R5aBuvQ3AZk","มัลติมีเดีย","กลุ่มประชาสัมพันธ์และสื่อสารสิ่งแวดล้อม","YouTube Video"
"VID-010","วิจัยตรงจุด ตอนที่ 4 เตาเผาขยะชีวมวล ชุดผลิตน้ำส้มควันไม้","Media Asset","วิดีโอมัลติมีเดียเผยแพร่: วิจัยตรงจุด ตอนที่ 4 เตาเผาขยะชีวมวล ชุดผลิตน้ำส้มควันไม้","https://www.youtube.com/watch?v=H8407903Uwo","https://www.youtube.com/watch?v=H8407903Uwo","มัลติมีเดีย","กลุ่มประชาสัมพันธ์และสื่อสารสิ่งแวดล้อม","YouTube Video"
"VID-011","เผาในเตาได้ถ่าน “ลดโลกร้อน”","Media Asset","วิดีโอมัลติมีเดียเผยแพร่: เผาในเตาได้ถ่าน “ลดโลกร้อน”","https://www.youtube.com/watch?v=oYY4u3pi2ys","https://www.youtube.com/watch?v=oYY4u3pi2ys","มัลติมีเดีย","กลุ่มประชาสัมพันธ์และสื่อสารสิ่งแวดล้อม","YouTube Video"
"VID-012","ลดใช้เคมี ชีวิตดีทุกครัวเรือน","Media Asset","วิดีโอมัลติมีเดียเผยแพร่: ลดใช้เคมี ชีวิตดีทุกครัวเรือน","https://www.youtube.com/watch?v=HvkolRRaz_0","https://www.youtube.com/watch?v=HvkolRRaz_0","มัลติมีเดีย","กลุ่มประชาสัมพันธ์และสื่อสารสิ่งแวดล้อม","YouTube Video"
"VID-013","โรคร้อนเมื่อโลกร้อน","Media Asset","วิดีโอมัลติมีเดียเผยแพร่: โรคร้อนเมื่อโลกร้อน","https://www.youtube.com/watch?v=rvGD0nYz0Ks","https://www.youtube.com/watch?v=rvGD0nYz0Ks","มัลติมีเดีย","กลุ่มประชาสัมพันธ์และสื่อสารสิ่งแวดล้อม","YouTube Video"
"VID-014","การบำบัดน้ำเสียเพื่อนำกลับมาใช้ใหม่","Media Asset","วิดีโอมัลติมีเดียเผยแพร่: การบำบัดน้ำเสียเพื่อนำกลับมาใช้ใหม่","https://www.youtube.com/watch?v=MqWu2lfBQ4I","https://www.youtube.com/watch?v=MqWu2lfBQ4I","มัลติมีเดีย","กลุ่มประชาสัมพันธ์และสื่อสารสิ่งแวดล้อม","YouTube Video"
"VID-015","บำบัดดี มีน้ำใช้","Media Asset","วิดีโอมัลติมีเดียเผยแพร่: บำบัดดี มีน้ำใช้","https://www.youtube.com/watch?v=0mggf6Cputw","https://www.youtube.com/watch?v=0mggf6Cputw","มัลติมีเดีย","กลุ่มประชาสัมพันธ์และสื่อสารสิ่งแวดล้อม","YouTube Video"
"VID-016","ขยะชุมชน มหันตภัยสารพิษระยะประชิดตัว","Media Asset","วิดีโอมัลติมีเดียเผยแพร่: ขยะชุมชน มหันตภัยสารพิษระยะประชิดตัว","https://www.youtube.com/watch?v=oU_wNzcc6YI","https://www.youtube.com/watch?v=oU_wNzcc6YI","มัลติมีเดีย","กลุ่มประชาสัมพันธ์และสื่อสารสิ่งแวดล้อม","YouTube Video"
"VID-017","การปนเปื้อนของสารกลุ่มผลิตภัณฑ์ยาในแม่น้ำบางปะกง","Media Asset","วิดีโอมัลติมีเดียเผยแพร่: การปนเปื้อนของสารกลุ่มผลิตภัณฑ์ยาในแม่น้ำบางปะกง","https://www.youtube.com/watch?v=wGGP2uEj9B0","https://www.youtube.com/watch?v=wGGP2uEj9B0","มัลติมีเดีย","กลุ่มประชาสัมพันธ์และสื่อสารสิ่งแวดล้อม","YouTube Video"
"VID-018","ปกป้องป่าจากฝนกรด ลดมลพิษในระบบนิเวศ","Media Asset","วิดีโอมัลติมีเดียเผยแพร่: ปกป้องป่าจากฝนกรด ลดมลพิษในระบบนิเวศ","https://www.youtube.com/watch?v=d8dbPtEBDUA","https://www.youtube.com/watch?v=d8dbPtEBDUA","มัลติมีเดีย","กลุ่มประชาสัมพันธ์และสื่อสารสิ่งแวดล้อม","YouTube Video"
"VID-019","ทำความรู้จัก &#8216;ไดออกซิน'","Media Asset","วิดีโอมัลติมีเดียเผยแพร่: ทำความรู้จัก &#8216;ไดออกซิน'","https://www.youtube.com/watch?v=Ga5oWsgG0U8","https://www.youtube.com/watch?v=Ga5oWsgG0U8","มัลติมีเดีย","กลุ่มประชาสัมพันธ์และสื่อสารสิ่งแวดล้อม","YouTube Video"
"VID-020","วิจัยตรงจุด ตอนที่ 11 ไดออกซินภัยเงียบที่ควบคุมได้","Media Asset","วิดีโอมัลติมีเดียเผยแพร่: วิจัยตรงจุด ตอนที่ 11 ไดออกซินภัยเงียบที่ควบคุมได้","https://www.youtube.com/watch?v=qWemhFKZMm0","https://www.youtube.com/watch?v=qWemhFKZMm0","มัลติมีเดีย","กลุ่มประชาสัมพันธ์และสื่อสารสิ่งแวดล้อม","YouTube Video"
"VID-021","วิจัยตรงจุด ตอนที่ 10 สร้างชุมชนต้นแบบ สู่การแก้ปัญหาหมอกควันที่ยั่งยืน","Media Asset","วิดีโอมัลติมีเดียเผยแพร่: วิจัยตรงจุด ตอนที่ 10 สร้างชุมชนต้นแบบ สู่การแก้ปัญหาหมอกควันที่ยั่งยืน","https://www.youtube.com/watch?v=hREpPIQ-I8M","https://www.youtube.com/watch?v=hREpPIQ-I8M","มัลติมีเดีย","กลุ่มประชาสัมพันธ์และสื่อสารสิ่งแวดล้อม","YouTube Video"
"VID-022","การประชุมภาคีการขับเคลื่อนการปฏิบัติงานด้านการเปลี่ยนแปลงสภาพภูมิอากาศของไทย ครั้งที่ 4 : TCAC 2025","Media Asset","วิดีโอมัลติมีเดียเผยแพร่: การประชุมภาคีการขับเคลื่อนการปฏิบัติงานด้านการเปลี่ยนแปลงสภาพภูมิอากาศของไทย ครั้งที่ 4 : TCAC 2025","https://www.youtube.com/watch?v=UjH1-ePZacE","https://www.youtube.com/watch?v=UjH1-ePZacE","มัลติมีเดีย","กลุ่มประชาสัมพันธ์และสื่อสารสิ่งแวดล้อม","YouTube Video"
"VID-023","สัญญาณอันตราย อุณหภูมิโลกจ่อทำลายสถิติเก่า","Media Asset","วิดีโอมัลติมีเดียเผยแพร่: สัญญาณอันตราย อุณหภูมิโลกจ่อทำลายสถิติเก่า","https://www.youtube.com/watch?v=FN8qVS3UU5Y","https://www.youtube.com/watch?v=FN8qVS3UU5Y","มัลติมีเดีย","กลุ่มประชาสัมพันธ์และสื่อสารสิ่งแวดล้อม","YouTube Video"
"VID-024","แผ่นดินไหวท่ามกลางวิกฤตโลกเดือด ความเชื่อมโยงที่ไม่ควรมองข้าม","Media Asset","วิดีโอมัลติมีเดียเผยแพร่: แผ่นดินไหวท่ามกลางวิกฤตโลกเดือด ความเชื่อมโยงที่ไม่ควรมองข้าม","https://www.youtube.com/watch?v=03Z-CUqXQbU","https://www.youtube.com/watch?v=03Z-CUqXQbU","มัลติมีเดีย","กลุ่มประชาสัมพันธ์และสื่อสารสิ่งแวดล้อม","YouTube Video"
"VID-025","เทคโนโลยีทำนาลดโลกร้อน","Media Asset","วิดีโอมัลติมีเดียเผยแพร่: เทคโนโลยีทำนาลดโลกร้อน","https://www.youtube.com/watch?v=aUUOcH5W5j4","https://www.youtube.com/watch?v=aUUOcH5W5j4","มัลติมีเดีย","กลุ่มประชาสัมพันธ์และสื่อสารสิ่งแวดล้อม","YouTube Video"
"VID-026","สิ้นสุด “ยุคโลกร้อน” แต่กำลังเข้าสู่ “ยุคโลกเดือด","Media Asset","วิดีโอมัลติมีเดียเผยแพร่: สิ้นสุด “ยุคโลกร้อน” แต่กำลังเข้าสู่ “ยุคโลกเดือด","https://www.youtube.com/watch?v=bPo_IUQzQjY&amp;pp=0gcJCc4JAYcqIYzv","https://www.youtube.com/watch?v=bPo_IUQzQjY&amp;pp=0gcJCc4JAYcqIYzv","มัลติมีเดีย","กลุ่มประชาสัมพันธ์และสื่อสารสิ่งแวดล้อม","YouTube Video"
"VID-027","“บอส ชนกันต์” พาชมงาน “เบญจรงค์รักษ์โลก”ที่งานดี ดีไซน์ปัง แต่หัวใจก็ยังสีเขียว","Media Asset","วิดีโอมัลติมีเดียเผยแพร่: “บอส ชนกันต์” พาชมงาน “เบญจรงค์รักษ์โลก”ที่งานดี ดีไซน์ปัง แต่หัวใจก็ยังสีเขียว","https://www.youtube.com/watch?v=cG8DoNo4bDo","https://www.youtube.com/watch?v=cG8DoNo4bDo","มัลติมีเดีย","กลุ่มประชาสัมพันธ์และสื่อสารสิ่งแวดล้อม","YouTube Video"
"VID-028","เดตนี้ไม่มีแค่หวาน “บิว ณัฐพล” พาคนรักเดตแบบลดโลกร้อน","Media Asset","วิดีโอมัลติมีเดียเผยแพร่: เดตนี้ไม่มีแค่หวาน “บิว ณัฐพล” พาคนรักเดตแบบลดโลกร้อน","https://www.youtube.com/watch?v=L9d5_BbPAho","https://www.youtube.com/watch?v=L9d5_BbPAho","มัลติมีเดีย","กลุ่มประชาสัมพันธ์และสื่อสารสิ่งแวดล้อม","YouTube Video"
"VID-029","ช้อปให้โปร เลือกให้เป๊ะ ต้องเลือกของที่มีฉลากรักษ์โลก","Media Asset","วิดีโอมัลติมีเดียเผยแพร่: ช้อปให้โปร เลือกให้เป๊ะ ต้องเลือกของที่มีฉลากรักษ์โลก","https://www.youtube.com/watch?v=xi0-EOig1Uc","https://www.youtube.com/watch?v=xi0-EOig1Uc","มัลติมีเดีย","กลุ่มประชาสัมพันธ์และสื่อสารสิ่งแวดล้อม","YouTube Video"
"VID-030","กรมลดโลกร้อน นำทีมไทยร่วมเวที FSV18 แลกเปลี่ยนงานด้านโลกร้อน พร้อมผลักดันความร่วมมือระหว่างประเทศ","Media Asset","วิดีโอมัลติมีเดียเผยแพร่: กรมลดโลกร้อน นำทีมไทยร่วมเวที FSV18 แลกเปลี่ยนงานด้านโลกร้อน พร้อมผลักดันความร่วมมือระหว่างประเทศ","https://www.youtube.com/watch?v=H7kBLpfnsTw","https://www.youtube.com/watch?v=H7kBLpfnsTw","มัลติมีเดีย","กลุ่มประชาสัมพันธ์และสื่อสารสิ่งแวดล้อม","YouTube Video"
"VID-031","บอส ชนกันต์ จะพามาตะลุยสยาม กับคำถามที่ว่า …คุณรู้จัก “พลังสะอาดไหม ?”","Media Asset","วิดีโอมัลติมีเดียเผยแพร่: บอส ชนกันต์ จะพามาตะลุยสยาม กับคำถามที่ว่า …คุณรู้จัก “พลังสะอาดไหม ?”","https://www.youtube.com/watch?v=V7NDhqVg8Bc","https://www.youtube.com/watch?v=V7NDhqVg8Bc","มัลติมีเดีย","กลุ่มประชาสัมพันธ์และสื่อสารสิ่งแวดล้อม","YouTube Video"
"VID-032","ไม่ต้องเลิกเล่นมือถือ แต่ “ใช้ให้ฉลาดขึ้น” บิว ณัฐพล พาเปลี่ยนความคิด พลิกชีวิตให้เป็นสายกรีน!","Media Asset","วิดีโอมัลติมีเดียเผยแพร่: ไม่ต้องเลิกเล่นมือถือ แต่ “ใช้ให้ฉลาดขึ้น” บิว ณัฐพล พาเปลี่ยนความคิด พลิกชีวิตให้เป็นสายกรีน!","https://www.youtube.com/watch?v=QbObLbM9lls","https://www.youtube.com/watch?v=QbObLbM9lls","มัลติมีเดีย","กลุ่มประชาสัมพันธ์และสื่อสารสิ่งแวดล้อม","YouTube Video"
"VID-033","เรื่องกินเรื่องใหญ่ “กินอะไร โลกปัง กินอะไร โลกพัง แล้วกินแบบไหน ให้…“โลกไม่ร้อน”?","Media Asset","วิดีโอมัลติมีเดียเผยแพร่: เรื่องกินเรื่องใหญ่ “กินอะไร โลกปัง กินอะไร โลกพัง แล้วกินแบบไหน ให้…“โลกไม่ร้อน”?","https://www.youtube.com/watch?v=FZpJV2211Yw","https://www.youtube.com/watch?v=FZpJV2211Yw","มัลติมีเดีย","กลุ่มประชาสัมพันธ์และสื่อสารสิ่งแวดล้อม","YouTube Video"
"VID-034","“บอส ชนกันต์“ ชวนมาดูว่าทำไมการสั่งเดลิเวอรี่เพียง 1 ครั้ง อาจได้ของแถมเป็นขยะมาให้แบบไม่รู้ตัว","Media Asset","วิดีโอมัลติมีเดียเผยแพร่: “บอส ชนกันต์“ ชวนมาดูว่าทำไมการสั่งเดลิเวอรี่เพียง 1 ครั้ง อาจได้ของแถมเป็นขยะมาให้แบบไม่รู้ตัว","https://www.youtube.com/watch?v=8jYM5D1TmmE","https://www.youtube.com/watch?v=8jYM5D1TmmE","มัลติมีเดีย","กลุ่มประชาสัมพันธ์และสื่อสารสิ่งแวดล้อม","YouTube Video"
"VID-035","คาเฟดีต่อใจ ดีต่อโลก บิว ณัฐพล พาตะลุยคาเฟรักษ์โลกสุดคิ้วท์ที่ไม่ใช่แค่กาแฟอร่อย แต่ใส่ใจทุกดีเทล","Media Asset","วิดีโอมัลติมีเดียเผยแพร่: คาเฟดีต่อใจ ดีต่อโลก บิว ณัฐพล พาตะลุยคาเฟรักษ์โลกสุดคิ้วท์ที่ไม่ใช่แค่กาแฟอร่อย แต่ใส่ใจทุกดีเทล","https://www.youtube.com/watch?v=jrzdC_ASwDE","https://www.youtube.com/watch?v=jrzdC_ASwDE","มัลติมีเดีย","กลุ่มประชาสัมพันธ์และสื่อสารสิ่งแวดล้อม","YouTube Video"
"VID-036","รู้ไหม? ธรรมชาติก็เป็นนักแก้ปัญหาตัวยง!.มารู้จัก “Nature-based Solutions” กัน","Media Asset","วิดีโอมัลติมีเดียเผยแพร่: รู้ไหม? ธรรมชาติก็เป็นนักแก้ปัญหาตัวยง!.มารู้จัก “Nature-based Solutions” กัน","https://www.youtube.com/watch?v=cgFAOTv64cE","https://www.youtube.com/watch?v=cgFAOTv64cE","มัลติมีเดีย","กลุ่มประชาสัมพันธ์และสื่อสารสิ่งแวดล้อม","YouTube Video"
"VID-037","Digital Carbon Footprint คลิกเดียวโลกเดือด","Media Asset","วิดีโอมัลติมีเดียเผยแพร่: Digital Carbon Footprint คลิกเดียวโลกเดือด","https://www.youtube.com/watch?v=_7KLZbMYDh4","https://www.youtube.com/watch?v=_7KLZbMYDh4","มัลติมีเดีย","กลุ่มประชาสัมพันธ์และสื่อสารสิ่งแวดล้อม","YouTube Video"
"VID-038","“บิว ณัฐพล” พาเที่ยวสายกรีน พร้อมกับ 6 ทริคลดคาร์บอนอย่างไรไม่ทำร้ายโลก","Media Asset","วิดีโอมัลติมีเดียเผยแพร่: “บิว ณัฐพล” พาเที่ยวสายกรีน พร้อมกับ 6 ทริคลดคาร์บอนอย่างไรไม่ทำร้ายโลก","https://www.youtube.com/watch?v=ua75LdQMVKc","https://www.youtube.com/watch?v=ua75LdQMVKc","มัลติมีเดีย","กลุ่มประชาสัมพันธ์และสื่อสารสิ่งแวดล้อม","YouTube Video"
"VID-039","ตาม “บิว ณัฐพล” ไปดู “พื้นที่สีเขียว” ไม่ได้มีดีแค่ความร่มรื่นแต่คือพลังเงียบที่เยียวยาโลก เยียวยาใจ","Media Asset","วิดีโอมัลติมีเดียเผยแพร่: ตาม “บิว ณัฐพล” ไปดู “พื้นที่สีเขียว” ไม่ได้มีดีแค่ความร่มรื่นแต่คือพลังเงียบที่เยียวยาโลก เยียวยาใจ","https://www.youtube.com/watch?v=eFrt9yaubG8","https://www.youtube.com/watch?v=eFrt9yaubG8","มัลติมีเดีย","กลุ่มประชาสัมพันธ์และสื่อสารสิ่งแวดล้อม","YouTube Video"
"VID-040","หลากหลายคำตอบของวัยรุ่นยุคใหม่ “บอส ชนกันต์” บุกพื้นที่สยามสแควร์","Media Asset","วิดีโอมัลติมีเดียเผยแพร่: หลากหลายคำตอบของวัยรุ่นยุคใหม่ “บอส ชนกันต์” บุกพื้นที่สยามสแควร์","https://www.youtube.com/watch?v=ZmrxLOlS7Vc","https://www.youtube.com/watch?v=ZmrxLOlS7Vc","มัลติมีเดีย","กลุ่มประชาสัมพันธ์และสื่อสารสิ่งแวดล้อม","YouTube Video"
"VID-041","&#8220;รายงานความโปร่งใสรายสองปี” ฉบับที่ 1 (Thailand’s First Biennial Transparency : BTR1)","Media Asset","วิดีโอมัลติมีเดียเผยแพร่: &#8220;รายงานความโปร่งใสรายสองปี” ฉบับที่ 1 (Thailand’s First Biennial Transparency : BTR1)","https://www.youtube.com/watch?v=C53AB3CsHU0","https://www.youtube.com/watch?v=C53AB3CsHU0","มัลติมีเดีย","กลุ่มประชาสัมพันธ์และสื่อสารสิ่งแวดล้อม","YouTube Video"
"VID-042","DCCE Insider ตอนพิเศษ 1 | การดำเนินงานของกรมลดโลกร้อน และวิกฤตการเปลี่ยนแปลงสภาพภูมิอากาศในปัจจุบัน","Media Asset","วิดีโอมัลติมีเดียเผยแพร่: DCCE Insider ตอนพิเศษ 1 | การดำเนินงานของกรมลดโลกร้อน และวิกฤตการเปลี่ยนแปลงสภาพภูมิอากาศในปัจจุบัน","http://youtu.be/eI1DzRIdx1U?si=jTehp-n26Q2n0SHO","http://youtu.be/eI1DzRIdx1U?si=jTehp-n26Q2n0SHO","มัลติมีเดีย","กลุ่มประชาสัมพันธ์และสื่อสารสิ่งแวดล้อม","YouTube Video"
"VID-043","DCCE Insider ตอนพิเศษ 2 | แนวทางการปรับตัวของประชาชน เพื่อไปสู่เป้าหมาย NET ZERO","Media Asset","วิดีโอมัลติมีเดียเผยแพร่: DCCE Insider ตอนพิเศษ 2 | แนวทางการปรับตัวของประชาชน เพื่อไปสู่เป้าหมาย NET ZERO","http://youtu.be/QV0ewNpaAek?si=hPLIGJhnN3fqTSE2","http://youtu.be/QV0ewNpaAek?si=hPLIGJhnN3fqTSE2","มัลติมีเดีย","กลุ่มประชาสัมพันธ์และสื่อสารสิ่งแวดล้อม","YouTube Video"
"VID-044","DCCE Insider ตอน 1 | การขับเคลื่อนการปรับตัวต่อการเปลี่ยนแปลงสภาพภูมิอากาศของประเทศ","Media Asset","วิดีโอมัลติมีเดียเผยแพร่: DCCE Insider ตอน 1 | การขับเคลื่อนการปรับตัวต่อการเปลี่ยนแปลงสภาพภูมิอากาศของประเทศ","http://youtu.be/Z_49Z5M0ypQ?si=7oqwHvAaI5inJ_p_","http://youtu.be/Z_49Z5M0ypQ?si=7oqwHvAaI5inJ_p_","มัลติมีเดีย","กลุ่มประชาสัมพันธ์และสื่อสารสิ่งแวดล้อม","YouTube Video"
"VID-045","DCCE Insider ตอน 2 | แผนการขับเคลื่อนการปรับตัวต่อการเปลี่ยนแปลงสภาพภูมิอากาศ 6 สาขา","Media Asset","วิดีโอมัลติมีเดียเผยแพร่: DCCE Insider ตอน 2 | แผนการขับเคลื่อนการปรับตัวต่อการเปลี่ยนแปลงสภาพภูมิอากาศ 6 สาขา","http://youtu.be/Ng5EEQyP1xI?si=UQ9kao_yYlVZT-Au","http://youtu.be/Ng5EEQyP1xI?si=UQ9kao_yYlVZT-Au","มัลติมีเดีย","กลุ่มประชาสัมพันธ์และสื่อสารสิ่งแวดล้อม","YouTube Video"
"VID-046","DCCE Insider ตอน 3 | การวิเคราะห์ความเสี่ยง...ในภาวะโลกเดือด","Media Asset","วิดีโอมัลติมีเดียเผยแพร่: DCCE Insider ตอน 3 | การวิเคราะห์ความเสี่ยง...ในภาวะโลกเดือด","http://youtu.be/ZmW-xYFL4Ag?si=TqzoDyVVHmSvtcHh","http://youtu.be/ZmW-xYFL4Ag?si=TqzoDyVVHmSvtcHh","มัลติมีเดีย","กลุ่มประชาสัมพันธ์และสื่อสารสิ่งแวดล้อม","YouTube Video"
"VID-047","DCCE Insider ตอน 4 | การพัฒนาแนวทางและศักยภาพในการปรับตัวต่อการเปลี่ยนแปลงสภาพภูมิอากาศ","Media Asset","วิดีโอมัลติมีเดียเผยแพร่: DCCE Insider ตอน 4 | การพัฒนาแนวทางและศักยภาพในการปรับตัวต่อการเปลี่ยนแปลงสภาพภูมิอากาศ","http://youtu.be/9kZW1Jz9BfE?si=gHGfeK0pwzQzIFYd","http://youtu.be/9kZW1Jz9BfE?si=gHGfeK0pwzQzIFYd","มัลติมีเดีย","กลุ่มประชาสัมพันธ์และสื่อสารสิ่งแวดล้อม","YouTube Video"
"VID-048","DCCE Insider ตอน 5 | การปรับตัวของระบบการศึกษาไทย...ในภาวะโลกเดือด","Media Asset","วิดีโอมัลติมีเดียเผยแพร่: DCCE Insider ตอน 5 | การปรับตัวของระบบการศึกษาไทย...ในภาวะโลกเดือด","http://youtu.be/Bg82hErZ66c?si=ikf_G0tL935YE6zO","http://youtu.be/Bg82hErZ66c?si=ikf_G0tL935YE6zO","มัลติมีเดีย","กลุ่มประชาสัมพันธ์และสื่อสารสิ่งแวดล้อม","YouTube Video"
"VID-049","DCCE Insider ตอน 6 | แผนการขับเคลื่อนการลดก๊าซเรือนกระจกของประเทศ","Media Asset","วิดีโอมัลติมีเดียเผยแพร่: DCCE Insider ตอน 6 | แผนการขับเคลื่อนการลดก๊าซเรือนกระจกของประเทศ","http://youtu.be/tpKe2mWTIi8?si=Rj5k3zc_eUZWyW9L","http://youtu.be/tpKe2mWTIi8?si=Rj5k3zc_eUZWyW9L","มัลติมีเดีย","กลุ่มประชาสัมพันธ์และสื่อสารสิ่งแวดล้อม","YouTube Video"
"VID-050","DCCE Insider ตอน 7 | การมีส่วนร่วมต่อการเปลี่ยนแปลงสภาพภูมิอากาศและสิ่งแวดล้อมของเครือข่ายภาคประชาชน","Media Asset","วิดีโอมัลติมีเดียเผยแพร่: DCCE Insider ตอน 7 | การมีส่วนร่วมต่อการเปลี่ยนแปลงสภาพภูมิอากาศและสิ่งแวดล้อมของเครือข่ายภาคประชาชน","http://youtu.be/BPK6enxdpdA?si=8j0WxdfHcVuWzxMK","http://youtu.be/BPK6enxdpdA?si=8j0WxdfHcVuWzxMK","มัลติมีเดีย","กลุ่มประชาสัมพันธ์และสื่อสารสิ่งแวดล้อม","YouTube Video"
"VID-051","DCCE Insider ตอน 9 | การสนับสนุนการดำเนินงานตามภารกิจของกรมลดโลกร้อน","Media Asset","วิดีโอมัลติมีเดียเผยแพร่: DCCE Insider ตอน 9 | การสนับสนุนการดำเนินงานตามภารกิจของกรมลดโลกร้อน","http://youtu.be/rQJiwNBf0Oo?si=FqtxZoA3lVazsZim","http://youtu.be/rQJiwNBf0Oo?si=FqtxZoA3lVazsZim","มัลติมีเดีย","กลุ่มประชาสัมพันธ์และสื่อสารสิ่งแวดล้อม","YouTube Video"
"VID-052","DCCE Insider ตอน 10 | การดำเนินงานตามพันธกรณีและความตกลงระหว่างประเทศ","Media Asset","วิดีโอมัลติมีเดียเผยแพร่: DCCE Insider ตอน 10 | การดำเนินงานตามพันธกรณีและความตกลงระหว่างประเทศ","http://youtu.be/qTmLi9cOdFY?si=x37E0LLew_cdpbM_","http://youtu.be/qTmLi9cOdFY?si=x37E0LLew_cdpbM_","มัลติมีเดีย","กลุ่มประชาสัมพันธ์และสื่อสารสิ่งแวดล้อม","YouTube Video"
"VID-053","DCCE Insider ตอน 11 | การวิจัยด้านการจัดการการเปลี่ยนแปลงสภาพภูมิอากาศและสิ่งแวดล้อม","Media Asset","วิดีโอมัลติมีเดียเผยแพร่: DCCE Insider ตอน 11 | การวิจัยด้านการจัดการการเปลี่ยนแปลงสภาพภูมิอากาศและสิ่งแวดล้อม","http://youtu.be/l0XZpVrqkGY?si=hylpT8eeHcbcedGE","http://youtu.be/l0XZpVrqkGY?si=hylpT8eeHcbcedGE","มัลติมีเดีย","กลุ่มประชาสัมพันธ์และสื่อสารสิ่งแวดล้อม","YouTube Video"
"VID-054","DCCE Insider ตอน 12 | การจัดทำบัญชีก๊าซเรือนกระจก","Media Asset","วิดีโอมัลติมีเดียเผยแพร่: DCCE Insider ตอน 12 | การจัดทำบัญชีก๊าซเรือนกระจก","http://youtu.be/NmSz0ufBpVs?si=xMbOAI2s4x9ToswV","http://youtu.be/NmSz0ufBpVs?si=xMbOAI2s4x9ToswV","มัลติมีเดีย","กลุ่มประชาสัมพันธ์และสื่อสารสิ่งแวดล้อม","YouTube Video"
"VID-055","DCCE Insider ตอน 13 | นวัตกรรมเครื่องมือแจ้งเตือนสภาพอากาศร้อนจัด Prototype 2","Media Asset","วิดีโอมัลติมีเดียเผยแพร่: DCCE Insider ตอน 13 | นวัตกรรมเครื่องมือแจ้งเตือนสภาพอากาศร้อนจัด Prototype 2","http://youtu.be/6WknAJC6KIM?si=ku8lfk2ZEkbwSG5H","http://youtu.be/6WknAJC6KIM?si=ku8lfk2ZEkbwSG5H","มัลติมีเดีย","กลุ่มประชาสัมพันธ์และสื่อสารสิ่งแวดล้อม","YouTube Video"
"VID-056","ความรู้เพื่อลดโลกร้อน ดร.รวีวรรณ ภูริเดช","Media Asset","วิดีโอมัลติมีเดียเผยแพร่: ความรู้เพื่อลดโลกร้อน ดร.รวีวรรณ ภูริเดช","https://www.dcce.go.th/wp-content/uploads/2024/07/C201912016595.mp4","https://www.dcce.go.th/wp-content/uploads/2024/07/C201912016595.mp4","มัลติมีเดีย","กลุ่มประชาสัมพันธ์และสื่อสารสิ่งแวดล้อม","YouTube Video"
