asset_id,asset_title,asset_type,description,format_type,owner_division,owner_email,front_end_url,resource_url,source_catalog,source_group,data_category,update_frequency,objective,tags,geo_coverage,created_date,last_updated
"SYS-001","ศูนย์ข้อมูลด้านการเปลี่ยนแปลงสภาพภูมิอากาศ","Data Product","ระบบสารสนเทศ/บริการอิเล็กทรอนิกส์ DCCE: ศูนย์ข้อมูลด้านการเปลี่ยนแปลงสภาพภูมิอากาศ","Web Application","กลุ่มพัฒนาเทคโนโลยีดิจิทัล","","https://ccic.dcce.go.th/","https://ccic.dcce.go.th/","Sitemap (DCCE Website)","สารสนเทศ DCCE","ข้อมูลสาธารณะ","","เพื่อการให้บริการประชาชน, พันธกิจหน่วยงาน","","ประเทศ","",""
"SYS-002","ระบบบัญชีข้อมูล (Data Catalog) กรมการเปลี่ยนแปลงสภาพภูมิอากาศและสิ่งแวดล้อม","Data Product","ระบบสารสนเทศ/บริการอิเล็กทรอนิกส์ DCCE: ระบบบัญชีข้อมูล (Data Catalog) กรมการเปลี่ยนแปลงสภาพภูมิอากาศและสิ่งแวดล้อม","Web Application","กลุ่มพัฒนาเทคโนโลยีดิจิทัล","","https://dgf.dcce.go.th/","https://dgf.dcce.go.th/","Sitemap (DCCE Website)","สารสนเทศ DCCE","ข้อมูลสาธารณะ","","เพื่อการให้บริการประชาชน, พันธกิจหน่วยงาน","","ประเทศ","",""
"SYS-003","ฐานข้อมูลความเสี่ยงจากการเปลี่ยนแปลงสภาพภูมิอากาศ","Data Product","ระบบสารสนเทศ/บริการอิเล็กทรอนิกส์ DCCE: ฐานข้อมูลความเสี่ยงจากการเปลี่ยนแปลงสภาพภูมิอากาศ","Web Application","กลุ่มพัฒนาเทคโนโลยีดิจิทัล","","https://ccic.dcce.go.th/riskarea","https://ccic.dcce.go.th/riskarea","Sitemap (DCCE Website)","สารสนเทศ DCCE","ข้อมูลสาธารณะ","","เพื่อการให้บริการประชาชน, พันธกิจหน่วยงาน","","ประเทศ","",""
"SYS-004","ระบบสัมมนาและฝึกอบรมด้านสิ่งแวดล้อม","Data Product","ระบบสารสนเทศ/บริการอิเล็กทรอนิกส์ DCCE: ระบบสัมมนาและฝึกอบรมด้านสิ่งแวดล้อม","Web Application","กลุ่มพัฒนาเทคโนโลยีดิจิทัล","","https://datacenter.dcce.go.th/training","https://datacenter.dcce.go.th/training","Sitemap (DCCE Website)","สารสนเทศ DCCE","ข้อมูลสาธารณะ","","เพื่อการให้บริการประชาชน, พันธกิจหน่วยงาน","","ประเทศ","",""
"SYS-005","ระบบการเรียนรู้ออนไลน์ (e-Learning)","Data Product","ระบบสารสนเทศ/บริการอิเล็กทรอนิกส์ DCCE: ระบบการเรียนรู้ออนไลน์ (e-Learning)","Web Application","กลุ่มพัฒนาเทคโนโลยีดิจิทัล","","https://e-learning.dcce.go.th/lrs_deqp/home2","https://e-learning.dcce.go.th/lrs_deqp/home2","Sitemap (DCCE Website)","สารสนเทศ DCCE","ข้อมูลสาธารณะ","","เพื่อการให้บริการประชาชน, พันธกิจหน่วยงาน","","ประเทศ","",""
"SYS-006","หลักสูตรประกาศนียบัตรธรรมาภิบาลสิ่งแวดล้อมสำหรับนักบริหารระดับสูง (ปธส.)","Data Product","ระบบสารสนเทศ/บริการอิเล็กทรอนิกส์ DCCE: หลักสูตรประกาศนียบัตรธรรมาภิบาลสิ่งแวดล้อมสำหรับนักบริหารระดับสูง (ปธส.)","Web Page","กลุ่มพัฒนาเทคโนโลยีดิจิทัล","","","","Sitemap (DCCE Website)","สารสนเทศ DCCE","ข้อมูลสาธารณะ","","เพื่อการให้บริการประชาชน, พันธกิจหน่วยงาน","","ประเทศ","",""
"SYS-007","เมืองสิ่งแวดล้อมยั่งยืน (SAR)","Data Product","ระบบสารสนเทศ/บริการอิเล็กทรอนิกส์ DCCE: เมืองสิ่งแวดล้อมยั่งยืน (SAR)","Web Application","กลุ่มพัฒนาเทคโนโลยีดิจิทัล","","https://sar.dcce.go.th/","https://sar.dcce.go.th/","Sitemap (DCCE Website)","สารสนเทศ DCCE","ข้อมูลสาธารณะ","","เพื่อการให้บริการประชาชน, พันธกิจหน่วยงาน","","ประเทศ","",""
"SYS-008","ระบบพื้นที่สีเขียวในเขตเมืองและชุมชน (Green Area)","Data Product","ระบบสารสนเทศ/บริการอิเล็กทรอนิกส์ DCCE: ระบบพื้นที่สีเขียวในเขตเมืองและชุมชน (Green Area)","Web Application","กลุ่มพัฒนาเทคโนโลยีดิจิทัล","","https://greenarea.dcce.go.th/landing_page_mini_site/","https://greenarea.dcce.go.th/landing_page_mini_site/","Sitemap (DCCE Website)","สารสนเทศ DCCE","ข้อมูลสาธารณะ","","เพื่อการให้บริการประชาชน, พันธกิจหน่วยงาน","","ประเทศ","",""
"SYS-009","ระบบบันทึกข้อมูลการจัดการขยะ (Data Trash)","Data Product","ระบบสารสนเทศ/บริการอิเล็กทรอนิกส์ DCCE: ระบบบันทึกข้อมูลการจัดการขยะ (Data Trash)","Web Application","กลุ่มพัฒนาเทคโนโลยีดิจิทัล","","http://datatrash.dcce.go.th/intro","http://datatrash.dcce.go.th/intro","Sitemap (DCCE Website)","สารสนเทศ DCCE","ข้อมูลสาธารณะ","","เพื่อการให้บริการประชาชน, พันธกิจหน่วยงาน","","ประเทศ","",""
"SYS-010","ระบบจัดเก็บพลังงานและของเสีย (Energy and Waste)","Data Product","ระบบสารสนเทศ/บริการอิเล็กทรอนิกส์ DCCE: ระบบจัดเก็บพลังงานและของเสีย (Energy and Waste)","Web Application","กลุ่มพัฒนาเทคโนโลยีดิจิทัล","","https://energyandwaste.dcce.go.th/","https://energyandwaste.dcce.go.th/","Sitemap (DCCE Website)","สารสนเทศ DCCE","ข้อมูลสาธารณะ","","เพื่อการให้บริการประชาชน, พันธกิจหน่วยงาน","","ประเทศ","",""
"SYS-011","ระบบรายงานจุดตรวจวัดคุณภาพสิ่งแวดล้อม (Monitor)","Data Product","ระบบสารสนเทศ/บริการอิเล็กทรอนิกส์ DCCE: ระบบรายงานจุดตรวจวัดคุณภาพสิ่งแวดล้อม (Monitor)","Web Application","กลุ่มพัฒนาเทคโนโลยีดิจิทัล","","http://monitor.dcce.go.th/","http://monitor.dcce.go.th/","Sitemap (DCCE Website)","สารสนเทศ DCCE","ข้อมูลสาธารณะ","","เพื่อการให้บริการประชาชน, พันธกิจหน่วยงาน","","ประเทศ","",""
"SYS-012","ระบบงานเครือข่าย ทสม. เครือข่ายอาสาสมัครพิทักษ์ทรัพยากรธรรมชาติและสิ่งแวดล้อมหมู่บ้าน","Data Product","ระบบสารสนเทศ/บริการอิเล็กทรอนิกส์ DCCE: ระบบงานเครือข่าย ทสม. เครือข่ายอาสาสมัครพิทักษ์ทรัพยากรธรรมชาติและสิ่งแวดล้อมหมู่บ้าน","Web Application","กลุ่มพัฒนาเทคโนโลยีดิจิทัล","","https://datacenter.dcce.go.th/nevt/home","https://datacenter.dcce.go.th/nevt/home","Sitemap (DCCE Website)","สารสนเทศ DCCE","ข้อมูลสาธารณะ","","เพื่อการให้บริการประชาชน, พันธกิจหน่วยงาน","","ประเทศ","",""
"SYS-013","ระบบงานบุคคลและองค์การเอกชนด้านสิ่งแวดล้อม (NGOs)","Data Product","ระบบสารสนเทศ/บริการอิเล็กทรอนิกส์ DCCE: ระบบงานบุคคลและองค์การเอกชนด้านสิ่งแวดล้อม (NGOs)","Web Application","กลุ่มพัฒนาเทคโนโลยีดิจิทัล","","https://datacenter.dcce.go.th/ngos/","https://datacenter.dcce.go.th/ngos/","Sitemap (DCCE Website)","สารสนเทศ DCCE","ข้อมูลสาธารณะ","","เพื่อการให้บริการประชาชน, พันธกิจหน่วยงาน","","ประเทศ","",""
"SYS-014","โรงเรียนอีโคสคูล (Eco School)","Data Product","ระบบสารสนเทศ/บริการอิเล็กทรอนิกส์ DCCE: โรงเรียนอีโคสคูล (Eco School)","Web Application","กลุ่มพัฒนาเทคโนโลยีดิจิทัล","","https://ecoschool.dcce.go.th/","https://ecoschool.dcce.go.th/","Sitemap (DCCE Website)","สารสนเทศ DCCE","ข้อมูลสาธารณะ","","เพื่อการให้บริการประชาชน, พันธกิจหน่วยงาน","","ประเทศ","",""
"SYS-015","ระบบบริการข้อมูลการผลิต การบริการ และการบริโภคที่เป็นมิตรกับสิ่งแวดล้อม (SCP)","Data Product","ระบบสารสนเทศ/บริการอิเล็กทรอนิกส์ DCCE: ระบบบริการข้อมูลการผลิต การบริการ และการบริโภคที่เป็นมิตรกับสิ่งแวดล้อม (SCP)","Web Application","กลุ่มพัฒนาเทคโนโลยีดิจิทัล","","http://scpallgreen.dcce.go.th/","http://scpallgreen.dcce.go.th/","Sitemap (DCCE Website)","สารสนเทศ DCCE","ข้อมูลสาธารณะ","","เพื่อการให้บริการประชาชน, พันธกิจหน่วยงาน","","ประเทศ","",""
"SYS-016","มหิงสาสายสืบ","Data Product","ระบบสารสนเทศ/บริการอิเล็กทรอนิกส์ DCCE: มหิงสาสายสืบ","Web Application","กลุ่มพัฒนาเทคโนโลยีดิจิทัล","","https://mahingsa.dcce.go.th/","https://mahingsa.dcce.go.th/","Sitemap (DCCE Website)","สารสนเทศ DCCE","ข้อมูลสาธารณะ","","เพื่อการให้บริการประชาชน, พันธกิจหน่วยงาน","","ประเทศ","",""
"SYS-017","โรงแรมที่เป็นมิตรกับสิ่งแวดล้อม (Green Hotel)","Data Product","ระบบสารสนเทศ/บริการอิเล็กทรอนิกส์ DCCE: โรงแรมที่เป็นมิตรกับสิ่งแวดล้อม (Green Hotel)","Web Application","กลุ่มพัฒนาเทคโนโลยีดิจิทัล","","https://greenhotelthai.com/th/%20","https://greenhotelthai.com/th/%20","Sitemap (DCCE Website)","สารสนเทศ DCCE","ข้อมูลสาธารณะ","","เพื่อการให้บริการประชาชน, พันธกิจหน่วยงาน","","ประเทศ","",""
"SYS-018","ร้านอาหารที่เป็นมิตรกับสิ่งแวดล้อม (Green Restaurant)","Data Product","ระบบสารสนเทศ/บริการอิเล็กทรอนิกส์ DCCE: ร้านอาหารที่เป็นมิตรกับสิ่งแวดล้อม (Green Restaurant)","Web Application","กลุ่มพัฒนาเทคโนโลยีดิจิทัล","","https://scpallgreen.dcce.go.th/project_detail.php?id=6","https://scpallgreen.dcce.go.th/project_detail.php?id=6","Sitemap (DCCE Website)","สารสนเทศ DCCE","ข้อมูลสาธารณะ","","เพื่อการให้บริการประชาชน, พันธกิจหน่วยงาน","","ประเทศ","",""
"SYS-019","สำนักงานสีเขียว (Green Office) ระดับประเทศ","Data Product","ระบบสารสนเทศ/บริการอิเล็กทรอนิกส์ DCCE: สำนักงานสีเขียว (Green Office) ระดับประเทศ","Web Application","กลุ่มพัฒนาเทคโนโลยีดิจิทัล","","https://scpallgreen.dcce.go.th/project_detail.php?id=3","https://scpallgreen.dcce.go.th/project_detail.php?id=3","Sitemap (DCCE Website)","สารสนเทศ DCCE","ข้อมูลสาธารณะ","","เพื่อการให้บริการประชาชน, พันธกิจหน่วยงาน","","ประเทศ","",""
"SYS-020","สถานประกอบการที่มีการผลิตที่เป็นมิตรกับสิ่งแวดล้อม (Green Production)","Data Product","ระบบสารสนเทศ/บริการอิเล็กทรอนิกส์ DCCE: สถานประกอบการที่มีการผลิตที่เป็นมิตรกับสิ่งแวดล้อม (Green Production)","Web Application","กลุ่มพัฒนาเทคโนโลยีดิจิทัล","","https://scpallgreen.dcce.go.th/project_detail.php?id=1","https://scpallgreen.dcce.go.th/project_detail.php?id=1","Sitemap (DCCE Website)","สารสนเทศ DCCE","ข้อมูลสาธารณะ","","เพื่อการให้บริการประชาชน, พันธกิจหน่วยงาน","","ประเทศ","",""
"SYS-021","อุทยานแห่งชาติสีเขียว (Green National Park)","Data Product","ระบบสารสนเทศ/บริการอิเล็กทรอนิกส์ DCCE: อุทยานแห่งชาติสีเขียว (Green National Park)","Web Application","กลุ่มพัฒนาเทคโนโลยีดิจิทัล","","https://scpallgreen.dcce.go.th/project_detail.php?id=4","https://scpallgreen.dcce.go.th/project_detail.php?id=4","Sitemap (DCCE Website)","สารสนเทศ DCCE","ข้อมูลสาธารณะ","","เพื่อการให้บริการประชาชน, พันธกิจหน่วยงาน","","ประเทศ","",""
"SYS-022","ที่อยู่อาศัยที่เป็นมิตรกับสิ่งแวดล้อม (Green Residence)","Data Product","ระบบสารสนเทศ/บริการอิเล็กทรอนิกส์ DCCE: ที่อยู่อาศัยที่เป็นมิตรกับสิ่งแวดล้อม (Green Residence)","Web Page","กลุ่มพัฒนาเทคโนโลยีดิจิทัล","","","","Sitemap (DCCE Website)","สารสนเทศ DCCE","ข้อมูลสาธารณะ","","เพื่อการให้บริการประชาชน, พันธกิจหน่วยงาน","","ประเทศ","",""
"SYS-023","การดำเนินงานด้านสิ่งแวดล้อม กรมการเปลี่ยนแปลงสภาพภูมิอากาศและสิ่งแวดล้อม","Data Product","ระบบสารสนเทศ/บริการอิเล็กทรอนิกส์ DCCE: การดำเนินงานด้านสิ่งแวดล้อม กรมการเปลี่ยนแปลงสภาพภูมิอากาศและสิ่งแวดล้อม","Web Page","กลุ่มพัฒนาเทคโนโลยีดิจิทัล","","","","Sitemap (DCCE Website)","สารสนเทศ DCCE","ข้อมูลสาธารณะ","","เพื่อการให้บริการประชาชน, พันธกิจหน่วยงาน","","ประเทศ","",""
"SYS-024","การเปิดโอกาสให้เกิดการมีส่วนร่วม","Data Product","ระบบสารสนเทศ/บริการอิเล็กทรอนิกส์ DCCE: การเปิดโอกาสให้เกิดการมีส่วนร่วม","Web Page","กลุ่มพัฒนาเทคโนโลยีดิจิทัล","","","","Sitemap (DCCE Website)","สารสนเทศ DCCE","ข้อมูลสาธารณะ","","เพื่อการให้บริการประชาชน, พันธกิจหน่วยงาน","","ประเทศ","",""
"SYS-025","โครงการโรงแรมที่เป็นมิตรกับสิ่งแวดล้อมยั่งยืน (Green Hotel Plus)","Data Product","ระบบสารสนเทศ/บริการอิเล็กทรอนิกส์ DCCE: โครงการโรงแรมที่เป็นมิตรกับสิ่งแวดล้อมยั่งยืน (Green Hotel Plus)","Web Application","กลุ่มพัฒนาเทคโนโลยีดิจิทัล","","https://scpallgreen.dcce.go.th/project_detail.php?id=19","https://scpallgreen.dcce.go.th/project_detail.php?id=19","Sitemap (DCCE Website)","สารสนเทศ DCCE","ข้อมูลสาธารณะ","","เพื่อการให้บริการประชาชน, พันธกิจหน่วยงาน","","ประเทศ","",""
"PUB-001","แผนแม่บทรองรับการเปลี่ยนแปลงสภาพภูมิอากาศ พ.ศ. 2558 – 2593","Knowledge Asset","สิ่งพิมพ์/เอกสารเผยแพร่ในศูนย์ข้อมูลกลาง หมวดนโยบายและยุทธศาสตร์","Document","กองยุทธศาสตร์และความร่วมมือระหว่างประเทศ","","https://www.dcce.go.th/datacenter/3353/","https://www.dcce.go.th/wp-content/uploads/2025/02/แผนแม่บทรองรับการเปลี่ยนแปลงสภาพภูมิอากาศ-2558-2593.pdf","Sitemap (DCCE Website)","ศูนย์ข้อมูลกลาง > นโยบายและยุทธศาสตร์","ข้อมูลสาธารณะ","ไม่มีการปรับปรุง","","","ประเทศ","",""
"PUB-002","นโยบายและการดำเนินงานตาม ข้อ 6 ของความตกลงปารีส (Article 6 of Paris Agreement)","Knowledge Asset","Related Documents Thailand Article 6","Document","กองยุทธศาสตร์และความร่วมมือระหว่างประเทศ","","https://www.dcce.go.th/datacenter/5298/","https://www.dcce.go.th/wp-content/uploads/2025/04/Thailands-Article-6-paragraph-2-Initial-report.pdf","Sitemap (DCCE Website)","ศูนย์ข้อมูลกลาง > นโยบายและยุทธศาสตร์","ข้อมูลสาธารณะ","ไม่มีการปรับปรุง","","","ประเทศ","",""
"PUB-003","สรุป สาระสำคัญของร่างพระราชบัญญัติการเปลี่ยนแปลงสภาพภูมิอากาศ พ.ศ. ...","Knowledge Asset","สิ่งพิมพ์/เอกสารเผยแพร่ในศูนย์ข้อมูลกลาง หมวดพ.ร.บ. การเปลี่ยนแปลงสภาพภูมิอากาศ","Document","กองยุทธศาสตร์และความร่วมมือระหว่างประเทศ","","https://www.dcce.go.th/datacenter/3350/","https://www.dcce.go.th/wp-content/uploads/2025/02/สรุปสาระสำคัญ-พรบ.-การเปลี่ยนแปลงสภาพภูมิอากาศ.pdf","Sitemap (DCCE Website)","ศูนย์ข้อมูลกลาง > พ.ร.บ. การเปลี่ยนแปลงสภาพภูมิอากาศ","ข้อมูลสาธารณะ","ไม่มีการปรับปรุง","","","ประเทศ","",""
"PUB-004","ร่างพระราชบัญญัติการเปลี่ยนแปลงสภาพภูมิอากาศ พ.ศ. ...","Knowledge Asset","สิ่งพิมพ์/เอกสารเผยแพร่ในศูนย์ข้อมูลกลาง หมวดพ.ร.บ. การเปลี่ยนแปลงสภาพภูมิอากาศ","Document","กองยุทธศาสตร์และความร่วมมือระหว่างประเทศ","","https://www.dcce.go.th/datacenter/3345/","https://www.dcce.go.th/wp-content/uploads/2025/02/ร่าง-พ.ร.บ.-การเปลี่ยนแปลงสภาพภูมิอากาศ-พ.ศ.-.pdf","Sitemap (DCCE Website)","ศูนย์ข้อมูลกลาง > พ.ร.บ. การเปลี่ยนแปลงสภาพภูมิอากาศ","ข้อมูลสาธารณะ","ไม่มีการปรับปรุง","","","ประเทศ","",""
"PUB-005","NDC Action Plan on Mitigation 2021 – 2030","Knowledge Asset","แผนปฏิบัติการด้านการลดก๊าซเรือนกระจกของประเทศ ปี พ.ศ. 2564 – 2573 (ค.ศ. 2021 – 2030) จัดทำขึ้นเพื่อเป็นกรอบการดำเนินงานด้านการลดก๊าซเรือนกระจกของประเทศรายสาขา สอดคล้องตามการมีส่วนร่วมที่ประเทศกำหนด (Nationally Determined Contribution : NDC) มีเป้าประสงค์ในการบรรลุเป้าหมายการลดก๊าซเรือนกร","Document","กองยุทธศาสตร์และความร่วมมือระหว่างประเทศ","","https://www.dcce.go.th/datacenter/653/","https://www.dcce.go.th/wp-content/uploads/2025/03/E-Book_แผนปฏิบัติการด้านการลดก๊าซเรือนกระจก-2025.04.26-.pdf","Sitemap (DCCE Website)","ศูนย์ข้อมูลกลาง > แผนปฏิบัติการลดก๊าซเรือนกระจกของประเทศ","ข้อมูลสาธารณะ","ไม่มีการปรับปรุง","","","ประเทศ","",""
"PUB-006","NDC Action Plan on Mitigation","Knowledge Asset","สิ่งพิมพ์/เอกสารเผยแพร่ในศูนย์ข้อมูลกลาง หมวดแผนปฏิบัติการลดก๊าซเรือนกระจกของประเทศ","Web Page","กองยุทธศาสตร์และความร่วมมือระหว่างประเทศ","","https://www.dcce.go.th/datacenter/651/","https://www.dcce.go.th/datacenter/651/","Sitemap (DCCE Website)","ศูนย์ข้อมูลกลาง > แผนปฏิบัติการลดก๊าซเรือนกระจกของประเทศ","ข้อมูลสาธารณะ","ไม่มีการปรับปรุง","","","ประเทศ","",""
"PUB-007","รายงานความโปร่งใสรายสองปี ฉบับที่ 1 (Thailand’s First Biennial Transparency Report : BTR1)","Knowledge Asset","สิ่งพิมพ์/เอกสารเผยแพร่ในศูนย์ข้อมูลกลาง หมวดการปรับตัวต่อการเปลี่ยนแปลงสภาพภูมิอากาศ","Document","กองยุทธศาสตร์และความร่วมมือระหว่างประเทศ","","https://www.dcce.go.th/datacenter/6827/","https://www.dcce.go.th/wp-content/uploads/2024/12/Submitted-1st-BTR_compressed-1.pdf","Sitemap (DCCE Website)","ศูนย์ข้อมูลกลาง > การปรับตัวต่อการเปลี่ยนแปลงสภาพภูมิอากาศ","ข้อมูลสาธารณะ","ไม่มีการปรับปรุง","","","ประเทศ","",""
"PUB-008","รายงานความโปร่งใสรายสองปี ฉบับที่ 1 (Thailand Biennial Transparency Report : BTR1) ฉบับประชาชน","Knowledge Asset","สิ่งพิมพ์/เอกสารเผยแพร่ในศูนย์ข้อมูลกลาง หมวดการปรับตัวต่อการเปลี่ยนแปลงสภาพภูมิอากาศ","Document","กองยุทธศาสตร์และความร่วมมือระหว่างประเทศ","","https://www.dcce.go.th/datacenter/6821/","https://www.dcce.go.th/wp-content/uploads/2025/03/รายงานความโปร่งใสรายสองปี-ฉบับที่-1-BTR1-ฉบับประชาชน.pdf","Sitemap (DCCE Website)","ศูนย์ข้อมูลกลาง > การปรับตัวต่อการเปลี่ยนแปลงสภาพภูมิอากาศ","ข้อมูลสาธารณะ","ไม่มีการปรับปรุง","","","ประเทศ","",""
"PUB-009","แผนการปรับตัวต่อการเปลี่ยนแปลงสภาพภูมิอากาศแห่งชาติ (Thailand's National Adaptation Plan : NAP)","Knowledge Asset","แผน NAP เป็นกรอบแนวทางสำคัญในการเสริมสร้างภูมิคุ้มกันให้ประเทศ พร้อมรับมือกับผลกระทบจากการเปลี่ยนแปลงสภาพภูมิอากาศ และมุ่งสู่การพัฒนาที่ยั่งยืน ครอบคลุม 6 ด้านสำคัญ ได้แก่ 💧 การจัดการทรัพยากรน้ำ 🌾 เกษตรและความมั่นคงทางอาหาร 🏖️ การท่องเที่ยว 🏥 สาธารณสุข 🌿 การจัดการทรัพยา","Web Page","กองยุทธศาสตร์และความร่วมมือระหว่างประเทศ","","https://www.dcce.go.th/datacenter/6553/adaptation/national-adaptation-plan-nap-2568/","https://www.dcce.go.th/datacenter/6553/adaptation/national-adaptation-plan-nap-2568/","Sitemap (DCCE Website)","ศูนย์ข้อมูลกลาง > การปรับตัวต่อการเปลี่ยนแปลงสภาพภูมิอากาศ","ข้อมูลสาธารณะ","ไม่มีการปรับปรุง","","","ประเทศ","",""
"PUB-010","ระบบฐานข้อมูลความเสี่ยงจากการเปลี่ยนแปลงภูมิอากาศ","Knowledge Asset","ระบบฐานข้อมูลความเสี่ยงจากการเปลี่ยนแปลงภูมิอากาศ โดย กองขับเคลื่อนการเปรับตัวต่อการเปลี่ยนแหลงสภาพภูมิอากาศ","Web Page","กองยุทธศาสตร์และความร่วมมือระหว่างประเทศ","","https://www.dcce.go.th/datacenter/19250/","https://www.dcce.go.th/datacenter/19250/","Sitemap (DCCE Website)","ศูนย์ข้อมูลกลาง > การปรับตัวต่อการเปลี่ยนแปลงสภาพภูมิอากาศ","ข้อมูลสาธารณะ","ไม่มีการปรับปรุง","","","ประเทศ","",""
"PUB-011","วารสารด้านการปรับตัวต่อการเปลี่ยนแปลงสภาพภูมิอากาศ","Knowledge Asset","สิ่งพิมพ์/เอกสารเผยแพร่ในศูนย์ข้อมูลกลาง หมวดการปรับตัวต่อการเปลี่ยนแปลงสภาพภูมิอากาศ","Web Page","กองยุทธศาสตร์และความร่วมมือระหว่างประเทศ","","https://www.dcce.go.th/datacenter/22750/","https://www.dcce.go.th/datacenter/22750/","Sitemap (DCCE Website)","ศูนย์ข้อมูลกลาง > การปรับตัวต่อการเปลี่ยนแปลงสภาพภูมิอากาศ","ข้อมูลสาธารณะ","ไม่มีการปรับปรุง","","","ประเทศ","",""
"PUB-012","คู่มือการจัดทำห่วงโซ่ผลกระทบจากการเปลี่ยนแปลงสภาพภูมิอากาศ","Knowledge Asset","คู่มือการจัดทำห่วงโซ่ผลกระทบจากการเปลี่ยนแปลงสภาพภูมิอากาศ จัดทำโดย กองขับเคลื่อนการปรับตัวจากการเปลี่ยนแปลงสภาพภูมิอากาศ /กลุ่มวิเคราะห์ความเสี่ยงจากการเปลี่ยนแปลงสภาพภูมิอากาศ เผยแพร่เมื่อธันวาคม 2567 ประเภทสื่อ: สื่อสิ่งพิมพ์ / คู่มือ","Document","กองยุทธศาสตร์และความร่วมมือระหว่างประเทศ","","https://www.dcce.go.th/datacenter/19243/","https://www.dcce.go.th/media/5075/?download_file=1&file_id=5076","Sitemap (DCCE Website)","ศูนย์ข้อมูลกลาง > การปรับตัวต่อการเปลี่ยนแปลงสภาพภูมิอากาศ","ข้อมูลสาธารณะ","ไม่มีการปรับปรุง","","","ประเทศ","",""
"PUB-013","COP 30","Knowledge Asset","ธรรมชาติและอาหาร: ปกป้องป่าเขตร้อนและการเกษตรยุคใหม่ การประชุม COP30 ในภูมิภาคแอมะซอนเน้นย้ำความสำคัญของการคุ้มครองธรรมชาติอย่างไม่เคยมีมาก่อน โดยเปิดตัวกองทุนเพื่อป่าเขตร้อนตลอดกาล (Tropical Forest Forever Facility – TFFF) ด้วยเงินตั้งต้น 5,500 ล้านดอลลาร์ ตั้งเป้าระดมให้ถึง 1.25 หมื่นล้าน","Web Page","กองยุทธศาสตร์และความร่วมมือระหว่างประเทศ","","https://www.dcce.go.th/datacenter/14682/","https://www.dcce.go.th/datacenter/14682/","Sitemap (DCCE Website)","ศูนย์ข้อมูลกลาง > การประชุมด้านสภาพภูมิอากาศโลก","ข้อมูลสาธารณะ","ไม่มีการปรับปรุง","","","ประเทศ","",""
"PUB-014","COP 29","Knowledge Asset","สิ่งพิมพ์/เอกสารเผยแพร่ในศูนย์ข้อมูลกลาง หมวดการประชุมด้านสภาพภูมิอากาศโลก","Document","กองยุทธศาสตร์และความร่วมมือระหว่างประเทศ","","https://www.dcce.go.th/datacenter/3356/","https://www.dcce.go.th/wp-content/uploads/2025/02/COP29-Interactive-Screen.pdf","Sitemap (DCCE Website)","ศูนย์ข้อมูลกลาง > การประชุมด้านสภาพภูมิอากาศโลก","ข้อมูลสาธารณะ","ไม่มีการปรับปรุง","","","ประเทศ","",""
"PUB-015","COP 28","Knowledge Asset","ประเด็นสำคัญจากการประชุมรัฐภาคีกรอบอนุสัญญาสหประชาชาติ ว่าด้วยการเปลี่ยนแปลงสภาพภูมิอากาศ สมัยที่ 28 (COP28) ระหว่างวันที่ 30 พฤศจิกายน – 12 ธันวาคม พ.ศ. 2566 ณ เมืองดูไบ สหรัฐอาหรับเอมิเรตส์ มีประเด็นสำคัญ ดังนี้ ด้านการลดก๊าซเรือนกระจก – เร่งเปลี่ยนผ่านด้านพลังงานที่เป็น","Web Page","กองยุทธศาสตร์และความร่วมมือระหว่างประเทศ","","https://www.dcce.go.th/datacenter/3358/","https://www.dcce.go.th/datacenter/3358/","Sitemap (DCCE Website)","ศูนย์ข้อมูลกลาง > การประชุมด้านสภาพภูมิอากาศโลก","ข้อมูลสาธารณะ","ไม่มีการปรับปรุง","","","ประเทศ","",""
"PUB-016","รายงานความก้าวหน้ารายสองปี (Biennial Update Report : BUR)","Knowledge Asset","สิ่งพิมพ์/เอกสารเผยแพร่ในศูนย์ข้อมูลกลาง หมวดรายงานระดับชาติ","Web Page","กองยุทธศาสตร์และความร่วมมือระหว่างประเทศ","","https://www.dcce.go.th/datacenter/3373/","https://www.dcce.go.th/datacenter/3373/","Sitemap (DCCE Website)","ศูนย์ข้อมูลกลาง > รายงานระดับชาติ","ข้อมูลสาธารณะ","ไม่มีการปรับปรุง","","","ประเทศ","",""
"PUB-017","รายงานแห่งชาติ (National Communication: NC)","Knowledge Asset","สิ่งพิมพ์/เอกสารเผยแพร่ในศูนย์ข้อมูลกลาง หมวดรายงานระดับชาติ","Web Page","กองยุทธศาสตร์และความร่วมมือระหว่างประเทศ","","https://www.dcce.go.th/datacenter/3360/","https://www.dcce.go.th/datacenter/3360/","Sitemap (DCCE Website)","ศูนย์ข้อมูลกลาง > รายงานระดับชาติ","ข้อมูลสาธารณะ","ไม่มีการปรับปรุง","","","ประเทศ","",""
"PUB-018","รายงานความโปร่งใสรายสองปี (Thailand Biennial Transparency Report : BTR)","Knowledge Asset","สิ่งพิมพ์/เอกสารเผยแพร่ในศูนย์ข้อมูลกลาง หมวดรายงานระดับชาติ","Web Page","กองยุทธศาสตร์และความร่วมมือระหว่างประเทศ","","https://www.dcce.go.th/datacenter/2878/","https://www.dcce.go.th/datacenter/2878/","Sitemap (DCCE Website)","ศูนย์ข้อมูลกลาง > รายงานระดับชาติ","ข้อมูลสาธารณะ","ไม่มีการปรับปรุง","","","ประเทศ","",""
"PUB-019","Thailand's policy for the implementation of Article 6 of the Paris Agreement (นโยบายของไทยในการดำเนินงานตามข้อ 6 ของความตกลงปารีส)","Knowledge Asset","Related Document Thailand's NDC Action Plan on Mitigation 2021-2030 (Unofficial Translation) แผนปฏิบัติการด้านการลดก๊าซเรือนกระจกของประเทศ พ.ศ. 2564-2573","Document","กองยุทธศาสตร์และความร่วมมือระหว่างประเทศ","","https://www.dcce.go.th/article6/policies/","https://www.dcce.go.th/wp-content/uploads/2025/08/English_NDC-Action-Plan-on-Mitigation_clean.pdf","Sitemap (DCCE Website)","ศูนย์ข้อมูลกลาง > การใช้คาร์บอนเครดิตเพื่อวัตถุประสงค์ระหว่างประเทศ","ข้อมูลสาธารณะ","ไม่มีการปรับปรุง","","","ประเทศ","",""
"PUB-020","Article 6.2 Authorized Projects (โครงการที่ได้รับการอนุญาตภายใต้กลไกข้อ 6.2)","Knowledge Asset","สิ่งพิมพ์/เอกสารเผยแพร่ในศูนย์ข้อมูลกลาง หมวดการใช้คาร์บอนเครดิตเพื่อวัตถุประสงค์ระหว่างประเทศ","Web Page","กองยุทธศาสตร์และความร่วมมือระหว่างประเทศ","","https://www.dcce.go.th/datacenter/21035/","https://www.dcce.go.th/datacenter/21035/","Sitemap (DCCE Website)","ศูนย์ข้อมูลกลาง > การใช้คาร์บอนเครดิตเพื่อวัตถุประสงค์ระหว่างประเทศ","ข้อมูลสาธารณะ","ไม่มีการปรับปรุง","","","ประเทศ","",""
"PUB-021","Carbon Offsetting and Reduction Scheme for International Aviation (CORSIA)","Knowledge Asset","Projects Authorized for CORSIA Eligible Emissions Units (CEUs)","Web Page","กองยุทธศาสตร์และความร่วมมือระหว่างประเทศ","","https://www.dcce.go.th/datacenter/24625/","https://www.dcce.go.th/datacenter/24625/","Sitemap (DCCE Website)","ศูนย์ข้อมูลกลาง > การใช้คาร์บอนเครดิตเพื่อวัตถุประสงค์ระหว่างประเทศ","ข้อมูลสาธารณะ","ไม่มีการปรับปรุง","","","ประเทศ","",""
"PUB-022","Implementation Agreement on Article 6 between Thailand and Singapore (ข้อตกลงความร่วมมือระหว่างราชอาณาจักรไทยและสาธารณรัฐสิงคโปร์)","Knowledge Asset","ข้อตกลงนี้จัดทำขึ้นเพื่อเป็นกรอบความร่วมมือโดยสมัครใจ ภายใต้ข้อ 6.2 ของความตกลงปารีส สำหรับการถ่ายโอนผลการลดก๊าซเรือนกระจกระหว่างประเทศ (Internationally Transferred Mitigation Outcomes: ITMOs) โดยมีกระบวนการอนุญาตที่สอดคล้องกับหลักการ มาตรการ และนโยบายของทั้งสองประเทศ สาระสำคัญของข้อตกลง ได้แก่","Document","กองยุทธศาสตร์และความร่วมมือระหว่างประเทศ","","https://www.dcce.go.th/article6/thiland-singapore/","https://www.dcce.go.th/wp-content/uploads/2025/08/Implementation-Agreement-on-Article-6-of-PA-between-Thailand-and-Singapore.pdf","Sitemap (DCCE Website)","ศูนย์ข้อมูลกลาง > การใช้คาร์บอนเครดิตเพื่อวัตถุประสงค์ระหว่างประเทศ","ข้อมูลสาธารณะ","ไม่มีการปรับปรุง","","","ประเทศ","",""
"PUB-023","Implementing Agreement to the Paris Agreement between the Kingdom of Thailand and the Swiss Confederation (ข้อตกลงการดำเนินงานภายใต้ความตกลงปารีสระหว่างราชอาณาจักรไทยกับสมาพันธรัฐสวิส)","Knowledge Asset","On the occasion of the 90th anniversary of diplomatic relations, the Kingdom of Thailand and the Swiss Confederation issued a Joint Statement on cooperation in addressing climate change. Both countries expressed their shared commitment to enhance collaboration under Article 6 of the Paris Agreement","Document","กองยุทธศาสตร์และความร่วมมือระหว่างประเทศ","","https://www.dcce.go.th/article6/thailand-switzerland/","https://www.dcce.go.th/wp-content/uploads/2025/08/IA-ENG-1.pdf","Sitemap (DCCE Website)","ศูนย์ข้อมูลกลาง > การใช้คาร์บอนเครดิตเพื่อวัตถุประสงค์ระหว่างประเทศ","ข้อมูลสาธารณะ","ไม่มีการปรับปรุง","","","ประเทศ","",""
"PUB-024","บันทึกความร่วมมือว่าด้วยกลไกเครดิตร่วมระหว่างรัฐบาลแห่งราชอาณาจักรไทยกับรัฐบาลญี่ปุ่น (Memorandum of Cooperation on the Joint Crediting Mechanism between the Government of Japan and the Government of the Kingdom of Thailand)","Knowledge Asset","120 หมู่ที่ 3 ชั้น 9 อาคารรัฐประศาสนภักดี ศูนย์ราชการเฉลิมพระเกียรติฯ&nbsp;ถนนแจ้งวัฒนะ แขวงทุ่งสองห้อง เขตหลักสี่ กรุงเทพมหานคร 10210 โทรศัพท์ : 02-141 9841-9 | โทรสาร: 02-143 8404","Web Page","กองยุทธศาสตร์และความร่วมมือระหว่างประเทศ","","https://www.dcce.go.th/article6/jcm/","https://www.dcce.go.th/article6/jcm/","Sitemap (DCCE Website)","ศูนย์ข้อมูลกลาง > การใช้คาร์บอนเครดิตเพื่อวัตถุประสงค์ระหว่างประเทศ","ข้อมูลสาธารณะ","ไม่มีการปรับปรุง","","","ประเทศ","",""
"PUB-025","กระบวนการพิจารณาโครงการด้านการเปลี่ยนแปลงสภาพภูมิอากาศที่ขอรับการสนับสนุนทางการเงินในกรอบระหว่างประเทศ","Knowledge Asset","กรมการเปลี่ยนแปลงสภาพภูมิอากาศและสิ่งแวดล้อม (สส.) ทำหน้าที่เป็นหน่วยประสานงานหลัก (National Focal Point) ของกองทุน AF และกองทุน GCF โดยมีปลัดกระทรวงทรัพยากรธรรมชาติและสิ่งแวดล้อมทำหน้าที่เป็นผู้มีอำนาจ (Designated Authority) ในการลงนามรับรองข้อเสนอโครงการ การให้ความเห็นชอบต่อการเข้าถึงเงินสนับสนุนจ","Web Page","กองยุทธศาสตร์และความร่วมมือระหว่างประเทศ","","https://www.dcce.go.th/datacenter/25115/","https://www.dcce.go.th/datacenter/25115/","Sitemap (DCCE Website)","ศูนย์ข้อมูลกลาง > การเงินและการลงทุนด้านภูมิอากาศ","ข้อมูลสาธารณะ","ไม่มีการปรับปรุง","","","ประเทศ","",""
"PUB-026","กองทุนจัดการความสูญเสียและความเสียหายจากสภาพภูมิอากาศ (FRLD)","Knowledge Asset","กองทุน FRLD จัดตั้งขึ้นตามมติที่ประชุมรัฐภาคีกรอบอนุสัญญาสหประชาชาติว่าด้วยการเปลี่ยนแปลงสภาพภูมิอากาศ สมัยที่ 27 (COP 27) เพื่อเป็นกลไกทางการเงินในการช่วยเหลือประเทศกำลังพัฒนาที่มีความเปราะบาง ลดการสูญเสียและความเสียหายที่เกิดขึ้นจากการเปลี่ยนแปลงสภาพภูมิอากาศ ทั้งจากเหตุการณ์รุนแรง (Extreme Weathe","Web Page","กองยุทธศาสตร์และความร่วมมือระหว่างประเทศ","","https://www.dcce.go.th/datacenter/25096/","https://www.dcce.go.th/datacenter/25096/","Sitemap (DCCE Website)","ศูนย์ข้อมูลกลาง > การเงินและการลงทุนด้านภูมิอากาศ","ข้อมูลสาธารณะ","ไม่มีการปรับปรุง","","","ประเทศ","",""
"PUB-027","กองทุนด้านการปรับตัวต่อผลกระทบจากการเปลี่ยนแปลงสภาพภูมิอากาศ (AF)","Knowledge Asset","https://www.adaptation-fund.org/projects-programmes/","Web Page","กองยุทธศาสตร์และความร่วมมือระหว่างประเทศ","","https://www.dcce.go.th/datacenter/6704/","https://www.dcce.go.th/datacenter/6704/","Sitemap (DCCE Website)","ศูนย์ข้อมูลกลาง > การเงินและการลงทุนด้านภูมิอากาศ","ข้อมูลสาธารณะ","ไม่มีการปรับปรุง","","","ประเทศ","",""
"PUB-028","กองทุนภูมิอากาศสีเขียว (GCF)","Knowledge Asset","สิ่งพิมพ์/เอกสารเผยแพร่ในศูนย์ข้อมูลกลาง หมวดการเงินและการลงทุนด้านภูมิอากาศ","Document","กองยุทธศาสตร์และความร่วมมือระหว่างประเทศ","","https://www.dcce.go.th/datacenter/6700/","https://eservice.dcce.go.th/storage/Media/C202410039857.pdf","Sitemap (DCCE Website)","ศูนย์ข้อมูลกลาง > การเงินและการลงทุนด้านภูมิอากาศ","ข้อมูลสาธารณะ","ไม่มีการปรับปรุง","","","ประเทศ","",""
"PUB-029","กองทุนสิ่งแวดล้อมโลก (GEF)","Knowledge Asset","https://www.thegef.org/projects-operations/database คู่มือการขอรับการสนับสนุนจากกองทุนสิ่งแวดล้อมโลก","Document","กองยุทธศาสตร์และความร่วมมือระหว่างประเทศ","","https://www.dcce.go.th/datacenter/6691/","https://www.dcce.go.th/wp-content/uploads/2025/05/คู่มือ-GEF-เพิ่ม-4-4-08-2564_final.pdf","Sitemap (DCCE Website)","ศูนย์ข้อมูลกลาง > การเงินและการลงทุนด้านภูมิอากาศ","ข้อมูลสาธารณะ","ไม่มีการปรับปรุง","","","ประเทศ","",""
"PUB-030","ความร่วมมือทางการเงินระดับทวิภาคี","Knowledge Asset","สิ่งพิมพ์/เอกสารเผยแพร่ในศูนย์ข้อมูลกลาง หมวดการเงินและการลงทุนด้านภูมิอากาศ","Web Page","กองยุทธศาสตร์และความร่วมมือระหว่างประเทศ","","https://www.dcce.go.th/datacenter/6720/","https://www.dcce.go.th/datacenter/6720/","Sitemap (DCCE Website)","ศูนย์ข้อมูลกลาง > การเงินและการลงทุนด้านภูมิอากาศ","ข้อมูลสาธารณะ","ไม่มีการปรับปรุง","","","ประเทศ","",""
"PUB-031","Thailand Taxonomy","Knowledge Asset","สิ่งพิมพ์/เอกสารเผยแพร่ในศูนย์ข้อมูลกลาง หมวดการเงินและการลงทุนด้านภูมิอากาศ","Web Page","กองยุทธศาสตร์และความร่วมมือระหว่างประเทศ","","https://www.dcce.go.th/datacenter/6677/","https://www.dcce.go.th/datacenter/6677/","Sitemap (DCCE Website)","ศูนย์ข้อมูลกลาง > การเงินและการลงทุนด้านภูมิอากาศ","ข้อมูลสาธารณะ","ไม่มีการปรับปรุง","","","ประเทศ","",""
"PUB-032","แผนการปฏิบัติงานและแผนการใช้จ่ายงบประมาณ","Knowledge Asset","สิ่งพิมพ์/เอกสารเผยแพร่ในศูนย์ข้อมูลกลาง หมวดงานจริยธรรม","Web Page","กองยุทธศาสตร์และความร่วมมือระหว่างประเทศ","","https://www.dcce.go.th/datacenter/13845/","https://www.dcce.go.th/datacenter/13845/","Sitemap (DCCE Website)","ศูนย์ข้อมูลกลาง > งานจริยธรรม","ข้อมูลสาธารณะ","ไม่มีการปรับปรุง","","","ประเทศ","",""
"PUB-033","คนต้นแบบความดี","Knowledge Asset","สิ่งพิมพ์/เอกสารเผยแพร่ในศูนย์ข้อมูลกลาง หมวดงานจริยธรรม","Web Page","กองยุทธศาสตร์และความร่วมมือระหว่างประเทศ","","https://www.dcce.go.th/datacenter/5308/","https://www.dcce.go.th/datacenter/5308/","Sitemap (DCCE Website)","ศูนย์ข้อมูลกลาง > งานจริยธรรม","ข้อมูลสาธารณะ","ไม่มีการปรับปรุง","","","ประเทศ","",""
"PUB-034","ข้อมูลวิทยากรในโครงการ/กิจกรรม","Knowledge Asset","สิ่งพิมพ์/เอกสารเผยแพร่ในศูนย์ข้อมูลกลาง หมวดงานจริยธรรม","Web Page","กองยุทธศาสตร์และความร่วมมือระหว่างประเทศ","","https://www.dcce.go.th/datacenter/5303/","https://www.dcce.go.th/datacenter/5303/","Sitemap (DCCE Website)","ศูนย์ข้อมูลกลาง > งานจริยธรรม","ข้อมูลสาธารณะ","ไม่มีการปรับปรุง","","","ประเทศ","",""
"PUB-035","การนำจริยธรรมไปใช้ในกระบวนการบริหารทรัพยากรบุคคล","Knowledge Asset","สิ่งพิมพ์/เอกสารเผยแพร่ในศูนย์ข้อมูลกลาง หมวดงานจริยธรรม","Web Page","กองยุทธศาสตร์และความร่วมมือระหว่างประเทศ","","https://www.dcce.go.th/datacenter/5290/","https://www.dcce.go.th/datacenter/5290/","Sitemap (DCCE Website)","ศูนย์ข้อมูลกลาง > งานจริยธรรม","ข้อมูลสาธารณะ","ไม่มีการปรับปรุง","","","ประเทศ","",""
"PUB-036","แบบฟอร์มคำรับรองสำหรับคณะกรรมการ กรรมการจัดซื้อจัดจ้าง หัวหน้าเจ้าหน้าที่ เจ้าหน้าที่พัสดุ","Knowledge Asset","สิ่งพิมพ์/เอกสารเผยแพร่ในศูนย์ข้อมูลกลาง หมวดงานจริยธรรม","Web Page","กองยุทธศาสตร์และความร่วมมือระหว่างประเทศ","","https://www.dcce.go.th/datacenter/5217/","https://www.dcce.go.th/datacenter/5217/","Sitemap (DCCE Website)","ศูนย์ข้อมูลกลาง > งานจริยธรรม","ข้อมูลสาธารณะ","ไม่มีการปรับปรุง","","","ประเทศ","",""
"PUB-037","เครือข่ายภาครัฐต่อต้านการทุจริตภายในหน่วยงาน","Knowledge Asset","สิ่งพิมพ์/เอกสารเผยแพร่ในศูนย์ข้อมูลกลาง หมวดงานจริยธรรม","Web Page","กองยุทธศาสตร์และความร่วมมือระหว่างประเทศ","","https://www.dcce.go.th/datacenter/5015/","https://www.dcce.go.th/datacenter/5015/","Sitemap (DCCE Website)","ศูนย์ข้อมูลกลาง > งานจริยธรรม","ข้อมูลสาธารณะ","ไม่มีการปรับปรุง","","","ประเทศ","",""
"PUB-038","การประเมินความเสี่ยงการทุจริตภายในหน่วยงาน","Knowledge Asset","สิ่งพิมพ์/เอกสารเผยแพร่ในศูนย์ข้อมูลกลาง หมวดงานจริยธรรม","Web Page","กองยุทธศาสตร์และความร่วมมือระหว่างประเทศ","","https://www.dcce.go.th/datacenter/5003/","https://www.dcce.go.th/datacenter/5003/","Sitemap (DCCE Website)","ศูนย์ข้อมูลกลาง > งานจริยธรรม","ข้อมูลสาธารณะ","ไม่มีการปรับปรุง","","","ประเทศ","",""
"PUB-039","การไม่รับของขวัญและของกำนัล No Gift Policy","Knowledge Asset","สิ่งพิมพ์/เอกสารเผยแพร่ในศูนย์ข้อมูลกลาง หมวดงานจริยธรรม","Web Page","กองยุทธศาสตร์และความร่วมมือระหว่างประเทศ","","https://www.dcce.go.th/datacenter/4995/","https://www.dcce.go.th/datacenter/4995/","Sitemap (DCCE Website)","ศูนย์ข้อมูลกลาง > งานจริยธรรม","ข้อมูลสาธารณะ","ไม่มีการปรับปรุง","","","ประเทศ","",""
"PUB-040","ผลคะแนน/การดำเนินงานการประเมินองค์กรคุณธรรม","Knowledge Asset","สิ่งพิมพ์/เอกสารเผยแพร่ในศูนย์ข้อมูลกลาง หมวดงานจริยธรรม","Web Page","กองยุทธศาสตร์และความร่วมมือระหว่างประเทศ","","https://www.dcce.go.th/datacenter/4987/","https://www.dcce.go.th/datacenter/4987/","Sitemap (DCCE Website)","ศูนย์ข้อมูลกลาง > งานจริยธรรม","ข้อมูลสาธารณะ","ไม่มีการปรับปรุง","","","ประเทศ","",""
"PUB-041","ผลคะแนน/การวิเคราะห์ผลคะแนนการประเมินคุณธรรมและความโปร่งใสในการดำเนินงานของหน่วยงานภาครัฐ (ITA)","Knowledge Asset","สิ่งพิมพ์/เอกสารเผยแพร่ในศูนย์ข้อมูลกลาง หมวดงานจริยธรรม","Web Page","กองยุทธศาสตร์และความร่วมมือระหว่างประเทศ","","https://www.dcce.go.th/datacenter/4982/","https://www.dcce.go.th/datacenter/4982/","Sitemap (DCCE Website)","ศูนย์ข้อมูลกลาง > งานจริยธรรม","ข้อมูลสาธารณะ","ไม่มีการปรับปรุง","","","ประเทศ","",""
"PUB-042","หลักเกณฑ์การบริหารทรัพยากรบุคคล","Knowledge Asset","สิ่งพิมพ์/เอกสารเผยแพร่ในศูนย์ข้อมูลกลาง หมวดการบริหารและการพัฒนาทรัพยากรบุคคล","Web Page","กองยุทธศาสตร์และความร่วมมือระหว่างประเทศ","","https://www.dcce.go.th/datacenter/23119/","https://www.dcce.go.th/datacenter/23119/","Sitemap (DCCE Website)","ศูนย์ข้อมูลกลาง > การบริหารและการพัฒนาทรัพยากรบุคคล","ข้อมูลสาธารณะ","ไม่มีการปรับปรุง","","","ประเทศ","",""
"PUB-043","ผลงานทางวิชาการ","Knowledge Asset","สิ่งพิมพ์/เอกสารเผยแพร่ในศูนย์ข้อมูลกลาง หมวดการบริหารและการพัฒนาทรัพยากรบุคคล","Web Page","กองยุทธศาสตร์และความร่วมมือระหว่างประเทศ","","https://www.dcce.go.th/datacenter/5746/","https://www.dcce.go.th/datacenter/5746/","Sitemap (DCCE Website)","ศูนย์ข้อมูลกลาง > การบริหารและการพัฒนาทรัพยากรบุคคล","ข้อมูลสาธารณะ","ไม่มีการปรับปรุง","","","ประเทศ","",""
"PUB-044","การจัดการองค์ความรู้ (Knowledge Management : KM) กรมลดโลกร้อน","Knowledge Asset","สิ่งพิมพ์/เอกสารเผยแพร่ในศูนย์ข้อมูลกลาง หมวดการบริหารและการพัฒนาทรัพยากรบุคคล","Web Page","กองยุทธศาสตร์และความร่วมมือระหว่างประเทศ","","https://www.dcce.go.th/datacenter/22972/","https://www.dcce.go.th/datacenter/22972/","Sitemap (DCCE Website)","ศูนย์ข้อมูลกลาง > การบริหารและการพัฒนาทรัพยากรบุคคล","ข้อมูลสาธารณะ","ไม่มีการปรับปรุง","","","ประเทศ","",""
"PUB-045","กฎหมาย กฎ ระเบียบ เกี่ยวกับการบริหารทรัพยากรบุคคล","Knowledge Asset","สิ่งพิมพ์/เอกสารเผยแพร่ในศูนย์ข้อมูลกลาง หมวดการบริหารและการพัฒนาทรัพยากรบุคคล","Web Page","กองยุทธศาสตร์และความร่วมมือระหว่างประเทศ","","https://www.dcce.go.th/datacenter/22968/","https://www.dcce.go.th/datacenter/22968/","Sitemap (DCCE Website)","ศูนย์ข้อมูลกลาง > การบริหารและการพัฒนาทรัพยากรบุคคล","ข้อมูลสาธารณะ","ไม่มีการปรับปรุง","","","ประเทศ","",""
"PUB-046","แผนการบริหารและพัฒนาทรัพยากรบุคคล","Knowledge Asset","สิ่งพิมพ์/เอกสารเผยแพร่ในศูนย์ข้อมูลกลาง หมวดการบริหารและการพัฒนาทรัพยากรบุคคล","Document","กองยุทธศาสตร์และความร่วมมือระหว่างประเทศ","","https://www.dcce.go.th/datacenter/22941/","https://www.dcce.go.th/wp-content/uploads/2026/03/ประกาศกรม-career-path.pdf","Sitemap (DCCE Website)","ศูนย์ข้อมูลกลาง > การบริหารและการพัฒนาทรัพยากรบุคคล","ข้อมูลสาธารณะ","ไม่มีการปรับปรุง","","","ประเทศ","",""
"PUB-047","นโยบายการบริหารทรัพยากรบุคคล","Knowledge Asset","สิ่งพิมพ์/เอกสารเผยแพร่ในศูนย์ข้อมูลกลาง หมวดการบริหารและการพัฒนาทรัพยากรบุคคล","Web Page","กองยุทธศาสตร์และความร่วมมือระหว่างประเทศ","","https://www.dcce.go.th/datacenter/4620/","https://www.dcce.go.th/datacenter/4620/","Sitemap (DCCE Website)","ศูนย์ข้อมูลกลาง > การบริหารและการพัฒนาทรัพยากรบุคคล","ข้อมูลสาธารณะ","ไม่มีการปรับปรุง","","","ประเทศ","",""
"PUB-048","ข้อมูลโครงสร้าง การแบ่งส่วนราชการ และอัตรากำลัง","Knowledge Asset","สิ่งพิมพ์/เอกสารเผยแพร่ในศูนย์ข้อมูลกลาง หมวดการบริหารและการพัฒนาทรัพยากรบุคคล","Document","กองยุทธศาสตร์และความร่วมมือระหว่างประเทศ","","https://www.dcce.go.th/datacenter/4622/","https://www.dcce.go.th/wp-content/uploads/2025/04/ข้อมูลตำแหน่งและอัตรากำลัง-29-ก.พ.-2567.pdf","Sitemap (DCCE Website)","ศูนย์ข้อมูลกลาง > การบริหารและการพัฒนาทรัพยากรบุคคล","ข้อมูลสาธารณะ","ไม่มีการปรับปรุง","","","ประเทศ","",""
"PUB-049","ข่าวสารประชาสัมพันธ์","Knowledge Asset","สิ่งพิมพ์/เอกสารเผยแพร่ในศูนย์ข้อมูลกลาง หมวดการบริหารและการพัฒนาทรัพยากรบุคคล","Web Page","กองยุทธศาสตร์และความร่วมมือระหว่างประเทศ","","https://www.dcce.go.th/datacenter/4624/","https://www.dcce.go.th/datacenter/4624/","Sitemap (DCCE Website)","ศูนย์ข้อมูลกลาง > การบริหารและการพัฒนาทรัพยากรบุคคล","ข้อมูลสาธารณะ","ไม่มีการปรับปรุง","","","ประเทศ","",""
"PUB-050","งานบริหารทรัพยากรบุคคล","Knowledge Asset","สิ่งพิมพ์/เอกสารเผยแพร่ในศูนย์ข้อมูลกลาง หมวดการบริหารและการพัฒนาทรัพยากรบุคคล","Web Page","กองยุทธศาสตร์และความร่วมมือระหว่างประเทศ","","https://www.dcce.go.th/datacenter/4627/","https://www.dcce.go.th/datacenter/4627/","Sitemap (DCCE Website)","ศูนย์ข้อมูลกลาง > การบริหารและการพัฒนาทรัพยากรบุคคล","ข้อมูลสาธารณะ","ไม่มีการปรับปรุง","","","ประเทศ","",""
"PUB-051","บัญชีข้อมูล (Data Catalogue)","Knowledge Asset","สิ่งพิมพ์/เอกสารเผยแพร่ในศูนย์ข้อมูลกลาง หมวดข้อมูลเปิด (Open Data)","Web Page","กองยุทธศาสตร์และความร่วมมือระหว่างประเทศ","","https://www.dcce.go.th/datacenter/3427/","https://www.dcce.go.th/datacenter/3427/","Sitemap (DCCE Website)","ศูนย์ข้อมูลกลาง > ข้อมูลเปิด (Open Data)","ข้อมูลสาธารณะ","ไม่มีการปรับปรุง","","","ประเทศ","",""
"PUB-052","คู่มือแนวทางปฏิบัติการจัดทำธรรมาภิบาลข้อมูล (Data Governance User Manual)","Knowledge Asset","สิ่งพิมพ์/เอกสารเผยแพร่ในศูนย์ข้อมูลกลาง หมวดข้อมูลเปิด (Open Data)","Document","กองยุทธศาสตร์และความร่วมมือระหว่างประเทศ","","https://www.dcce.go.th/datacenter/22355/","https://www.dcce.go.th/wp-content/uploads/2026/05/คู่มือแนวทางปฏิบัติการจัดทำธรรมาภิบาลข้อมูล-Data-Governance-User-Manual.pdf","Sitemap (DCCE Website)","ศูนย์ข้อมูลกลาง > ข้อมูลเปิด (Open Data)","ข้อมูลสาธารณะ","ไม่มีการปรับปรุง","","","ประเทศ","",""
"PUB-053","การเปิดโอกาสให้เกิดการมีส่วนร่วม ปีงบประมาณ พ.ศ. 2569","Knowledge Asset","สิ่งพิมพ์/เอกสารเผยแพร่ในศูนย์ข้อมูลกลาง หมวดการเปิดโอกาสให้เกิดการมีส่วนร่วม","Web Page","กองยุทธศาสตร์และความร่วมมือระหว่างประเทศ","","https://www.dcce.go.th/datacenter/24905/","https://www.dcce.go.th/datacenter/24905/","Sitemap (DCCE Website)","ศูนย์ข้อมูลกลาง > การเปิดโอกาสให้เกิดการมีส่วนร่วม","ข้อมูลสาธารณะ","ไม่มีการปรับปรุง","","","ประเทศ","",""
"PUB-054","การเปิดโอกาสให้เกิดการมีส่วนร่วม ปีงบประมาณ พ.ศ. 2568","Knowledge Asset","สิ่งพิมพ์/เอกสารเผยแพร่ในศูนย์ข้อมูลกลาง หมวดการเปิดโอกาสให้เกิดการมีส่วนร่วม","Web Page","กองยุทธศาสตร์และความร่วมมือระหว่างประเทศ","","https://www.dcce.go.th/datacenter/5809/","https://www.dcce.go.th/datacenter/5809/","Sitemap (DCCE Website)","ศูนย์ข้อมูลกลาง > การเปิดโอกาสให้เกิดการมีส่วนร่วม","ข้อมูลสาธารณะ","ไม่มีการปรับปรุง","","","ประเทศ","",""
"PUB-055","การเปิดโอกาสให้เกิดการมีส่วนร่วม ปีงบประมาณ พ.ศ. 2567","Knowledge Asset","สิ่งพิมพ์/เอกสารเผยแพร่ในศูนย์ข้อมูลกลาง หมวดการเปิดโอกาสให้เกิดการมีส่วนร่วม","Web Page","กองยุทธศาสตร์และความร่วมมือระหว่างประเทศ","","https://www.dcce.go.th/datacenter/5798/","https://www.dcce.go.th/datacenter/5798/","Sitemap (DCCE Website)","ศูนย์ข้อมูลกลาง > การเปิดโอกาสให้เกิดการมีส่วนร่วม","ข้อมูลสาธารณะ","ไม่มีการปรับปรุง","","","ประเทศ","",""
"PUB-056","แนวทางการให้บริการ","Knowledge Asset","สิ่งพิมพ์/เอกสารเผยแพร่ในศูนย์ข้อมูลกลาง หมวดมาตรฐานการปฏิบัติราชการ","Web Page","กองยุทธศาสตร์และความร่วมมือระหว่างประเทศ","","https://www.dcce.go.th/datacenter/4736/","https://www.dcce.go.th/datacenter/4736/","Sitemap (DCCE Website)","ศูนย์ข้อมูลกลาง > มาตรฐานการปฏิบัติราชการ","ข้อมูลสาธารณะ","ไม่มีการปรับปรุง","","","ประเทศ","",""
"PUB-057","แนวทางการปฏิบัติงานของเจ้าหน้าที่","Knowledge Asset","สิ่งพิมพ์/เอกสารเผยแพร่ในศูนย์ข้อมูลกลาง หมวดมาตรฐานการปฏิบัติราชการ","Web Page","กองยุทธศาสตร์และความร่วมมือระหว่างประเทศ","","https://www.dcce.go.th/datacenter/4744/","https://www.dcce.go.th/datacenter/4744/","Sitemap (DCCE Website)","ศูนย์ข้อมูลกลาง > มาตรฐานการปฏิบัติราชการ","ข้อมูลสาธารณะ","ไม่มีการปรับปรุง","","","ประเทศ","",""
"MED-001","ซูเปอร์เอลนีโญกับการจัดการทรัพยากรธรรมชาติ ปกป้องระบบนิเวศไทย เพื่อสร้างภูมิคุ้มกันต่อวิกฤตภูมิอากาศ (สาขาการจัดการทรัพยากรธรรมชาติ)","Knowledge Asset","ชื่อเรื่อง: ซูเปอร์เอลนีโญกับการจัดการทรัพยากรธรรมชาติ ปกป้องระบบนิเวศไทย เพื่อสร้างภูมิคุ้มกันต่อวิกฤตภูมิอากาศ (สาขาการจัดการทรัพยากรธรรมชาติ) | ปีที่เผยแพร่: 1 กรกฎาคม 2026","E-book Reader","กลุ่มประชาสัมพันธ์และสื่อสารสิ่งแวดล้อม","","https://www.dcce.go.th/media/26324/","https://www.dcce.go.th/26321/","Sitemap (DCCE Website)","คลังสื่อสิ่งพิมพ์","ข้อมูลสาธารณะ","ไม่มีการปรับปรุง","","","ประเทศ","",""
"MED-002","ซูเปอร์เอลนีโญกับสุขภาพคนไทย ปกป้องชีวิตและกลุ่มเปราะบาง ท่ามกลางโลกที่ร้อนขึ้น (สาขาสาธารณสุข)","Knowledge Asset","ชื่อเรื่อง: ซูเปอร์เอลนีโญกับสุขภาพคนไทย ปกป้องชีวิตและกลุ่มเปราะบาง ท่ามกลางโลกที่ร้อนขึ้น (สาขาสาธารณสุข) | ปีที่เผยแพร่: 30 มิถุนายน 2026","E-book Reader","กลุ่มประชาสัมพันธ์และสื่อสารสิ่งแวดล้อม","","https://www.dcce.go.th/media/26317/","https://www.dcce.go.th/26314/","Sitemap (DCCE Website)","คลังสื่อสิ่งพิมพ์","ข้อมูลสาธารณะ","ไม่มีการปรับปรุง","","","ประเทศ","",""
"MED-003","ซูเปอร์เอลนีโญกับการท่องเที่ยวไทย สร้างความยืดหยุ่นให้แหล่งท่องเที่ยวไทย ท่ามกลางความท้าทายจากสภาพภูมิอากาศ (สาขาการท่องเที่ยว)","Knowledge Asset","ชื่อเรื่อง: ซูเปอร์เอลนีโญกับการท่องเที่ยวไทย สร้างความยืดหยุ่นให้แหล่งท่องเที่ยวไทย ท่ามกลางความท้าทายจากสภาพภูมิอากาศ (สาขาการท่องเที่ยว) | ปีที่เผยแพร่: 29 มิถุนายน 2026","E-book Reader","กลุ่มประชาสัมพันธ์และสื่อสารสิ่งแวดล้อม","","https://www.dcce.go.th/media/26081/","https://www.dcce.go.th/26079/","Sitemap (DCCE Website)","คลังสื่อสิ่งพิมพ์","ข้อมูลสาธารณะ","ไม่มีการปรับปรุง","","","ประเทศ","",""
"MED-004","ซูเปอร์เอลนีโญกับความมั่นคงด้านน้ำของประเทศไทย เมื่อ “น้ำ” กลายเป็นความเสี่ยงอันดับแรกที่ทุกภาคส่วนต้องร่วมรับมือ (การจัดการทรัพยากรน้ำ)","Knowledge Asset","ชื่อเรื่อง: ซูเปอร์เอลนีโญกับความมั่นคงด้านน้ำของประเทศไทย เมื่อ “น้ำ” กลายเป็นความเสี่ยงอันดับแรกที่ทุกภาคส่วนต้องร่วมรับมือ (การจัดการทรัพยากรน้ำ) | ปีที่เผยแพร่: 27 มิถุนายน 2026","E-book Reader","กลุ่มประชาสัมพันธ์และสื่อสารสิ่งแวดล้อม","","https://www.dcce.go.th/media/26076/","https://www.dcce.go.th/26073/","Sitemap (DCCE Website)","คลังสื่อสิ่งพิมพ์","ข้อมูลสาธารณะ","ไม่มีการปรับปรุง","","","ประเทศ","",""
"MED-005","แพลตฟอร์มหลักที่คนทำงาน ”ด้านการปรับตัวต่อการเปลี่ยนแปลงสภาพภูมิอากาศ” ต้องใช้ส่งข้อมูล","Knowledge Asset","ชื่อเรื่อง: แพลตฟอร์มหลักที่คนทำงาน ”ด้านการปรับตัวต่อการเปลี่ยนแปลงสภาพภูมิอากาศ” ต้องใช้ส่งข้อมูล | ปีที่เผยแพร่: 30 พฤษภาคม 2026","E-book Reader","กลุ่มประชาสัมพันธ์และสื่อสารสิ่งแวดล้อม","","https://www.dcce.go.th/media/25049/","https://www.dcce.go.th/25048/","Sitemap (DCCE Website)","คลังสื่อสิ่งพิมพ์","ข้อมูลสาธารณะ","ไม่มีการปรับปรุง","","","ประเทศ","",""
"MED-006","ส่งต่อความมั่นคง เปิดพิมพ์เขียวยกระดับคุณภาพชีวิตคนไทย จากบทเรียนพื้นที่ต้นแบบสู่การขับเคลื่อนระดับประเทศ","Knowledge Asset","ชื่อเรื่อง: ส่งต่อความมั่นคง เปิดพิมพ์เขียวยกระดับคุณภาพชีวิตคนไทย จากบทเรียนพื้นที่ต้นแบบสู่การขับเคลื่อนระดับประเทศ | ปีที่เผยแพร่: 29 พฤษภาคม 2026","E-book Reader","กลุ่มประชาสัมพันธ์และสื่อสารสิ่งแวดล้อม","","https://www.dcce.go.th/media/25046/","https://www.dcce.go.th/25038/","Sitemap (DCCE Website)","คลังสื่อสิ่งพิมพ์","ข้อมูลสาธารณะ","ไม่มีการปรับปรุง","","","ประเทศ","",""
"MED-007","จากเป้าหมายการปรับตัวระดับโลก...สู่การสร้างภูมิคุ้มกันในระดับพื้นที่","Knowledge Asset","ชื่อเรื่อง: จากเป้าหมายการปรับตัวระดับโลก...สู่การสร้างภูมิคุ้มกันในระดับพื้นที่ | ปีที่เผยแพร่: 28 พฤษภาคม 2026","E-book Reader","กลุ่มประชาสัมพันธ์และสื่อสารสิ่งแวดล้อม","","https://www.dcce.go.th/media/24143/","https://www.dcce.go.th/24142/","Sitemap (DCCE Website)","คลังสื่อสิ่งพิมพ์","ข้อมูลสาธารณะ","ไม่มีการปรับปรุง","","","ประเทศ","",""
"MED-008","ถอดรหัสความสำเร็จจากพื้นที่ต้นแบบทั้ง 6 สาขา ปัจจัยสู่ความเข้มแข็งและการปรับตัวอย่างยั่งยืน","Knowledge Asset","ชื่อเรื่อง: ถอดรหัสความสำเร็จจากพื้นที่ต้นแบบทั้ง 6 สาขา ปัจจัยสู่ความเข้มแข็งและการปรับตัวอย่างยั่งยืน | ปีที่เผยแพร่: 28 พฤษภาคม 2026","E-book Reader","กลุ่มประชาสัมพันธ์และสื่อสารสิ่งแวดล้อม","","https://www.dcce.go.th/media/24129/","https://www.dcce.go.th/24128/","Sitemap (DCCE Website)","คลังสื่อสิ่งพิมพ์","ข้อมูลสาธารณะ","ไม่มีการปรับปรุง","","","ประเทศ","",""
"MED-009","โครงการจัดทำระบบติดตามประเมินผลการปรับตัวต่อการเปลี่ยนแปลงสภาพภูมิอากาศถอดบทเรียน “พื้นที่ปฏิบัติที่ดี (Good Practices)” สาขาการตั้งถิ่นฐานและความมั่นคงของมนุษย์","Knowledge Asset","ชื่อเรื่อง: โครงการจัดทำระบบติดตามประเมินผลการปรับตัวต่อการเปลี่ยนแปลงสภาพภูมิอากาศถอดบทเรียน “พื้นที่ปฏิบัติที่ดี (Good Practices)” สาขาการตั้งถิ่นฐานและความมั่นคงของมนุษย์ | ปีที่เผยแพร่: 27 พฤษภาคม 2026","E-book Reader","กลุ่มประชาสัมพันธ์และสื่อสารสิ่งแวดล้อม","","https://www.dcce.go.th/media/24014/","https://www.dcce.go.th/24013/","Sitemap (DCCE Website)","คลังสื่อสิ่งพิมพ์","ข้อมูลสาธารณะ","ไม่มีการปรับปรุง","","","ประเทศ","",""
"MED-010","โครงการจัดทำระบบติดตามประเมินผลการปรับตัวต่อการเปลี่ยนแปลงสภาพภูมิอากาศถอดบทเรียน “พื้นที่ปฏิบัติที่ดี (Good Practices)” สาขาทรัพยากรธรรมชาติ","Knowledge Asset","ชื่อเรื่อง: โครงการจัดทำระบบติดตามประเมินผลการปรับตัวต่อการเปลี่ยนแปลงสภาพภูมิอากาศถอดบทเรียน “พื้นที่ปฏิบัติที่ดี (Good Practices)” สาขาทรัพยากรธรรมชาติ | ปีที่เผยแพร่: 26 พฤษภาคม 2026","E-book Reader","กลุ่มประชาสัมพันธ์และสื่อสารสิ่งแวดล้อม","","https://www.dcce.go.th/media/24004/","https://www.dcce.go.th/24003/","Sitemap (DCCE Website)","คลังสื่อสิ่งพิมพ์","ข้อมูลสาธารณะ","ไม่มีการปรับปรุง","","","ประเทศ","",""
"MED-011","โครงการจัดทำระบบติดตามประเมินผลการปรับตัวต่อการเปลี่ยนแปลงสภาพภูมิอากาศถอดบทเรียน “พื้นที่ปฏิบัติที่ดี (Good Practices)” สาขาสาธารณสุข","Knowledge Asset","ชื่อเรื่อง: โครงการจัดทำระบบติดตามประเมินผลการปรับตัวต่อการเปลี่ยนแปลงสภาพภูมิอากาศถอดบทเรียน “พื้นที่ปฏิบัติที่ดี (Good Practices)” สาขาสาธารณสุข | ปีที่เผยแพร่: 25 พฤษภาคม 2026","E-book Reader","กลุ่มประชาสัมพันธ์และสื่อสารสิ่งแวดล้อม","","https://www.dcce.go.th/media/23996/","https://www.dcce.go.th/23995/","Sitemap (DCCE Website)","คลังสื่อสิ่งพิมพ์","ข้อมูลสาธารณะ","ไม่มีการปรับปรุง","","","ประเทศ","",""
"MED-012","โครงการจัดทำระบบติดตามประเมินผลการปรับตัวต่อการเปลี่ยนแปลงสภาพภูมิอากาศถอดบทเรียน “พื้นที่ปฏิบัติที่ดี (Good Practices)” สาขาการท่องเที่ยว","Knowledge Asset","ชื่อเรื่อง: โครงการจัดทำระบบติดตามประเมินผลการปรับตัวต่อการเปลี่ยนแปลงสภาพภูมิอากาศถอดบทเรียน “พื้นที่ปฏิบัติที่ดี (Good Practices)” สาขาการท่องเที่ยว | ปีที่เผยแพร่: 24 พฤษภาคม 2026","E-book Reader","กลุ่มประชาสัมพันธ์และสื่อสารสิ่งแวดล้อม","","https://www.dcce.go.th/media/23983/","https://www.dcce.go.th/23982/","Sitemap (DCCE Website)","คลังสื่อสิ่งพิมพ์","ข้อมูลสาธารณะ","ไม่มีการปรับปรุง","","","ประเทศ","",""
"MED-013","โครงการจัดทำระบบติดตามประเมินผลการปรับตัวต่อการเปลี่ยนแปลงสภาพภูมิอากาศ ถอดบทเรียน “พื้นที่ปฏิบัติที่ดี (Good Practices)” สาขาการเกษตรและความมั่นคงอาหาร","Knowledge Asset","ชื่อเรื่อง: โครงการจัดทำระบบติดตามประเมินผลการปรับตัวต่อการเปลี่ยนแปลงสภาพภูมิอากาศ ถอดบทเรียน “พื้นที่ปฏิบัติที่ดี (Good Practices)” สาขาการเกษตรและความมั่นคงอาหาร | ปีที่เผยแพร่: 23 พฤษภาคม 2026","E-book Reader","กลุ่มประชาสัมพันธ์และสื่อสารสิ่งแวดล้อม","","https://www.dcce.go.th/media/23975/","https://www.dcce.go.th/23974/","Sitemap (DCCE Website)","คลังสื่อสิ่งพิมพ์","ข้อมูลสาธารณะ","ไม่มีการปรับปรุง","","","ประเทศ","",""
"MED-014","โครงการจัดทำระบบติดตามประเมินผลการปรับตัวต่อการเปลี่ยนแปลงสภาพภูมิอากาศถอดบทเรียน “พื้นที่ปฏิบัติที่ดี (Good Practices)” สาขาการจัดการทรัพยากรน้ำ","Knowledge Asset","ชื่อเรื่อง: โครงการจัดทำระบบติดตามประเมินผลการปรับตัวต่อการเปลี่ยนแปลงสภาพภูมิอากาศถอดบทเรียน “พื้นที่ปฏิบัติที่ดี (Good Practices)” สาขาการจัดการทรัพยากรน้ำ | ปีที่เผยแพร่: 22 พฤษภาคม 2026","E-book Reader","กลุ่มประชาสัมพันธ์และสื่อสารสิ่งแวดล้อม","","https://www.dcce.go.th/media/23827/","https://www.dcce.go.th/23826/","Sitemap (DCCE Website)","คลังสื่อสิ่งพิมพ์","ข้อมูลสาธารณะ","ไม่มีการปรับปรุง","","","ประเทศ","",""
"MED-015","การวิเคราะห์ความเปราะบางและขีดความสามารถในการปรับตัว (Measuring Vulnerability &amp; Adaptive Capacity)","Knowledge Asset","ชื่อเรื่อง: การวิเคราะห์ความเปราะบางและขีดความสามารถในการปรับตัว (Measuring Vulnerability &amp; Adaptive Capacity) | ปีที่เผยแพร่: 21 พฤษภาคม 2026","E-book Reader","กลุ่มประชาสัมพันธ์และสื่อสารสิ่งแวดล้อม","","https://www.dcce.go.th/media/23820/","https://www.dcce.go.th/23819/","Sitemap (DCCE Website)","คลังสื่อสิ่งพิมพ์","ข้อมูลสาธารณะ","ไม่มีการปรับปรุง","","","ประเทศ","",""
"MED-016","เริ่มอย่างไรกับแนวทางการทำระบบติดตามประเมินผล (Monitoring &amp; Evaluation; M&amp;E)","Knowledge Asset","ชื่อเรื่อง: เริ่มอย่างไรกับแนวทางการทำระบบติดตามประเมินผล (Monitoring &amp; Evaluation; M&amp;E) | ปีที่เผยแพร่: 20 พฤษภาคม 2026","E-book Reader","กลุ่มประชาสัมพันธ์และสื่อสารสิ่งแวดล้อม","","https://www.dcce.go.th/media/23799/","https://www.dcce.go.th/23800/","Sitemap (DCCE Website)","คลังสื่อสิ่งพิมพ์","ข้อมูลสาธารณะ","ไม่มีการปรับปรุง","","","ประเทศ","",""
"MED-017","ก้าวสำคัญของการรับมือโลกร้อน “โครงการจัดทำระบบติดตามประเมินผลการปรับตัวต่อการเปลี่ยนแปลงสภาพภูมิอากาศ”","Knowledge Asset","ชื่อเรื่อง: ก้าวสำคัญของการรับมือโลกร้อน “โครงการจัดทำระบบติดตามประเมินผลการปรับตัวต่อการเปลี่ยนแปลงสภาพภูมิอากาศ” | ปีที่เผยแพร่: 19 พฤษภาคม 2026","E-book Reader","กลุ่มประชาสัมพันธ์และสื่อสารสิ่งแวดล้อม","","https://www.dcce.go.th/media/23792/","https://www.dcce.go.th/23793/","Sitemap (DCCE Website)","คลังสื่อสิ่งพิมพ์","ข้อมูลสาธารณะ","ไม่มีการปรับปรุง","","","ประเทศ","",""
"MED-018","มีระบบติดตามประเมินผลแล้วดีอย่างไร","Knowledge Asset","ชื่อเรื่อง: มีระบบติดตามประเมินผลแล้วดีอย่างไร | ปีที่เผยแพร่: 18 พฤษภาคม 2026","E-book Reader","กลุ่มประชาสัมพันธ์และสื่อสารสิ่งแวดล้อม","","https://www.dcce.go.th/media/23778/","https://www.dcce.go.th/23777/","Sitemap (DCCE Website)","คลังสื่อสิ่งพิมพ์","ข้อมูลสาธารณะ","ไม่มีการปรับปรุง","","","ประเทศ","",""
"MED-019","ระบบ M&amp;E เครื่องมือวัดความรอดในยุคโลกรวน กรณีศึกษาระบบติดตามประเมินผลของต่างประเทศ","Knowledge Asset","ชื่อเรื่อง: ระบบ M&amp;E เครื่องมือวัดความรอดในยุคโลกรวน กรณีศึกษาระบบติดตามประเมินผลของต่างประเทศ | ปีที่เผยแพร่: 17 พฤษภาคม 2026","E-book Reader","กลุ่มประชาสัมพันธ์และสื่อสารสิ่งแวดล้อม","","https://www.dcce.go.th/media/23769/","https://www.dcce.go.th/23768/","Sitemap (DCCE Website)","คลังสื่อสิ่งพิมพ์","ข้อมูลสาธารณะ","ไม่มีการปรับปรุง","","","ประเทศ","",""
"MED-020","Maladaptation Monitoring ติดตาม “ผลข้างเคียง” ยังไง ไม่ให้แผนพังกลางคัน","Knowledge Asset","ชื่อเรื่อง: Maladaptation Monitoring ติดตาม “ผลข้างเคียง” ยังไง ไม่ให้แผนพังกลางคัน | ปีที่เผยแพร่: 16 พฤษภาคม 2026","E-book Reader","กลุ่มประชาสัมพันธ์และสื่อสารสิ่งแวดล้อม","","https://www.dcce.go.th/media/23751/","https://www.dcce.go.th/23750/","Sitemap (DCCE Website)","คลังสื่อสิ่งพิมพ์","ข้อมูลสาธารณะ","ไม่มีการปรับปรุง","","","ประเทศ","",""
"MED-021","Monitoring Evaluation Research and Learning (MERL) Cycle วงจรที่จะทำให้การปรับตัวของคุณไม่มีวันหลงทาง","Knowledge Asset","ชื่อเรื่อง: Monitoring Evaluation Research and Learning (MERL) Cycle วงจรที่จะทำให้การปรับตัวของคุณไม่มีวันหลงทาง | ปีที่เผยแพร่: 25 พฤษภาคม 2026","E-book Reader","กลุ่มประชาสัมพันธ์และสื่อสารสิ่งแวดล้อม","","https://www.dcce.go.th/media/23736/","https://www.dcce.go.th/23735/","Sitemap (DCCE Website)","คลังสื่อสิ่งพิมพ์","ข้อมูลสาธารณะ","ไม่มีการปรับปรุง","","","ประเทศ","",""
"MED-022","จาก Monitoring &amp; Evaluation (M&amp;E) สู่ Monitoring, Evaluation, Research and Learning (MERL)","Knowledge Asset","ชื่อเรื่อง: จาก Monitoring &amp; Evaluation (M&amp;E) สู่ Monitoring, Evaluation, Research and Learning (MERL) | ปีที่เผยแพร่: 14 พฤษภาคม 2026","E-book Reader","กลุ่มประชาสัมพันธ์และสื่อสารสิ่งแวดล้อม","","https://www.dcce.go.th/media/23728/","https://www.dcce.go.th/23727/","Sitemap (DCCE Website)","คลังสื่อสิ่งพิมพ์","ข้อมูลสาธารณะ","ไม่มีการปรับปรุง","","","ประเทศ","",""
"MED-023","ตัวชี้วัดแบบ SMART: คม ชัด วัดผลได้จริง","Knowledge Asset","ชื่อเรื่อง: ตัวชี้วัดแบบ SMART: คม ชัด วัดผลได้จริง | ปีที่เผยแพร่: 13 พฤษภาคม 2026","E-book Reader","กลุ่มประชาสัมพันธ์และสื่อสารสิ่งแวดล้อม","","https://www.dcce.go.th/media/23717/","https://www.dcce.go.th/23716/","Sitemap (DCCE Website)","คลังสื่อสิ่งพิมพ์","ข้อมูลสาธารณะ","ไม่มีการปรับปรุง","","","ประเทศ","",""
"MED-024","Global Goal on Adaptation (GGA) Indicator กับการปรับตัวของไทย","Knowledge Asset","ชื่อเรื่อง: Global Goal on Adaptation (GGA) Indicator กับการปรับตัวของไทย | ปีที่เผยแพร่: 12 พฤษภาคม 2026","E-book Reader","กลุ่มประชาสัมพันธ์และสื่อสารสิ่งแวดล้อม","","https://www.dcce.go.th/media/23705/","https://www.dcce.go.th/23704/","Sitemap (DCCE Website)","คลังสื่อสิ่งพิมพ์","ข้อมูลสาธารณะ","ไม่มีการปรับปรุง","","","ประเทศ","",""
"MED-025","แผนการปรับตัวต่อการเปลี่ยนแปลงสภาพภูมิอากาศแห่งชาติ  (National Adaptation Plan: NAP)","Knowledge Asset","ชื่อเรื่อง: แผนการปรับตัวต่อการเปลี่ยนแปลงสภาพภูมิอากาศแห่งชาติ (National Adaptation Plan: NAP) | ปีที่เผยแพร่: 11 พฤษภาคม 2026","E-book Reader","กลุ่มประชาสัมพันธ์และสื่อสารสิ่งแวดล้อม","","https://www.dcce.go.th/media/23703/","https://www.dcce.go.th/23694/","Sitemap (DCCE Website)","คลังสื่อสิ่งพิมพ์","ข้อมูลสาธารณะ","ไม่มีการปรับปรุง","","","ประเทศ","",""
"MED-026","คู่มือแนวทางปฏิบัติการจัดทำธรรมาภิบาลข้อมูล (Data Governance User Manual)","Knowledge Asset","ชื่อเรื่อง: คู่มือแนวทางปฏิบัติการจัดทำธรรมาภิบาลข้อมูล (Data Governance User Manual) | ปีที่เผยแพร่: พฤษภาคม 2567","E-book Reader","กลุ่มประชาสัมพันธ์และสื่อสารสิ่งแวดล้อม","","https://www.dcce.go.th/media/22369/","https://www.dcce.go.th/media/22369/?download_file=1&file_id=22358","Sitemap (DCCE Website)","คลังสื่อสิ่งพิมพ์","ข้อมูลสาธารณะ","ไม่มีการปรับปรุง","","","ประเทศ","",""
"MED-027","“ความร้อน” ภัยเงียบในยุคโลกเดือด","Knowledge Asset","วารสาร: การปรับตัวต่อการเปลี่ยนแปลงสภาพภูมิอากาศและสิ่งแวดล้อม | ชื่อเรื่อง: “ความร้อน” ภัยเงียบในยุคโลกเดือด | ปีที่เผยแพร่: เมษายน 2026","E-book Reader","กลุ่มประชาสัมพันธ์และสื่อสารสิ่งแวดล้อม","","https://www.dcce.go.th/media/22854/","https://www.dcce.go.th/datacenter/22829/","Sitemap (DCCE Website)","คลังสื่อสิ่งพิมพ์","ข้อมูลสาธารณะ","ไม่มีการปรับปรุง","","","ประเทศ","",""
"MED-028","ฟาร์มสุกรในยุคโลกเดือด : กับการปรับตัวของผู้ประกอบการรายย่อย","Knowledge Asset","วารสาร: การปรับตัวต่อการเปลี่ยนแปลงสภาพภูมิอากาศและสิ่งแวดล้อม | ชื่อเรื่อง: ฟาร์มสุกรในยุคโลกเดือด : กับการปรับตัวของผู้ประกอบการรายย่อย | ปีที่เผยแพร่: มีนาคม 2026","E-book Reader","กลุ่มประชาสัมพันธ์และสื่อสารสิ่งแวดล้อม","","https://www.dcce.go.th/media/22853/","https://www.dcce.go.th/datacenter/22826/","Sitemap (DCCE Website)","คลังสื่อสิ่งพิมพ์","ข้อมูลสาธารณะ","ไม่มีการปรับปรุง","","","ประเทศ","",""
"MED-029","การปรับตัวของการท่องเที่ยวท่ามกลางวิกฤตภูมิอากาศ : บทเรียนจากเกรตแบร์ริเออร์รีฟสู่ทะเลไทย","Knowledge Asset","วารสาร: การปรับตัวต่อการเปลี่ยนแปลงสภาพภูมิอากาศและสิ่งแวดล้อม | ชื่อเรื่อง: การปรับตัวของการท่องเที่ยวท่ามกลางวิกฤตภูมิอากาศ : บทเรียนจากเกรตแบร์ริเออร์รีฟสู่ทะเลไทย | ปีที่เผยแพร่: กุมภาพันธ์ 2026","E-book Reader","กลุ่มประชาสัมพันธ์และสื่อสารสิ่งแวดล้อม","","https://www.dcce.go.th/media/22852/","https://www.dcce.go.th/datacenter/22823/","Sitemap (DCCE Website)","คลังสื่อสิ่งพิมพ์","ข้อมูลสาธารณะ","ไม่มีการปรับปรุง","","","ประเทศ","",""
"MED-030","แม่น้ำบนท้องฟ้า : ปรากฏการณ์ Atmospheric River กับการปรับตัวด้านน้ำยุคโลกร้อน","Knowledge Asset","วารสาร: การปรับตัวต่อการเปลี่ยนแปลงสภาพภูมิอากาศและสิ่งแวดล้อม | ชื่อเรื่อง: แม่น้ำบนท้องฟ้า : ปรากฏการณ์ Atmospheric River กับการปรับตัวด้านน้ำยุคโลกร้อน | ปีที่เผยแพร่: มกราคม 2026","E-book Reader","กลุ่มประชาสัมพันธ์และสื่อสารสิ่งแวดล้อม","","https://www.dcce.go.th/media/22851/","https://www.dcce.go.th/datacenter/22820/","Sitemap (DCCE Website)","คลังสื่อสิ่งพิมพ์","ข้อมูลสาธารณะ","ไม่มีการปรับปรุง","","","ประเทศ","",""
"MED-031","สีขาว ช่วยลดความร้อนในภาวะโลกเดือด ได้จริงหรือ","Knowledge Asset","วารสาร: การปรับตัวต่อการเปลี่ยนแปลงสภาพภูมิอากาศและสิ่งแวดล้อม | ชื่อเรื่อง: สีขาว ช่วยลดความร้อนในภาวะโลกเดือด ได้จริงหรือ | ปีที่เผยแพร่: ธันวาคม 2025","E-book Reader","กลุ่มประชาสัมพันธ์และสื่อสารสิ่งแวดล้อม","","https://www.dcce.go.th/media/22850/","https://www.dcce.go.th/datacenter/22815/","Sitemap (DCCE Website)","คลังสื่อสิ่งพิมพ์","ข้อมูลสาธารณะ","ไม่มีการปรับปรุง","","","ประเทศ","",""
"MED-032","ปลูกป่าเชิงรุก “ป่าครอบครัว” คุณเท่านั้นที่เปลี่ยนโลกได้","Knowledge Asset","วารสาร: การปรับตัวต่อการเปลี่ยนแปลงสภาพภูมิอากาศและสิ่งแวดล้อม | ชื่อเรื่อง: ปลูกป่าเชิงรุก “ป่าครอบครัว” คุณเท่านั้นที่เปลี่ยนโลกได้ | ปีที่เผยแพร่: พฤศจิกายน 2025","E-book Reader","กลุ่มประชาสัมพันธ์และสื่อสารสิ่งแวดล้อม","","https://www.dcce.go.th/media/22843/","https://www.dcce.go.th/datacenter/22803/","Sitemap (DCCE Website)","คลังสื่อสิ่งพิมพ์","ข้อมูลสาธารณะ","ไม่มีการปรับปรุง","","","ประเทศ","",""
"MED-033","เกษตรบนเส้นทางเปราะบางต่อภูมิอากาศ : บังกลาเทศการปรับตัวเพื่อความมั่นคงทางอาหาร","Knowledge Asset","วารสาร: การปรับตัวต่อการเปลี่ยนแปลงสภาพภูมิอากาศและสิ่งแวดล้อม | ชื่อเรื่อง: เกษตรบนเส้นทางเปราะบางต่อภูมิอากาศ : บังกลาเทศการปรับตัวเพื่อความมั่นคงทางอาหาร | ปีที่เผยแพร่: สิงหาคม 2568","E-book Reader","กลุ่มประชาสัมพันธ์และสื่อสารสิ่งแวดล้อม","","https://www.dcce.go.th/media/22841/","https://www.dcce.go.th/datacenter/22800/","Sitemap (DCCE Website)","คลังสื่อสิ่งพิมพ์","ข้อมูลสาธารณะ","ไม่มีการปรับปรุง","","","ประเทศ","",""
"MED-034","ป่าชุมชน ทางรอดจากโลกเดือด","Knowledge Asset","วารสาร: การปรับตัวต่อการเปลี่ยนแปลงสภาพภูมิอากาศและสิ่งแวดล้อม | ชื่อเรื่อง: ป่าชุมชน ทางรอดจากโลกเดือด | ปีที่เผยแพร่: กรกฎาคม 2568","E-book Reader","กลุ่มประชาสัมพันธ์และสื่อสารสิ่งแวดล้อม","","https://www.dcce.go.th/media/22840/","https://www.dcce.go.th/datacenter/22797/","Sitemap (DCCE Website)","คลังสื่อสิ่งพิมพ์","ข้อมูลสาธารณะ","ไม่มีการปรับปรุง","","","ประเทศ","",""
"MED-035","Glow Up : คืนชีวิตให้ไนท์ไลฟ์ในโลกที่เปลี่ยนไป","Knowledge Asset","วารสาร: การปรับตัวต่อการเปลี่ยนแปลงสภาพภูมิอากาศและสิ่งแวดล้อม | ชื่อเรื่อง: Glow Up : คืนชีวิตให้ไนท์ไลฟ์ในโลกที่เปลี่ยนไป | ปีที่เผยแพร่: มิถุนายน 2568","E-book Reader","กลุ่มประชาสัมพันธ์และสื่อสารสิ่งแวดล้อม","","https://www.dcce.go.th/media/22839/","https://www.dcce.go.th/datacenter/22794/","Sitemap (DCCE Website)","คลังสื่อสิ่งพิมพ์","ข้อมูลสาธารณะ","ไม่มีการปรับปรุง","","","ประเทศ","",""
"MED-036","สายน้ำเปลี่ยน เมืองต้องเปลี่ยน : สทิงพระบนแนวหน้าวิกฤติภูมิอากาศ","Knowledge Asset","วารสาร: การปรับตัวต่อการเปลี่ยนแปลงสภาพภูมิอากาศและสิ่งแวดล้อม | ชื่อเรื่อง: สายน้ำเปลี่ยน เมืองต้องเปลี่ยน : สทิงพระบนแนวหน้าวิกฤติภูมิอากาศ | ปีที่เผยแพร่: พฤษภาคม 2568","E-book Reader","กลุ่มประชาสัมพันธ์และสื่อสารสิ่งแวดล้อม","","https://www.dcce.go.th/media/22838/","https://www.dcce.go.th/datacenter/22791/","Sitemap (DCCE Website)","คลังสื่อสิ่งพิมพ์","ข้อมูลสาธารณะ","ไม่มีการปรับปรุง","","","ประเทศ","",""
"MED-037","พลิกผืนดินอีสาน ยโสธรสร้าง “เมืองเกษตรอินทรีย์” ต้นแบบรับมือโลกร้อน","Knowledge Asset","วารสาร: การปรับตัวต่อการเปลี่ยนแปลงสภาพภูมิอากาศและสิ่งแวดล้อม | ชื่อเรื่อง: พลิกผืนดินอีสาน ยโสธรสร้าง “เมืองเกษตรอินทรีย์” ต้นแบบรับมือโลกร้อน | ปีที่เผยแพร่: เมษายน 2568","E-book Reader","กลุ่มประชาสัมพันธ์และสื่อสารสิ่งแวดล้อม","","https://www.dcce.go.th/media/22832/","https://www.dcce.go.th/datacenter/22788/","Sitemap (DCCE Website)","คลังสื่อสิ่งพิมพ์","ข้อมูลสาธารณะ","ไม่มีการปรับปรุง","","","ประเทศ","",""
"MED-038","ป่าชายเลน : เกราะป้องกันธรรมชาติจากภาวะโลกรวน","Knowledge Asset","วารสาร: การปรับตัวต่อการเปลี่ยนแปลงสภาพภูมิอากาศ | ชื่อเรื่อง: ป่าชายเลน : เกราะป้องกันธรรมชาติจากภาวะโลกรวน | ปีที่เผยแพร่: มีนาคม 2568","E-book Reader","กลุ่มประชาสัมพันธ์และสื่อสารสิ่งแวดล้อม","","https://www.dcce.go.th/media/6500/","https://www.dcce.go.th/datacenter/22784/","Sitemap (DCCE Website)","คลังสื่อสิ่งพิมพ์","ข้อมูลสาธารณะ","ไม่มีการปรับปรุง","","","ประเทศ","",""
"MED-039","ยกระดับการปรับตัวอุตสาหกรรมท่องเที่ยว ทางรอดจากวิกฤตภัยแล้ง","Knowledge Asset","วารสาร: การปรับตัวต่อการเปลี่ยนแปลงสภาพภูมิอากาศ | ชื่อเรื่อง: ยกระดับการปรับตัวอุตสาหกรรมท่องเที่ยว ทางรอดจากวิกฤตภัยแล้ง | ปีที่เผยแพร่: กุมภาพันธ์ 2568","E-book Reader","กลุ่มประชาสัมพันธ์และสื่อสารสิ่งแวดล้อม","","https://www.dcce.go.th/media/6493/","https://www.dcce.go.th/datacenter/22781/","Sitemap (DCCE Website)","คลังสื่อสิ่งพิมพ์","ข้อมูลสาธารณะ","ไม่มีการปรับปรุง","","","ประเทศ","",""
"MED-040","ท่องเที่ยวไทยพร้อมสู้วิกฤตโลกร้อน","Knowledge Asset","วารสาร: การปรับตัวต่อการเปลี่ยนแปลงสภาพภูมิอากาศ | ชื่อเรื่อง: ท่องเที่ยวไทยพร้อมสู้วิกฤตโลกร้อน | ปีที่เผยแพร่: มกราคม 2568","E-book Reader","กลุ่มประชาสัมพันธ์และสื่อสารสิ่งแวดล้อม","","https://www.dcce.go.th/media/6487/","https://www.dcce.go.th/datacenter/22779/","Sitemap (DCCE Website)","คลังสื่อสิ่งพิมพ์","ข้อมูลสาธารณะ","ไม่มีการปรับปรุง","","","ประเทศ","",""
"MED-041","เกษตรต้องขยับ ปรับตัวให้ทันต่อสถานการณ์ Climate Change","Knowledge Asset","วารสาร: การปรับตัวต่อการเปลี่ยนแปลงสภาพภูมิอากาศ | ชื่อเรื่อง: เกษตรต้องขยับ ปรับตัวให้ทันต่อสถานการณ์ Climate Change | ปีที่เผยแพร่: ธันวาคม 2567","E-book Reader","กลุ่มประชาสัมพันธ์และสื่อสารสิ่งแวดล้อม","","https://www.dcce.go.th/media/6470/","https://www.dcce.go.th/datacenter/22776/","Sitemap (DCCE Website)","คลังสื่อสิ่งพิมพ์","ข้อมูลสาธารณะ","ไม่มีการปรับปรุง","","","ประเทศ","",""
"MED-042","แนวทางการแก้ปัญหาโดยอาศัยธรรมชาติเป็นฐาน (NbS) : Nature-Based Solutions","Knowledge Asset","วารสาร: การปรับตัวต่อการเปลี่ยนแปลงสภาพภูมิอากาศ | ชื่อเรื่อง: แนวทางการแก้ปัญหาโดยอาศัยธรรมชาติเป็นฐาน (NbS) : Nature-Based Solutions | ปีที่เผยแพร่: พฤศจิกายน 2567","E-book Reader","กลุ่มประชาสัมพันธ์และสื่อสารสิ่งแวดล้อม","","https://www.dcce.go.th/media/6463/","https://www.dcce.go.th/datacenter/22774/","Sitemap (DCCE Website)","คลังสื่อสิ่งพิมพ์","ข้อมูลสาธารณะ","ไม่มีการปรับปรุง","","","ประเทศ","",""
"MED-043","ถอดบทเรียนจากน้ำท่วมแม่สายสู่แนวทางฟื้นฟูและปรับตัวเพื่อการเปลี่ยนแปลงอย่างยั่งยืน","Knowledge Asset","วารสาร: การปรับตัวต่อการเปลี่ยนแปลงสภาพภูมิอากาศ | ชื่อเรื่อง: ถอดบทเรียนจากน้ำท่วมแม่สายสู่แนวทางฟื้นฟูและปรับตัวเพื่อการเปลี่ยนแปลงอย่างยั่งยืน | ปีที่เผยแพร่: ตุลาคม 2567","E-book Reader","กลุ่มประชาสัมพันธ์และสื่อสารสิ่งแวดล้อม","","https://www.dcce.go.th/media/6458/","https://www.dcce.go.th/datacenter/22760/","Sitemap (DCCE Website)","คลังสื่อสิ่งพิมพ์","ข้อมูลสาธารณะ","ไม่มีการปรับปรุง","","","ประเทศ","",""
"MED-044","คู่มือการปรับตัวต่อการเปลี่ยนแปลงสภาพภูมิอากาศ (สำหรับประชาชน)","Knowledge Asset","Department of Climate Change and Environment ติดต่อ จันทร์-ศุกร์ เวลา 08.30 – 16.30 น.","E-book Reader","กลุ่มประชาสัมพันธ์และสื่อสารสิ่งแวดล้อม","","https://www.dcce.go.th/media/21975/","https://www.dcce.go.th/media/21975/?download_file=1&file_id=21977","Sitemap (DCCE Website)","คลังสื่อสิ่งพิมพ์","ข้อมูลสาธารณะ","ไม่มีการปรับปรุง","","","ประเทศ","",""
"MED-045","Thailand Climate Tech Startup Handbook – ฉบับภาษาไทย","Knowledge Asset","Department of Climate Change and Environment ติดต่อ จันทร์-ศุกร์ เวลา 08.30 – 16.30 น.","E-book Reader","กลุ่มประชาสัมพันธ์และสื่อสารสิ่งแวดล้อม","","https://www.dcce.go.th/media/4214/","https://www.dcce.go.th/media/4214/?download_file=1&file_id=21409","Sitemap (DCCE Website)","คลังสื่อสิ่งพิมพ์","ข้อมูลสาธารณะ","ไม่มีการปรับปรุง","","","ประเทศ","",""
"MED-046","รายงานประจำปี 2568 กรมการเปลี่ยนแปลงสภาพภูมิอากาศและสิ่งแวดล้อม","Knowledge Asset","ผู้แต่ง: กรมการเปลี่ยนแปลงสภาพภูมิอากาศและสิ่งแวดล้อม | เดือน-ปี ที่เผยแพร่: เมษายน 2026 | หน่วยงานเจ้าของสื่อ: สำนักงานเลขานุการกรม","Web Page","กลุ่มประชาสัมพันธ์และสื่อสารสิ่งแวดล้อม","","https://www.dcce.go.th/media/21267/","","Sitemap (DCCE Website)","คลังสื่อสิ่งพิมพ์","ข้อมูลสาธารณะ","ไม่มีการปรับปรุง","","","ประเทศ","",""
"MED-047","ปล่อยก๊าซเรือนกระจกก็มีราคาที่ต้องจ่าย! สรุปชัด &#8220;ETS&#8221; และ &#8220;ภาษีคาร์บอน&#8221; เครื่องมือคู่ใจสู้โลกร้อน ต่างกันยังไง?","Knowledge Asset","รายละเอียด: ""ราคาคาร์บอน"" คือเครื่องมือที่ทำให้การทำลายสิ่งแวดล้อมมีต้นทุน เพื่อเปลี่ยนจาก ""การปล่อยมลพิษ"" มาเป็น ""การรักษ์โลก"" แทน 🌱 📌 Cap-and-Trade (ETS): เหมือน ""โควตาคาร์บอน"" ใครประหยัดเก่งจนเหลือสิทธิ เอาไปขายเป็นเงินได้! เน้นคุมปริมาณการปล่อยไม่ให้เกินเกณฑ์ 📌 Carbon Tax: เหมือน ""ภาษีสิ่งแวด","E-book Reader","กลุ่มประชาสัมพันธ์และสื่อสารสิ่งแวดล้อม","","https://www.dcce.go.th/media/21312/","https://www.dcce.go.th/media/21312/?download_file=1&file_id=21313","Sitemap (DCCE Website)","คลังสื่อสิ่งพิมพ์","ข้อมูลสาธารณะ","ไม่มีการปรับปรุง","","","ประเทศ","",""
"MED-048","เจาะลึกห่วงโซ่ผลกระทบ &#8220;น้ำท่วมหาดใหญ่ 2025&#8221; : มากกว่าแค่น้ำท่วม คือความเสียหายที่ต้องถอดบทเรียน","Knowledge Asset","รายละเอียด: วิกฤตน้ำท่วมภาคใต้ในปี 2025 โดยเฉพาะที่ อ.หาดใหญ่ จ.สงขลา ถือเป็นเหตุการณ์รุนแรงที่สุดในรอบ 25 ปี ซึ่งส่งผลกระทบเป็นวงกว้างในลักษณะ ""ห่วงโซ่ผลกระทบ"" (Impact Chain) ที่เราต้องทำความเข้าใจเพื่อวางแผนรับมือในอนาคต","E-book Reader","กลุ่มประชาสัมพันธ์และสื่อสารสิ่งแวดล้อม","","https://www.dcce.go.th/media/21308/","https://www.dcce.go.th/media/21308/?download_file=1&file_id=21309","Sitemap (DCCE Website)","คลังสื่อสิ่งพิมพ์","ข้อมูลสาธารณะ","ไม่มีการปรับปรุง","","","ประเทศ","",""
"MED-049","รู้จัก 59 ตัวชี้วัด &#8220;เบเล็ง&#8221; (Belém Indicators) เข็มทิศใหม่สู้โลกเดือด!","Knowledge Asset","รายละเอียด: ผลลัพธ์สำคัญจากการประชุม COP30 ณ เมืองเบเล็ง สหพันธ์สาธารณรัฐบราซิล นำมาสู่การกำหนด ""เข็มทิศ"" สำคัญที่จะช่วยให้ทุกประเทศติดตามความก้าวหน้าในการปรับตัวต่อการเปลี่ยนแปลงสภาพภูมิอากาศ (Global Goal on Adaptation: GGA) ได้อย่างชัดเจนและเป็นระบบมากขึ้น","E-book Reader","กลุ่มประชาสัมพันธ์และสื่อสารสิ่งแวดล้อม","","https://www.dcce.go.th/media/21306/","https://www.dcce.go.th/media/21306/?download_file=1&file_id=21304","Sitemap (DCCE Website)","คลังสื่อสิ่งพิมพ์","ข้อมูลสาธารณะ","ไม่มีการปรับปรุง","","","ประเทศ","",""
"MED-050","รายงานฉบับสมบูรณ์ (Final report) การประเมินเบื้องต้นต่อสถานภาพการดำเนินงานที่เกี่ยวข้องกับความสูญเสียและความเสียหาย","Knowledge Asset","ชื่อเรื่อง: รายงานฉบับสมบูรณ์ (Final report) การประเมินเบื้องต้นต่อสถานภาพการดำเนินงานที่เกี่ยวข้องกับความสูญเสียและความเสียหาย | เผยแพร่โดย: กรมการเปลี่ยนแปลงสภาพภูมิอกาศและสิ่งแวดล้อม | Submitted to: Deutsche Gesellschaft für Internationale Zusammenarbeit (GIZ) GmbH | Prepared by: Thailand Develop","E-book Reader","กลุ่มประชาสัมพันธ์และสื่อสารสิ่งแวดล้อม","","https://www.dcce.go.th/media/19744/","https://www.dcce.go.th/media/19744/?download_file=1&file_id=19747","Sitemap (DCCE Website)","คลังสื่อสิ่งพิมพ์","ข้อมูลสาธารณะ","ไม่มีการปรับปรุง","","","ประเทศ","",""
"MED-051","ข้อเสนอแนะเชิงนโยบายและคู่มือแนวทางการเข้าถึงแหล่งงบประมาณในประเทศและระหว่างประเทศของหน่วยงาน","Knowledge Asset","ชื่อเรื่อง: ข้อเสนอแนะเชิงนโยบายและคู่มือแนวทางการเข้าถึงแหล่งงบประมาณในประเทศและระหว่างประเทศของหน่วยงาน เพื่อดำเนินกิจกรรมด้านการปรับตัวต่อการเปลี่ยนแปลงสภาพภูมิอากาศของประเทศไทย | เผยแพร่โดย: กรมการเปลี่ยนแปลงสภาพภูมิอกาศและสิ่งแวดล้อม | ครั้งที่พิมพ์: ครั้งที่ 1 พ.ศ.2568 | จำนวนเล่ม: 500 เล่ม |","E-book Reader","กลุ่มประชาสัมพันธ์และสื่อสารสิ่งแวดล้อม","","https://www.dcce.go.th/media/19262/","https://www.dcce.go.th/media/19262/?download_file=1&file_id=19263","Sitemap (DCCE Website)","คลังสื่อสิ่งพิมพ์","ข้อมูลสาธารณะ","ไม่มีการปรับปรุง","","","ประเทศ","",""
"MED-052","มาตรการลดการใช้พลังงานและน้ำมันเชื้อเพลิงในหน่วยงาน ประหยัดพลังงานเพื่อความมั่นคงของประเทศ","Knowledge Asset","ลิงก์ Content: https://www.dcce.go.th/19236/","E-book Reader","กลุ่มประชาสัมพันธ์และสื่อสารสิ่งแวดล้อม","","https://www.dcce.go.th/media/19241/","https://www.dcce.go.th/media/19241/?download_file=1&file_id=19237","Sitemap (DCCE Website)","คลังสื่อสิ่งพิมพ์","ข้อมูลสาธารณะ","ไม่มีการปรับปรุง","","","ประเทศ","",""
"MED-053","อุปกรณ์ตรวจวัดกลิ่น","Knowledge Asset","Department of Climate Change and Environment ติดต่อ จันทร์-ศุกร์ เวลา 08.30 – 16.30 น.","E-book Reader","กลุ่มประชาสัมพันธ์และสื่อสารสิ่งแวดล้อม","","https://www.dcce.go.th/media/17913/","https://www.dcce.go.th/media/17913/?download_file=1&file_id=17911","Sitemap (DCCE Website)","คลังสื่อสิ่งพิมพ์","ข้อมูลสาธารณะ","ไม่มีการปรับปรุง","","","ประเทศ","",""
"MED-054","สารตกค้างในปุ๋ยอินทรีย์และวัสดุปรับปรุงดิน","Knowledge Asset","Department of Climate Change and Environment ติดต่อ จันทร์-ศุกร์ เวลา 08.30 – 16.30 น.","E-book Reader","กลุ่มประชาสัมพันธ์และสื่อสารสิ่งแวดล้อม","","https://www.dcce.go.th/media/17909/","https://www.dcce.go.th/media/17909/?download_file=1&file_id=17908","Sitemap (DCCE Website)","คลังสื่อสิ่งพิมพ์","ข้อมูลสาธารณะ","ไม่มีการปรับปรุง","","","ประเทศ","",""
"MED-055","การจำแนกภาวะคุกคามของสารอันตราย","Knowledge Asset","Department of Climate Change and Environment ติดต่อ จันทร์-ศุกร์ เวลา 08.30 – 16.30 น.","E-book Reader","กลุ่มประชาสัมพันธ์และสื่อสารสิ่งแวดล้อม","","https://www.dcce.go.th/media/17906/","https://www.dcce.go.th/media/17906/?download_file=1&file_id=17905","Sitemap (DCCE Website)","คลังสื่อสิ่งพิมพ์","ข้อมูลสาธารณะ","ไม่มีการปรับปรุง","","","ประเทศ","",""
"MED-056","พฤติกรรมผู้บริโภคในการบริโภคสินค้า","Knowledge Asset","Department of Climate Change and Environment ติดต่อ จันทร์-ศุกร์ เวลา 08.30 – 16.30 น.","E-book Reader","กลุ่มประชาสัมพันธ์และสื่อสารสิ่งแวดล้อม","","https://www.dcce.go.th/media/17902/","https://www.dcce.go.th/media/17902/?download_file=1&file_id=17904","Sitemap (DCCE Website)","คลังสื่อสิ่งพิมพ์","ข้อมูลสาธารณะ","ไม่มีการปรับปรุง","","","ประเทศ","",""
"MED-057","การศึกษาการป้องกันการแพร่กระจายของฝุ่นละอองด้วยการเพิ่มพื้นที่สีเขียว","Knowledge Asset","Department of Climate Change and Environment ติดต่อ จันทร์-ศุกร์ เวลา 08.30 – 16.30 น.","E-book Reader","กลุ่มประชาสัมพันธ์และสื่อสารสิ่งแวดล้อม","","https://www.dcce.go.th/media/17899/","https://www.dcce.go.th/media/17899/?download_file=1&file_id=17900","Sitemap (DCCE Website)","คลังสื่อสิ่งพิมพ์","ข้อมูลสาธารณะ","ไม่มีการปรับปรุง","","","ประเทศ","",""
"MED-058","ผงเหล็ก สำหรับการบำบัดฟื้นฟูน้ำใต้ดิน","Knowledge Asset","Department of Climate Change and Environment ติดต่อ จันทร์-ศุกร์ เวลา 08.30 – 16.30 น.","E-book Reader","กลุ่มประชาสัมพันธ์และสื่อสารสิ่งแวดล้อม","","https://www.dcce.go.th/media/17893/","https://www.dcce.go.th/media/17893/?download_file=1&file_id=17895","Sitemap (DCCE Website)","คลังสื่อสิ่งพิมพ์","ข้อมูลสาธารณะ","ไม่มีการปรับปรุง","","","ประเทศ","",""
"MED-059","การศึกษาการแพร่กระจายและการปนเปื้อนของสารปรอทในสิ่งแวดล้อม","Knowledge Asset","Department of Climate Change and Environment ติดต่อ จันทร์-ศุกร์ เวลา 08.30 – 16.30 น.","E-book Reader","กลุ่มประชาสัมพันธ์และสื่อสารสิ่งแวดล้อม","","https://www.dcce.go.th/media/17892/","https://www.dcce.go.th/media/17892/?download_file=1&file_id=17891","Sitemap (DCCE Website)","คลังสื่อสิ่งพิมพ์","ข้อมูลสาธารณะ","ไม่มีการปรับปรุง","","","ประเทศ","",""
"MED-060","การประเมินประสิทธิภาพ การบำบัดฟื้นฟูน้ำใต้ดิน","Knowledge Asset","Department of Climate Change and Environment ติดต่อ จันทร์-ศุกร์ เวลา 08.30 – 16.30 น.","E-book Reader","กลุ่มประชาสัมพันธ์และสื่อสารสิ่งแวดล้อม","","https://www.dcce.go.th/media/17887/","https://www.dcce.go.th/media/17887/?download_file=1&file_id=17889","Sitemap (DCCE Website)","คลังสื่อสิ่งพิมพ์","ข้อมูลสาธารณะ","ไม่มีการปรับปรุง","","","ประเทศ","",""
"MED-061","โครงการศึกษาการกระจายตัวของสารไดออกซินและฟิวเเรนในอากาศ","Knowledge Asset","Department of Climate Change and Environment ติดต่อ จันทร์-ศุกร์ เวลา 08.30 – 16.30 น.","E-book Reader","กลุ่มประชาสัมพันธ์และสื่อสารสิ่งแวดล้อม","","https://www.dcce.go.th/media/17886/","https://www.dcce.go.th/media/17886/?download_file=1&file_id=17884","Sitemap (DCCE Website)","คลังสื่อสิ่งพิมพ์","ข้อมูลสาธารณะ","ไม่มีการปรับปรุง","","","ประเทศ","",""
"MED-062","คู่มือป่านิเวศ ฉบับประชาชน","Knowledge Asset","Department of Climate Change and Environment ติดต่อ จันทร์-ศุกร์ เวลา 08.30 – 16.30 น.","E-book Reader","กลุ่มประชาสัมพันธ์และสื่อสารสิ่งแวดล้อม","","https://www.dcce.go.th/media/17690/","https://www.dcce.go.th/media/17690/?download_file=1&file_id=17688","Sitemap (DCCE Website)","คลังสื่อสิ่งพิมพ์","ข้อมูลสาธารณะ","ไม่มีการปรับปรุง","","","ประเทศ","",""
"MED-063","คู่มือการให้บริการแนวทางปฏิบัติผู้บริการไดออกซิน ปี 2568","Knowledge Asset","Department of Climate Change and Environment ติดต่อ จันทร์-ศุกร์ เวลา 08.30 – 16.30 น.","E-book Reader","กลุ่มประชาสัมพันธ์และสื่อสารสิ่งแวดล้อม","","https://www.dcce.go.th/media/17659/","https://www.dcce.go.th/media/17659/?download_file=1&file_id=17656","Sitemap (DCCE Website)","คลังสื่อสิ่งพิมพ์","ข้อมูลสาธารณะ","ไม่มีการปรับปรุง","","","ประเทศ","",""
"MED-064","แนวทางปฏิบัติการจัดการของเสียจากอันตราย สำหรับการจัดการซากหลอดฟลูออเรสเซนต์","Knowledge Asset","Department of Climate Change and Environment ติดต่อ จันทร์-ศุกร์ เวลา 08.30 – 16.30 น.","E-book Reader","กลุ่มประชาสัมพันธ์และสื่อสารสิ่งแวดล้อม","","https://www.dcce.go.th/media/17644/","https://heyzine.com/flip-book/4f76b77e4f.html?fbclid=IwY2xjawPSrYlleHRuA2FlbQIxMQBzcnRjBmFwcF9pZBAyMjIwMzkxNzg4MjAwODkyAAEeiUCDGx5vogOB7f2tH1kv7RSkqDEh62FpBHeXU1gHacFoM-xc_oxRGKwUzJM_aem_uG6Aj8O081GrsLjQCKUi9g#page/1","Sitemap (DCCE Website)","คลังสื่อสิ่งพิมพ์","ข้อมูลสาธารณะ","ไม่มีการปรับปรุง","","","ประเทศ","",""
"MED-065","ไดออกซิน คืออะไร","Knowledge Asset","Department of Climate Change and Environment ติดต่อ จันทร์-ศุกร์ เวลา 08.30 – 16.30 น.","E-book Reader","กลุ่มประชาสัมพันธ์และสื่อสารสิ่งแวดล้อม","","https://www.dcce.go.th/media/17622/","https://www.dcce.go.th/media/17622/?download_file=1&file_id=17616","Sitemap (DCCE Website)","คลังสื่อสิ่งพิมพ์","ข้อมูลสาธารณะ","ไม่มีการปรับปรุง","","","ประเทศ","",""
"MED-066","ความรู้เบี้องต้นไดออกซินและสารก่อมะเร็งใกล้ตัวเรา","Knowledge Asset","Department of Climate Change and Environment ติดต่อ จันทร์-ศุกร์ เวลา 08.30 – 16.30 น.","E-book Reader","กลุ่มประชาสัมพันธ์และสื่อสารสิ่งแวดล้อม","","https://www.dcce.go.th/media/17621/","https://www.dcce.go.th/media/17621/?download_file=1&file_id=17613","Sitemap (DCCE Website)","คลังสื่อสิ่งพิมพ์","ข้อมูลสาธารณะ","ไม่มีการปรับปรุง","","","ประเทศ","",""
"MED-067","ชุดองค์ความรู้งานวิจัยด้านผลกระทบและการแก้ไขปัญหาหมอกควัน","Knowledge Asset","Department of Climate Change and Environment ติดต่อ จันทร์-ศุกร์ เวลา 08.30 – 16.30 น.","E-book Reader","กลุ่มประชาสัมพันธ์และสื่อสารสิ่งแวดล้อม","","https://www.dcce.go.th/media/17619/","https://www.dcce.go.th/media/17619/?download_file=1&file_id=17611","Sitemap (DCCE Website)","คลังสื่อสิ่งพิมพ์","ข้อมูลสาธารณะ","ไม่มีการปรับปรุง","","","ประเทศ","",""
"MED-068","คู่มือความเสี่ยงจากการเปลี่ยนแปลงสภาพภูมิอากาศ (Climate Risk Sourcebook)","Knowledge Asset","ผู้แต่ง: องค์กรความร่วมมือระหว่างประเทศของเยอรมัน(GIZ) | หน่วยงาน: กองขับเคลื่อนการปรับตัวต่อการเปลี่ยนแปลงสภาพภูมิอากาศ | YouTube: https://www.youtube.com/watch?v=C1W_OnPzcE0","E-book Reader","กลุ่มประชาสัมพันธ์และสื่อสารสิ่งแวดล้อม","","https://www.dcce.go.th/media/15960/","https://www.dcce.go.th/media/15960/?download_file=1&file_id=15962","Sitemap (DCCE Website)","คลังสื่อสิ่งพิมพ์","ข้อมูลสาธารณะ","ไม่มีการปรับปรุง","","","ประเทศ","",""
"MED-069","หนังสือ ทสม. และเครือข่าย ทสม. ดีเด่น ประจำปี 2568","Knowledge Asset","Department of Climate Change and Environment ติดต่อ จันทร์-ศุกร์ เวลา 08.30 – 16.30 น.","E-book Reader","กลุ่มประชาสัมพันธ์และสื่อสารสิ่งแวดล้อม","","https://www.dcce.go.th/media/15832/","https://www.dcce.go.th/media/15832/?download_file=1&file_id=20147","Sitemap (DCCE Website)","คลังสื่อสิ่งพิมพ์","ข้อมูลสาธารณะ","ไม่มีการปรับปรุง","","","ประเทศ","",""
"MED-070","Climate Change A-Z Challenge Extreme Weather เมื่อ “สภาพภูมิอากาศสุดขั้ว” คือหายนะที่โลกกำลังเผชิญ! ภัยใกล้ตัวที่ทุกคนต้องรู้!","Knowledge Asset","รายละเอียด: โลกกำลังเผชิญกับความท้าทายครั้งใหญ่ที่เรียกว่า Extreme Weather หรือ สภาพภูมิอากาศสุดขั้ว ซึ่งเป็นความแปรปรวนของสภาพอากาศที่รุนแรงและเกิดขึ้นอย่างต่อเนื่อง จากผลกระทบของการเปลี่ยนแปลงสภาพภูมิอากาศ (Climate Change) Extreme Weather เกิดจากอะไร? แม้ความแปรปรวนตามธรรมชาติ (เช่น เอลนีโญ) จะมีส","E-book Reader","กลุ่มประชาสัมพันธ์และสื่อสารสิ่งแวดล้อม","","https://www.dcce.go.th/media/15309/","https://www.dcce.go.th/media/15309/?download_file=1&file_id=15310","Sitemap (DCCE Website)","คลังสื่อสิ่งพิมพ์","ข้อมูลสาธารณะ","ไม่มีการปรับปรุง","","","ประเทศ","",""
"MED-071","Climate Change A-Z Challenge Vulnerability: ความเปราะบาง ไม่ใช่แค่เรื่องอ่อนแอ แต่คือความเสี่ยงที่ทุกคนต้องรู้","Knowledge Asset","รายละเอียด: ความเปราะบาง (Vulnerability) คือ ระดับความเสี่ยงของมนุษย์ ชุมชน หรือธรรมชาติที่จะได้รับผลกระทบจากภัยธรรมชาติและการเปลี่ยนแปลงสภาพภูมิอากาศ รวมถึงความสามารถในการรับมือและฟื้นตัวจากผลกระทบเหล่านั้นด้วย...","E-book Reader","กลุ่มประชาสัมพันธ์และสื่อสารสิ่งแวดล้อม","","https://www.dcce.go.th/media/15149/","https://www.dcce.go.th/media/15149/?download_file=1&file_id=15150","Sitemap (DCCE Website)","คลังสื่อสิ่งพิมพ์","ข้อมูลสาธารณะ","ไม่มีการปรับปรุง","","","ประเทศ","",""
"MED-072","Climate Change A-Z Challenge Urban Heat Island: รู้จัก เกาะความร้อนในเมือง 🔥 ภัยเงียบที่ทำให้เมืองยิ่งร้อน .","Knowledge Asset","รายละเอียด: Climate Change A-Z Challenge Urban Heat Island: รู้จัก เกาะความร้อนในเมือง 🔥 ภัยเงียบที่ทำให้เมืองยิ่งร้อน เคยรู้สึกไหมว่า...ในเมืองใหญ่อุณหภูมิจะร้อนกว่ารอบนอกอย่างชัดเจน? นี่คือปรากฏการณ์ที่เรียกว่า Urban Heat Island (UHI) หรือ “เกาะความร้อนในเมือง”","E-book Reader","กลุ่มประชาสัมพันธ์และสื่อสารสิ่งแวดล้อม","","https://www.dcce.go.th/media/15003/","https://www.dcce.go.th/media/15003/?download_file=1&file_id=15004","Sitemap (DCCE Website)","คลังสื่อสิ่งพิมพ์","ข้อมูลสาธารณะ","ไม่มีการปรับปรุง","","","ประเทศ","",""
"MED-073","“Tipping Points คืออะไร? 🌡️🔥 รู้จัก &#8216;จุดพลิกผัน' ที่โลกอาจไม่มีวันเหมือนเดิม ถ้าโลกร้อนเกินไป”","Knowledge Asset","รายละเอียด: “Tipping Points คืออะไร? 🌡️🔥 รู้จัก 'จุดพลิกผัน' ที่โลกอาจไม่มีวันเหมือนเดิม ถ้าโลกร้อนเกินไป” เคยได้ยินคำว่า “จุดพลิกผัน” ไหม? (Tipping Points) ในเรื่อง Climate Change มันคือ “สัญญาณอันตราย” ที่บอกว่า... ถ้าโลกเราร้อนขึ้นเกินจุดๆ หนึ่ง จะเกิดการเปลี่ยนแปลงครั้งใหญ่ แบบที่ “ไม่มีวันกลั","E-book Reader","กลุ่มประชาสัมพันธ์และสื่อสารสิ่งแวดล้อม","","https://www.dcce.go.th/media/15000/","https://www.dcce.go.th/media/15000/?download_file=1&file_id=15001","Sitemap (DCCE Website)","คลังสื่อสิ่งพิมพ์","ข้อมูลสาธารณะ","ไม่มีการปรับปรุง","","","ประเทศ","",""
"MED-074","(ร่าง) พระราชบัญญัติการเปลี่ยนแปลงสภาพภูมิอากาศ พ.ศ. .... (2/2)","Knowledge Asset","Department of Climate Change and Environment ติดต่อ จันทร์-ศุกร์ เวลา 08.30 – 16.30 น.","Web Page","กลุ่มประชาสัมพันธ์และสื่อสารสิ่งแวดล้อม","","https://www.dcce.go.th/media/14864/","","Sitemap (DCCE Website)","คลังสื่อสิ่งพิมพ์","ข้อมูลสาธารณะ","ไม่มีการปรับปรุง","","","ประเทศ","",""
"MED-075","(ร่าง) พระราชบัญญัติการเปลี่ยนแปลงสภาพภูมิอากาศ พ.ศ. .... (1/2)","Knowledge Asset","Department of Climate Change and Environment ติดต่อ จันทร์-ศุกร์ เวลา 08.30 – 16.30 น.","Web Page","กลุ่มประชาสัมพันธ์และสื่อสารสิ่งแวดล้อม","","https://www.dcce.go.th/media/14863/","","Sitemap (DCCE Website)","คลังสื่อสิ่งพิมพ์","ข้อมูลสาธารณะ","ไม่มีการปรับปรุง","","","ประเทศ","",""
"MED-076","Proceedings of the 14th International Conference on Environmental Engineering, Science and Management","Knowledge Asset","Title: Green Environment &amp; Low Carbon Society Towards Sustainability for Mankind Wellness","E-book Reader","กลุ่มประชาสัมพันธ์และสื่อสารสิ่งแวดล้อม","","https://www.dcce.go.th/media/12778/","https://www.dcce.go.th/media/12778/?download_file=1&file_id=12777","Sitemap (DCCE Website)","คลังสื่อสิ่งพิมพ์","ข้อมูลสาธารณะ","ไม่มีการปรับปรุง","","","ประเทศ","",""
"MED-077","เอกสารประกอบการประชุมวิชาการสิ่งแวดล้อมแห่งชาติ ครั้งที่ 24","Knowledge Asset","หัวข้อ: สิ่งแวดล้อมสีเขียวพร้อมด้วยสังคมคาร์บอนต่ำ สู่ความยั่งยืนเพื่อสุขภาวะที่ดีของมวลมนุษย์","E-book Reader","กลุ่มประชาสัมพันธ์และสื่อสารสิ่งแวดล้อม","","https://www.dcce.go.th/media/12773/","https://www.dcce.go.th/media/12773/?download_file=1&file_id=12775","Sitemap (DCCE Website)","คลังสื่อสิ่งพิมพ์","ข้อมูลสาธารณะ","ไม่มีการปรับปรุง","","","ประเทศ","",""
"MED-078","กรอบและแผนงานวิจัยด้านการเปลี่ยนแปลงสภาพภูมิอากาศ พ.ศ. 2570-2575","Knowledge Asset","Department of Climate Change and Environment ติดต่อ จันทร์-ศุกร์ เวลา 08.30 – 16.30 น.","E-book Reader","กลุ่มประชาสัมพันธ์และสื่อสารสิ่งแวดล้อม","","https://www.dcce.go.th/media/12412/","https://www.dcce.go.th/media/12412/?download_file=1&file_id=12417","Sitemap (DCCE Website)","คลังสื่อสิ่งพิมพ์","ข้อมูลสาธารณะ","ไม่มีการปรับปรุง","","","ประเทศ","",""
"MED-079","คู่มือ แหล่งทุนด้านการเปลี่ยนแปลงสภาพภูมิอากาศ","Knowledge Asset","ผู้แต่ง: กองส่งเสริมการมีส่วนร่วมต่อการเปลี่ยนแปลงสภาพภูมิอากาศและสิ่งแวดล้อม กรมการเปลี่ยนแปลงสภาพภูมิอากาศและสิ่งแวดล้อม","E-book Reader","กลุ่มประชาสัมพันธ์และสื่อสารสิ่งแวดล้อม","","https://www.dcce.go.th/media/11172/","https://www.dcce.go.th/media/11172/?download_file=1&file_id=11199","Sitemap (DCCE Website)","คลังสื่อสิ่งพิมพ์","ข้อมูลสาธารณะ","ไม่มีการปรับปรุง","","","ประเทศ","",""
"MED-080","การปนเปื้อนและการแพร่กระจายเชิงพื้นที่ของไมโครพลาสติกในน้ำและตะกอนดินในลุ่มน้ำบางปะกง","Knowledge Asset","Department of Climate Change and Environment ติดต่อ จันทร์-ศุกร์ เวลา 08.30 – 16.30 น.","E-book Reader","กลุ่มประชาสัมพันธ์และสื่อสารสิ่งแวดล้อม","","https://www.dcce.go.th/media/10158/","https://www.dcce.go.th/media/10158/?download_file=1&file_id=12172","Sitemap (DCCE Website)","คลังสื่อสิ่งพิมพ์","ข้อมูลสาธารณะ","ไม่มีการปรับปรุง","","","ประเทศ","",""
"MED-081","Micro Plastics","Knowledge Asset","Department of Climate Change and Environment ติดต่อ จันทร์-ศุกร์ เวลา 08.30 – 16.30 น.","E-book Reader","กลุ่มประชาสัมพันธ์และสื่อสารสิ่งแวดล้อม","","https://www.dcce.go.th/media/10157/","https://www.dcce.go.th/media/10157/?download_file=1&file_id=12178","Sitemap (DCCE Website)","คลังสื่อสิ่งพิมพ์","ข้อมูลสาธารณะ","ไม่มีการปรับปรุง","","","ประเทศ","",""
"MED-082","ป่านิเวศ (ECO Forest)","Knowledge Asset","Department of Climate Change and Environment ติดต่อ จันทร์-ศุกร์ เวลา 08.30 – 16.30 น.","E-book Reader","กลุ่มประชาสัมพันธ์และสื่อสารสิ่งแวดล้อม","","https://www.dcce.go.th/media/10151/","https://www.dcce.go.th/media/10151/?download_file=1&file_id=10145","Sitemap (DCCE Website)","คลังสื่อสิ่งพิมพ์","ข้อมูลสาธารณะ","ไม่มีการปรับปรุง","","","ประเทศ","",""
"MED-083","กรอบและแผนงานวิจัยด้านการเปลี่ยนแปลงสภาพภูมิอากาศ พ.ศ. 2570-2575 (แผ่นพับ/Infographic)","Knowledge Asset","Department of Climate Change and Environment ติดต่อ จันทร์-ศุกร์ เวลา 08.30 – 16.30 น.","E-book Reader","กลุ่มประชาสัมพันธ์และสื่อสารสิ่งแวดล้อม","","https://www.dcce.go.th/media/10150/","https://www.dcce.go.th/media/10150/?download_file=1&file_id=10144","Sitemap (DCCE Website)","คลังสื่อสิ่งพิมพ์","ข้อมูลสาธารณะ","ไม่มีการปรับปรุง","","","ประเทศ","",""
"MED-084","เครื่องมือแจ้งเตือนสภาพอากาศร้อนจัดอย่างง่าย","Knowledge Asset","Department of Climate Change and Environment ติดต่อ จันทร์-ศุกร์ เวลา 08.30 – 16.30 น.","E-book Reader","กลุ่มประชาสัมพันธ์และสื่อสารสิ่งแวดล้อม","","https://www.dcce.go.th/media/10147/","https://www.dcce.go.th/media/10147/?download_file=1&file_id=10140","Sitemap (DCCE Website)","คลังสื่อสิ่งพิมพ์","ข้อมูลสาธารณะ","ไม่มีการปรับปรุง","","","ประเทศ","",""
"MED-085","การศึกษาค่าระดับการรับเสียงอ้างอิงที่เหมาะสมสำหรับการคาดการณ์ระดับเสียงรถไฟฟ้าในประเทศไทย","Knowledge Asset","Department of Climate Change and Environment ติดต่อ จันทร์-ศุกร์ เวลา 08.30 – 16.30 น.","E-book Reader","กลุ่มประชาสัมพันธ์และสื่อสารสิ่งแวดล้อม","","https://www.dcce.go.th/media/10138/","https://www.dcce.go.th/media/10138/?download_file=1&file_id=10133","Sitemap (DCCE Website)","คลังสื่อสิ่งพิมพ์","ข้อมูลสาธารณะ","ไม่มีการปรับปรุง","","","ประเทศ","",""
"MED-086","คู่มือการบูรณาการเนื้อหาเรื่องการเปลี่ยนแปลงสภาพภูมิอากาศในหลักสูตรการศึกษา ระดับการศึกษาระดับการเรียนรู้ตลอดชีวิต","Knowledge Asset","ผู้จัดทำ: ดร.น.รัตน์ อิสโร | ปีที่เผยแพร่: 2565 | หน่วยงานเจ้าของสื่อ: กรมการเปลี่ยนแปลงสภาพภูมิอากาศและสิ่งแวดล้อม","E-book Reader","กลุ่มประชาสัมพันธ์และสื่อสารสิ่งแวดล้อม","","https://www.dcce.go.th/media/9792/","https://www.dcce.go.th/media/9792/?download_file=1&file_id=9793","Sitemap (DCCE Website)","คลังสื่อสิ่งพิมพ์","ข้อมูลสาธารณะ","ไม่มีการปรับปรุง","","","ประเทศ","",""
"MED-087","คู่มือการบูรณาการเนื้อหาเรื่องการเปลี่ยนแปลงสภาพภูมิอากาศในหลักสูตรการศึกษา ระดับอุดมศึกษา","Knowledge Asset","ผู้จัดทำ: ดร.นงรัตน์ อิสโร | ปีที่เผยแพร่: 2565 | หน่วยงานเจ้าของสื่อ: กรมการเปลี่ยนแปลงสภาพภูมิอากาศและสิ่งแวดล้อม","E-book Reader","กลุ่มประชาสัมพันธ์และสื่อสารสิ่งแวดล้อม","","https://www.dcce.go.th/media/9789/","https://www.dcce.go.th/media/9789/?download_file=1&file_id=9790","Sitemap (DCCE Website)","คลังสื่อสิ่งพิมพ์","ข้อมูลสาธารณะ","ไม่มีการปรับปรุง","","","ประเทศ","",""
"MED-088","คู่มือการบูรณาการเนื้อหาเรื่องการเปลี่ยนแปลงสภาพภูมิอากาศในหลักสูตรการศึกษา ระดับมัธยมศึกษา","Knowledge Asset","ผู้จัดทำ: ดร.นงรัตน์ อิสโร | ปีที่เผยแพร่: 2565 | หน่วยงานเจ้าของสื่อ: กรมการเปลี่ยนแปลงสภาพภูมิอากาศและสิ่งแวดล้อม","E-book Reader","กลุ่มประชาสัมพันธ์และสื่อสารสิ่งแวดล้อม","","https://www.dcce.go.th/media/9786/","https://www.dcce.go.th/media/9786/?download_file=1&file_id=9787","Sitemap (DCCE Website)","คลังสื่อสิ่งพิมพ์","ข้อมูลสาธารณะ","ไม่มีการปรับปรุง","","","ประเทศ","",""
"MED-089","คู่มือแนวทางการบูรณาการเนื้อหาเรื่องการเปลี่ยนแปลงสภาพภูมิอากาศในหลักสูตรการศึกษา ระดับประถมศึกษา","Knowledge Asset","ผู้จัดทำ: ดร.นงรัตน์ อิสโร | ปีที่เผยแพร่: 2565 | หน่วยงานเจ้าของสื่อ: กรมการเปลี่ยนแปลงสภาพภูมิอากาศและสิ่งแวดล้อม","E-book Reader","กลุ่มประชาสัมพันธ์และสื่อสารสิ่งแวดล้อม","","https://www.dcce.go.th/media/9782/","https://www.dcce.go.th/media/9782/?download_file=1&file_id=9783","Sitemap (DCCE Website)","คลังสื่อสิ่งพิมพ์","ข้อมูลสาธารณะ","ไม่มีการปรับปรุง","","","ประเทศ","",""
"MED-090","คู่มือการบูรณาการเนื้อหาเรื่องการเปลี่ยนแปลงสภาพภูมิอากาศในหลักสูตรการศึกษา ระดับการศึกษาปฐมวัย","Knowledge Asset","ผู้จัดทำ: ดร.นงรัตน์ อิสโร | ปีที่เผยแพร่: 2565 | หน่วยงานเจ้าของสื่อ: กรมการเปลี่ยนแปลงสภาพภูมิอากาศและสิ่งแวดล้อม","E-book Reader","กลุ่มประชาสัมพันธ์และสื่อสารสิ่งแวดล้อม","","https://www.dcce.go.th/media/9778/","https://www.dcce.go.th/media/9778/?download_file=1&file_id=9779","Sitemap (DCCE Website)","คลังสื่อสิ่งพิมพ์","ข้อมูลสาธารณะ","ไม่มีการปรับปรุง","","","ประเทศ","",""
"MED-091","คู่มือประเมินเมืองสิ่งแวดล้อมยั่งยืน 68","Knowledge Asset","ผู้แต่ง: กรมการเปลี่ยนแปลงสภาพภูมิอากาศและสิ่งแวดล้อม | เดือน-ปี ที่เผยแพร่: 7-8-2568 | ครั้งที่พิมพ์: 1 | หน่วยงานเจ้าของสื่อ: กองส่งเสริมการมีส่วนร่วมต่อการเปลี่ยนแปลงสภาพภูมิอากาศและสิ่งแวดล้อม","E-book Reader","กลุ่มประชาสัมพันธ์และสื่อสารสิ่งแวดล้อม","","https://www.dcce.go.th/media/9534/","https://www.dcce.go.th/media/9534/?download_file=1&file_id=9535","Sitemap (DCCE Website)","คลังสื่อสิ่งพิมพ์","ข้อมูลสาธารณะ","ไม่มีการปรับปรุง","","","ประเทศ","",""
"MED-092","รายงานสถานการณ์การเปลี่ยนแปลงสภาพภูมิอากาศ ของประเทศไทย ปี 2567","Knowledge Asset","ผู้แต่ง: กรมการเปลี่ยนแปลงสภาพภูมิอากาศและสิ่งแวดล้อม | เดือน-ปี ที่เผยแพร่: 15-7-2568 | ครั้งที่พิมพ์: 1 | หน่วยงานเจ้าของสื่อ: กองยุทธศาสตร์และความร่วมมือระหว่างประเทศ","E-book Reader","กลุ่มประชาสัมพันธ์และสื่อสารสิ่งแวดล้อม","","https://www.dcce.go.th/media/8553/","https://www.dcce.go.th/media/8553/?download_file=1&file_id=9108","Sitemap (DCCE Website)","คลังสื่อสิ่งพิมพ์","ข้อมูลสาธารณะ","ไม่มีการปรับปรุง","","","ประเทศ","",""
"MED-093","Climate Change A-Z Challenge | รู้จัก “Greenhouse Gases หรือก๊าซเรือนกระจก” ตัวการ “โลกร้อน”","Knowledge Asset","ผู้แต่ง: กรมการเปลี่ยนแปลงสภาพภูมิอากาศและสิ่งแวดล้อม | วัน-เดือน-ปีที่เผยแพร่: 03 กรกฎาคม 2568 | เนื้อหา Infongraphic: https://www.dcce.go.th/8314/","E-book Reader","กลุ่มประชาสัมพันธ์และสื่อสารสิ่งแวดล้อม","","https://www.dcce.go.th/media/8318/","https://www.dcce.go.th/wp-content/uploads/2025/07/Climate-Change-A-Z-Challenge-Greenhouse-Gases.jpg","Sitemap (DCCE Website)","คลังสื่อสิ่งพิมพ์","ข้อมูลสาธารณะ","ไม่มีการปรับปรุง","","","ประเทศ","",""
"MED-094","ผลการติดตามมาตรการลดก๊าซเรือนกระจก สาขาการจัดการของเสียชุมชนและน้ำเสียอุตสาหกรรม (Waste)","Knowledge Asset","ลิงก์ Content: https://www.dcce.go.th/8255/","E-book Reader","กลุ่มประชาสัมพันธ์และสื่อสารสิ่งแวดล้อม","","https://www.dcce.go.th/media/8306/","https://www.dcce.go.th/wp-content/uploads/2025/07/5.-Waste-02.jpg","Sitemap (DCCE Website)","คลังสื่อสิ่งพิมพ์","ข้อมูลสาธารณะ","ไม่มีการปรับปรุง","","","ประเทศ","",""
"MED-095","มาตรการการลดก๊าซเรือนกระจก สาขาการจัดการของเสียชุมชนและน้ำเสียอุตสาหกรรม (Waste)","Knowledge Asset","ลิงก์ Content: https://www.dcce.go.th/8255/","E-book Reader","กลุ่มประชาสัมพันธ์และสื่อสารสิ่งแวดล้อม","","https://www.dcce.go.th/media/8305/","https://www.dcce.go.th/wp-content/uploads/2025/07/5.-Waste-01.jpg","Sitemap (DCCE Website)","คลังสื่อสิ่งพิมพ์","ข้อมูลสาธารณะ","ไม่มีการปรับปรุง","","","ประเทศ","",""
"MED-096","มาตรการการลดก๊าซเรือนกระจกและผลการติดตาม สาขาเกษตร (Agriculture)","Knowledge Asset","ลิงก์ Content: https://www.dcce.go.th/8255/","E-book Reader","กลุ่มประชาสัมพันธ์และสื่อสารสิ่งแวดล้อม","","https://www.dcce.go.th/media/8304/","https://www.dcce.go.th/wp-content/uploads/2025/07/4.-Agriculture.jpg","Sitemap (DCCE Website)","คลังสื่อสิ่งพิมพ์","ข้อมูลสาธารณะ","ไม่มีการปรับปรุง","","","ประเทศ","",""
"MED-097","ผลการติดตามมาตรการลดก๊าซเรือนกระจก สาขากระบวนการทางอุตสาหกรรมและการใช้ผลิตภัณฑ์ (Industrial Processes and Product Use : IPPU)","Knowledge Asset","ลิงก์ Content: https://www.dcce.go.th/8255/","E-book Reader","กลุ่มประชาสัมพันธ์และสื่อสารสิ่งแวดล้อม","","https://www.dcce.go.th/media/8303/","https://www.dcce.go.th/wp-content/uploads/2025/07/3.-IPPU-02.jpg","Sitemap (DCCE Website)","คลังสื่อสิ่งพิมพ์","ข้อมูลสาธารณะ","ไม่มีการปรับปรุง","","","ประเทศ","",""
"MED-098","มาตรการการลดก๊าซเรือนกระจก สาขากระบวนการทางอุตสาหกรรมและการใช้ผลิตภัณฑ์ (Industrial Processes and Product use : IPPU)","Knowledge Asset","ลิงก์ Content: https://www.dcce.go.th/8255/","E-book Reader","กลุ่มประชาสัมพันธ์และสื่อสารสิ่งแวดล้อม","","https://www.dcce.go.th/media/8302/","https://www.dcce.go.th/wp-content/uploads/2025/07/3.-IPPU-01.jpg","Sitemap (DCCE Website)","คลังสื่อสิ่งพิมพ์","ข้อมูลสาธารณะ","ไม่มีการปรับปรุง","","","ประเทศ","",""
"MED-099","ผลการติดตามมาตรการลดก๊าซเรือนกระจก สาขาคมนาคมขนส่ง (Transport)","Knowledge Asset","ลิงก์ Content: https://www.dcce.go.th/8255/","E-book Reader","กลุ่มประชาสัมพันธ์และสื่อสารสิ่งแวดล้อม","","https://www.dcce.go.th/media/8301/","https://www.dcce.go.th/wp-content/uploads/2025/07/2.-Transport-02.jpg","Sitemap (DCCE Website)","คลังสื่อสิ่งพิมพ์","ข้อมูลสาธารณะ","ไม่มีการปรับปรุง","","","ประเทศ","",""
"MED-100","มาตรการการลดก๊าซเรือนกระจก สาขาคมนาคมขนส่ง (Transport)","Knowledge Asset","ลิงก์ Content: https://www.dcce.go.th/8255/","E-book Reader","กลุ่มประชาสัมพันธ์และสื่อสารสิ่งแวดล้อม","","https://www.dcce.go.th/media/8300/","https://www.dcce.go.th/wp-content/uploads/2025/07/2.-Transport-01.jpg","Sitemap (DCCE Website)","คลังสื่อสิ่งพิมพ์","ข้อมูลสาธารณะ","ไม่มีการปรับปรุง","","","ประเทศ","",""
"MED-101","ผลการติดตามมาตรการลดก๊าซเรือนกระจก สาขาพลังงาน (Energy)","Knowledge Asset","ลิงก์ Content: https://www.dcce.go.th/8255/","E-book Reader","กลุ่มประชาสัมพันธ์และสื่อสารสิ่งแวดล้อม","","https://www.dcce.go.th/media/8299/","https://www.dcce.go.th/wp-content/uploads/2025/07/1.-Energy-02.jpg","Sitemap (DCCE Website)","คลังสื่อสิ่งพิมพ์","ข้อมูลสาธารณะ","ไม่มีการปรับปรุง","","","ประเทศ","",""
"MED-102","มาตรการการลดก๊าซเรือนกระจก สาขาพลังงาน (Energy)","Knowledge Asset","ลิงก์ Content: https://www.dcce.go.th/8255/","E-book Reader","กลุ่มประชาสัมพันธ์และสื่อสารสิ่งแวดล้อม","","https://www.dcce.go.th/media/8298/","https://www.dcce.go.th/wp-content/uploads/2025/07/1.-Energy-01.jpg","Sitemap (DCCE Website)","คลังสื่อสิ่งพิมพ์","ข้อมูลสาธารณะ","ไม่มีการปรับปรุง","","","ประเทศ","",""
"MED-103","การดำเนินงานเพื่อบรรลุเป้าหมายการลดก๊าซเรือนกระจกของประเทศ","Knowledge Asset","ลิงก์ Content: https://www.dcce.go.th/8255/","E-book Reader","กลุ่มประชาสัมพันธ์และสื่อสารสิ่งแวดล้อม","","https://www.dcce.go.th/media/8297/","https://www.dcce.go.th/wp-content/uploads/2025/07/การดำเนินงานเพื่อบรรลุเป้าหมายการลดก๊าซเรือนกระจกของประเทศ.jpg","Sitemap (DCCE Website)","คลังสื่อสิ่งพิมพ์","ข้อมูลสาธารณะ","ไม่มีการปรับปรุง","","","ประเทศ","",""
"MED-104","Thailand Climate Tech Startup Handbook – English Edition","Knowledge Asset","Department of Climate Change and Environment ติดต่อ จันทร์-ศุกร์ เวลา 08.30 – 16.30 น.","E-book Reader","กลุ่มประชาสัมพันธ์และสื่อสารสิ่งแวดล้อม","","https://www.dcce.go.th/media/8055/","https://www.dcce.go.th/media/8055/?download_file=1&file_id=21408","Sitemap (DCCE Website)","คลังสื่อสิ่งพิมพ์","ข้อมูลสาธารณะ","ไม่มีการปรับปรุง","","","ประเทศ","",""
"MED-105","ทำความรู้จักกับ “สภาวะ ENSO-Neutral”","Knowledge Asset","ผู้แต่ง: กรมการเปลี่ยนแปลงสภาพภูมิอากาศและสิ่งแวดล้อม | วัน-เดือน-ปีที่เผยแพร่: 23 มิถุนายน 2568 | เนื้อหา Infographic: https://www.dcce.go.th/8251/","E-book Reader","กลุ่มประชาสัมพันธ์และสื่อสารสิ่งแวดล้อม","","https://www.dcce.go.th/media/8254/","https://www.dcce.go.th/wp-content/uploads/2025/07/สภาวะ-ENSO-Neutral.jpg","Sitemap (DCCE Website)","คลังสื่อสิ่งพิมพ์","ข้อมูลสาธารณะ","ไม่มีการปรับปรุง","","","ประเทศ","",""
"MED-106","Thailand Climate Tech Startup Guide – English Edition","Knowledge Asset","Author: Department of Climate Change and Environment | Published: 22 May 2025","E-book Reader","กลุ่มประชาสัมพันธ์และสื่อสารสิ่งแวดล้อม","","https://www.dcce.go.th/media/6762/","https://www.dcce.go.th/media/6762/?download_file=1&file_id=7226","Sitemap (DCCE Website)","คลังสื่อสิ่งพิมพ์","ข้อมูลสาธารณะ","ไม่มีการปรับปรุง","","","ประเทศ","",""
"MED-107","Thailand Climate Tech Startup Guide ฉบับภาษาไทย","Knowledge Asset","ผู้แต่ง: กรมการเปลี่ยนแปลงสภาพภูมิอากาศและสิ่งแวดล้อม | วัน-เดือน-ปีที่เผยแพร่: 22 พฤษภาคม 2568","E-book Reader","กลุ่มประชาสัมพันธ์และสื่อสารสิ่งแวดล้อม","","https://www.dcce.go.th/media/6757/","https://www.dcce.go.th/media/6757/?download_file=1&file_id=7222","Sitemap (DCCE Website)","คลังสื่อสิ่งพิมพ์","ข้อมูลสาธารณะ","ไม่มีการปรับปรุง","","","ประเทศ","",""
"MED-108","การคาดการณ์ผลกระทบต่อความหลากหลายทางชีวภาพภายใต้อุณหภูมิที่สูงขึ้น","Knowledge Asset","ผู้แต่ง: กรมการเปลี่ยนแปลงสภาพภูมิอากาศและสิ่งแวดล้อม | เดือน-ปี ที่เผยแพร่: สิงหาคม 2024 | หน่วยงานเจ้าของสื่อ: กองขับเคลื่อนการปรับตัวต่อการเปลี่ยนแปลงสภาพภูมิอากาศ","E-book Reader","กลุ่มประชาสัมพันธ์และสื่อสารสิ่งแวดล้อม","","https://www.dcce.go.th/media/6637/","https://www.dcce.go.th/wp-content/uploads/2025/05/การคาดการณ์ผลกระทบต่อความหลากหลายทางชีวภาพภายใต้อุณหภูมิที่สูงขึ้น.png","Sitemap (DCCE Website)","คลังสื่อสิ่งพิมพ์","ข้อมูลสาธารณะ","ไม่มีการปรับปรุง","","","ประเทศ","",""
"MED-109","Climate Change A-Z Challenge : Emission การปล่อยก๊าซเรือนกระจก ทำความรู้จักก๊าซเรือนกระจกทั้ง 7 ชนิด","Knowledge Asset","ผู้แต่ง: กรมการเปลี่ยนแปลงสภาพภูมิอากาศและสิ่งแวดล้อม | วัน-เดือน-ปีที่เผยแพร่: 21 พฤษภาคม 2568 | เนื้อหา Infographic: https://www.dcce.go.th/6627/","E-book Reader","กลุ่มประชาสัมพันธ์และสื่อสารสิ่งแวดล้อม","","https://www.dcce.go.th/media/6630/","https://www.dcce.go.th/wp-content/uploads/2025/05/Climate-Change-A-Z-Challenge-4.jpg","Sitemap (DCCE Website)","คลังสื่อสิ่งพิมพ์","ข้อมูลสาธารณะ","ไม่มีการปรับปรุง","","","ประเทศ","",""
"MED-110","คู่มือ การติดตามประเมินผลการปรับตัวต่อการเปลี่ยนแปลงสภาพภูมิอากาศ","Knowledge Asset","ผู้แต่ง: กรมการเปลี่ยนแปลงสภาพภูมิอากาศและสิ่งแวดล้อม | หน่วยงาน: กองขับเคลื่อนการปรับตัวต่อการเปลี่ยนแปลงสภาพภูมิอากาศ | ปีที่พิมพ์: 2568","E-book Reader","กลุ่มประชาสัมพันธ์และสื่อสารสิ่งแวดล้อม","","https://www.dcce.go.th/media/6597/","https://www.dcce.go.th/media/6597/?download_file=1&file_id=6599","Sitemap (DCCE Website)","คลังสื่อสิ่งพิมพ์","ข้อมูลสาธารณะ","ไม่มีการปรับปรุง","","","ประเทศ","",""
"MED-111","Thailand’s National Adaptation Plan (NAP) | English Edition","Knowledge Asset","Published by: Department of Climate Change and Environment | Volume: Vol.1","E-book Reader","กลุ่มประชาสัมพันธ์และสื่อสารสิ่งแวดล้อม","","https://www.dcce.go.th/media/6583/","https://www.dcce.go.th/media/6583/?download_file=1&file_id=6590","Sitemap (DCCE Website)","คลังสื่อสิ่งพิมพ์","ข้อมูลสาธารณะ","ไม่มีการปรับปรุง","","","ประเทศ","",""
"MED-112","แผนการปรับตัวต่อการเปลี่ยนแปลงสภาพภูมิอากาศ (Thailand's National Adaptation Plan : NAP)","Knowledge Asset","ผู้แต่ง: กรมการเปลี่ยนแปลงสภาพภูมิอากาศและสิ่งแวดล้อม | หน่วยงาน: กองขับเคลื่อนการปรับตัวต่อการเปลี่ยนแปลงสภาพภูมิอากาศ | ปีที่พิมพ์: 2568","E-book Reader","กลุ่มประชาสัมพันธ์และสื่อสารสิ่งแวดล้อม","","https://www.dcce.go.th/media/6554/","https://www.dcce.go.th/media/6554/?download_file=1&file_id=6816","Sitemap (DCCE Website)","คลังสื่อสิ่งพิมพ์","ข้อมูลสาธารณะ","ไม่มีการปรับปรุง","","","ประเทศ","",""
"MED-113","รายงานประจำปี 2567 กรมการเปลี่ยนแปลงสภาพภูมิอากาศและสิ่งแวดล้อม","Knowledge Asset","ผู้แต่ง: กรมการเปลี่ยนแปลงสภาพภูมิอากาศและสิ่งแวดล้อม | เดือน-ปี ที่เผยแพร่: สิงหาคม 2025 | หน่วยงานเจ้าของสื่อ: สำนักงานเลขานุการกรม","E-book Reader","กลุ่มประชาสัมพันธ์และสื่อสารสิ่งแวดล้อม","","https://www.dcce.go.th/media/6548/","https://www.dcce.go.th/media/6548/?download_file=1&file_id=9652","Sitemap (DCCE Website)","คลังสื่อสิ่งพิมพ์","ข้อมูลสาธารณะ","ไม่มีการปรับปรุง","","","ประเทศ","",""
"MED-114","Climate Change A-Z Challenge : Decarbonization การลดการปล่อยก๊าซคาร์บอนไดออกไซด์ 1 ในก๊าซเรือนกระจก","Knowledge Asset","ผู้แต่ง: กรมการเปลี่ยนแปลงสภาพภูมิอากาศและสิ่งแวดล้อม | วัน-เดือน-ปีที่เผยแพร่: 19 พฤษภาคม | เนื้อหา Infographic: https://www.dcce.go.th/6584/","E-book Reader","กลุ่มประชาสัมพันธ์และสื่อสารสิ่งแวดล้อม","","https://www.dcce.go.th/media/6594/","https://www.dcce.go.th/wp-content/uploads/2025/05/Climate-Change-A-Z-Challenge-3.jpg","Sitemap (DCCE Website)","คลังสื่อสิ่งพิมพ์","ข้อมูลสาธารณะ","ไม่มีการปรับปรุง","","","ประเทศ","",""
"MED-115","Climate Change A-Z Challenge : Climate Change","Knowledge Asset","ผู้แต่ง: กรมการเปลี่ยนแปลงสภาพภูมิอากาศและสิ่งแวดล้อม | วัน-เดือน-ปีที่เผยแพร่: 8 พฤษภาคม 2568 | เนื้อหา Infographic: https://www.dcce.go.th/6322 | แหล่งที่มา: กรมอุตุนิยมวิทยา / Green Network : Magazine to save the world","E-book Reader","กลุ่มประชาสัมพันธ์และสื่อสารสิ่งแวดล้อม","","https://www.dcce.go.th/media/6359/","https://www.dcce.go.th/wp-content/uploads/2025/05/Climate-Change-A-Z-Challenge-2.jpg","Sitemap (DCCE Website)","คลังสื่อสิ่งพิมพ์","ข้อมูลสาธารณะ","ไม่มีการปรับปรุง","","","ประเทศ","",""
"MED-116","Climate Change A-Z Challenge : Biodiversity สำคัญต่อโลกเรายังไง? เกี่ยวอะไรกับโลกเดือด?","Knowledge Asset","ผู้แต่ง: กรมการเปลี่ยนแปลงสภาพภูมิอากาศและสิ่งแวดล้อม | วัน-เดือน-ปีที่เผยแพร่: 7 พฤษภาคม 2568 | เนื้อหา Infographic: https://www.dcce.go.th/6262/ | แหล่งที่มา: ศูนย์วิจัยและสนับสนุนเป้าหมายการพัฒนาที่ยั่งยืน","E-book Reader","กลุ่มประชาสัมพันธ์และสื่อสารสิ่งแวดล้อม","","https://www.dcce.go.th/media/6263/","https://www.dcce.go.th/wp-content/uploads/2025/05/Climate-Change-A-Z-Challenge-1.jpg","Sitemap (DCCE Website)","คลังสื่อสิ่งพิมพ์","ข้อมูลสาธารณะ","ไม่มีการปรับปรุง","","","ประเทศ","",""
"MED-117","Climate Change A-Z Challenge : Adaptation หรือ การปรับตัวต่อการเปลี่ยนแปลงสภาพภูมิอากาศ","Knowledge Asset","ผู้แต่ง: กรมการเปลี่ยนแปลงสภาพภูมิอากาศและสิ่งแวดล้อม | วัน-เดือน-ปีที่เผยแพร่: 6 พฤษภาคม 2568 | เนื้อหา Infographic: https://www.dcce.go.th/6219/","E-book Reader","กลุ่มประชาสัมพันธ์และสื่อสารสิ่งแวดล้อม","","https://www.dcce.go.th/media/6218/","https://www.dcce.go.th/wp-content/uploads/2025/05/Climate-Change-A-Z-Challenge.jpg","Sitemap (DCCE Website)","คลังสื่อสิ่งพิมพ์","ข้อมูลสาธารณะ","ไม่มีการปรับปรุง","","","ประเทศ","",""
"MED-118","&#8220;ดัชนีด้านการเปลี่ยนแปลงสภาพภูมิอากาศ&#8221;","Knowledge Asset","ผู้แต่ง: กรมการเปลี่ยนแปลงสภาพภูมิอากาศและสิ่งแวดล้อม | วัน-เดือน-ปีที่เผยแพร่: 5 พฤษภาคม 2568","E-book Reader","กลุ่มประชาสัมพันธ์และสื่อสารสิ่งแวดล้อม","","https://www.dcce.go.th/media/6212/","https://www.dcce.go.th/wp-content/uploads/2025/05/ดัชนีด้านการเปลี่ยนแปลงสภาพภูมิอากาศ.jpg","Sitemap (DCCE Website)","คลังสื่อสิ่งพิมพ์","ข้อมูลสาธารณะ","ไม่มีการปรับปรุง","","","ประเทศ","",""
"MED-119","เตรียมพร้อมป้องกันภัยจากพายุฤดูร้อน/พายุหมุนเขตร้อน : เมื่อการเปลี่ยนแปลงสภาพภูมิอากาศทวีความรุนแรง","Knowledge Asset","ผู้แต่ง: กรมการเปลี่ยนแปลงสภาพภูมิอากาศและสิ่งแวดล้อม | วัน-เดือน-ปีที่เผยแพร่: 3 พฤษภาคม 2568 | เนื้อหา Infographic: https://www.dcce.go.th/6208/","E-book Reader","กลุ่มประชาสัมพันธ์และสื่อสารสิ่งแวดล้อม","","https://www.dcce.go.th/media/6211/","https://www.dcce.go.th/6208/","Sitemap (DCCE Website)","คลังสื่อสิ่งพิมพ์","ข้อมูลสาธารณะ","ไม่มีการปรับปรุง","","","ประเทศ","",""
"MED-120","ระดับผลกระทบต่อสุขภาพจากดัชนีความร้อน","Knowledge Asset","ผู้แต่ง: กรมการเปลี่ยนแปลงสภาพภูมิอากาศและสิ่งแวดล้อม | วัน-เดือน-ปีที่เผยแพร่: 30 เมษายน 2568 | เนื้อหาข่าว: https://www.dcce.go.th/6041/","E-book Reader","กลุ่มประชาสัมพันธ์และสื่อสารสิ่งแวดล้อม","","https://www.dcce.go.th/media/6044/","https://www.dcce.go.th/6041/","Sitemap (DCCE Website)","คลังสื่อสิ่งพิมพ์","ข้อมูลสาธารณะ","ไม่มีการปรับปรุง","","","ประเทศ","",""
"MED-121","7 วิธี ป้องกัน Heat stroke ง่าย ๆ ในช่วงหน้าร้อน","Knowledge Asset","ผู้แต่ง: กรมการเปลี่ยนแปลงสภาพภูมิอากาศและสิ่งแวดล้อม | วัน-เดือน-ปีที่เผยแพร่: 27 เมษายน 2568 | เนื้อหาข่าว: https://www.dcce.go.th/6005/ | แหล่งที่มา: กรมป้องกันและบรรเทาสาธารณภัย DDPM (สายด่วนนิรภัย 1784)","E-book Reader","กลุ่มประชาสัมพันธ์และสื่อสารสิ่งแวดล้อม","","https://www.dcce.go.th/media/6008/","https://www.dcce.go.th/6005/","Sitemap (DCCE Website)","คลังสื่อสิ่งพิมพ์","ข้อมูลสาธารณะ","ไม่มีการปรับปรุง","","","ประเทศ","",""
"MED-122","คู่มือการลดก๊าซเรือนกระจก สำหรับประชาชน","Knowledge Asset","Department of Climate Change and Environment ติดต่อ จันทร์-ศุกร์ เวลา 08.30 – 16.30 น.","E-book Reader","กลุ่มประชาสัมพันธ์และสื่อสารสิ่งแวดล้อม","","https://www.dcce.go.th/media/5922/","https://www.dcce.go.th/media/5922/?download_file=1&file_id=5924","Sitemap (DCCE Website)","คลังสื่อสิ่งพิมพ์","ข้อมูลสาธารณะ","ไม่มีการปรับปรุง","","","ประเทศ","",""
"MED-123","คู่มือการใช้งานระบบสารสนเทศเครือข่าย ทสม. สำหรับผู้ใช้งานทั่วไป","Knowledge Asset","Department of Climate Change and Environment ติดต่อ จันทร์-ศุกร์ เวลา 08.30 – 16.30 น.","E-book Reader","กลุ่มประชาสัมพันธ์และสื่อสารสิ่งแวดล้อม","","https://www.dcce.go.th/media/5670/","https://www.dcce.go.th/media/5670/?download_file=1&file_id=5899","Sitemap (DCCE Website)","คลังสื่อสิ่งพิมพ์","ข้อมูลสาธารณะ","ไม่มีการปรับปรุง","","","ประเทศ","",""
"MED-124","คู่มือการใช้งานระบบฐานข้อมูลเครือข่าย ทสม. สำหรับ Admin ระดับจังหวัด (ทสจ.)","Knowledge Asset","Department of Climate Change and Environment ติดต่อ จันทร์-ศุกร์ เวลา 08.30 – 16.30 น.","E-book Reader","กลุ่มประชาสัมพันธ์และสื่อสารสิ่งแวดล้อม","","https://www.dcce.go.th/media/5664/","https://www.dcce.go.th/media/5664/?download_file=1&file_id=5667","Sitemap (DCCE Website)","คลังสื่อสิ่งพิมพ์","ข้อมูลสาธารณะ","ไม่มีการปรับปรุง","","","ประเทศ","",""
"MED-125","คู่มือการจัดทำห่วงโซ่ผลกระทบจากการเปลี่ยนแปลงสภาพภูมิอากาศ","Knowledge Asset","ผู้แต่ง: กองขับเคลื่อนการปรับตัวจากการเปลี่ยนแปลงสภาพภูมิอากาศ /กลุ่มวิเคราะห์ความเสี่ยงจากการเปลี่ยนแปลงสภาพภูมิอากาศ | ประเภทสื่อ: สื่อสิ่งพิมพ์ / คู่มือ | เดือน-ปี ที่เผยแพร่: ธันวาคม 2567 | ครั้งที่พิมพ์: 1/2567 | หน่วยงานเจ้าของสื่อ: กรมการเปลี่ยนแปลงสภาพภูมิอากาศและสิ่งแวดล้อม","E-book Reader","กลุ่มประชาสัมพันธ์และสื่อสารสิ่งแวดล้อม","","https://www.dcce.go.th/media/5075/","https://www.dcce.go.th/media/5075/?download_file=1&file_id=5076","Sitemap (DCCE Website)","คลังสื่อสิ่งพิมพ์","ข้อมูลสาธารณะ","ไม่มีการปรับปรุง","","","ประเทศ","",""
"MED-126","10 ภัยจากโลกเดือดที่ไม่ควรมองข้าม ในปี 2025","Knowledge Asset","ผู้แต่ง: กรมการเปลี่ยนแปลงสภาพภูมิอากาศและสิ่งแวดล้อม | ประเภทสื่อ: สื่อสิ่งพิมพ์ / Infographic | เดือน-ปี ที่เผยแพร่: มกราคม 2025 | ครั้งที่พิมพ์: - | วันที่พิมพ์: 16 มกราคม 2568 | โรงพิมพ์: กรมการเปลี่ยนแปลงสภาพภูมิอากาศและสิ่งแวดล้อม | หน่วยงานเจ้าของสื่อ: กองขับเคลื่อนการปรับตัวต่อการเปลี่ยนแปลง","Web Page","กลุ่มประชาสัมพันธ์และสื่อสารสิ่งแวดล้อม","","https://www.dcce.go.th/media/4474/","","Sitemap (DCCE Website)","คลังสื่อสิ่งพิมพ์","ข้อมูลสาธารณะ","ไม่มีการปรับปรุง","","","ประเทศ","",""
"MED-127","ชายฝั่งในภาวะโลกรวน : หากอยากปรับตัวให้รอด ต้องอาศัยความร่วมมือจากทุกฝ่าย (Climate Impacts on Coastal Areas : The Planet will Survive Only When All Stakeholders Join Hands.)","Knowledge Asset","ผู้แต่ง: กรมการเปลี่ยนแปลงสภาพภูมิอากาศและสิ่งแวดล้อม | ประเภทสื่อ: สื่อสิ่งพิมพ์ / Infographic | เดือน-ปี ที่เผยแพร่: พฤศจิกายน 2024 | ครั้งที่พิมพ์: - | วันที่พิมพ์: 28 พฤศจิกายน 2567 | โรงพิมพ์: กรมการเปลี่ยนแปลงสภาพภูมิอากาศและสิ่งแวดล้อม | หน่วยงานเจ้าของสื่อ: กองขับเคลื่อนการปรับตัวต่อการเปลี่","Web Page","กลุ่มประชาสัมพันธ์และสื่อสารสิ่งแวดล้อม","","https://www.dcce.go.th/media/%e0%b8%8a%e0%b8%b2%e0%b8%a2%e0%b8%9d%e0%b8%b1%e0%b9%88%e0%b8%87%e0%b9%83%e0%b8%99%e0%b8%a0%e0%b8%b2%e0%b8%a7%e0%b8%b0%e0%b9%82%e0%b8%a5%e0%b8%81%e0%b8%a3%e0%b8%a7%e0%b8%99-%e0%b8%ab%e0%b8%b2/","","Sitemap (DCCE Website)","คลังสื่อสิ่งพิมพ์","ข้อมูลสาธารณะ","ไม่มีการปรับปรุง","","","ประเทศ","",""
"MED-128","ชายฝั่งในภาวะโลกรวน : 4 จังหวัดฝั่งอ่าวไทย ปรับตัวต่อโลกรวนอย่างเข้าใจธรรมชาติ (Climate Impacts on Coastal Areas : How do 4 Thai Gulf Provinces Adapt to Climate Change?","Knowledge Asset","ผู้แต่ง: กรมการเปลี่ยนแปลงสภาพภูมิอากาศและสิ่งแวดล้อม | ประเภทสื่อ: สื่อสิ่งพิมพ์ / Infographic | เดือน-ปี ที่เผยแพร่: พฤศจิกายน 2024 | ครั้งที่พิมพ์: - | วันที่พิมพ์: 28 พฤศจิกายน 2567 | โรงพิมพ์: กรมการเปลี่ยนแปลงสภาพภูมิอากาศและสิ่งแวดล้อม | หน่วยงานเจ้าของสื่อ: กองขับเคลื่อนการปรับตัวต่อการเปลี่","Web Page","กลุ่มประชาสัมพันธ์และสื่อสารสิ่งแวดล้อม","","https://www.dcce.go.th/media/4469/","","Sitemap (DCCE Website)","คลังสื่อสิ่งพิมพ์","ข้อมูลสาธารณะ","ไม่มีการปรับปรุง","","","ประเทศ","",""
"MED-129","ชายฝั่งในภาวะโลกรวน : แก้ปัญหาอย่างเนียนไปกับธรรมชาติ (Climate Impacts on Coastal Areas : Adapting with Nature-Based Solutions )","Knowledge Asset","ผู้แต่ง: กรมการเปลี่ยนแปลงสภาพภูมิอากาศและสิ่งแวดล้อม | ประเภทสื่อ: สื่อสิ่งพิมพ์ / Infographic | เดือน-ปี ที่เผยแพร่: พฤศจิกายน 2024 | ครั้งที่พิมพ์: - | วันที่พิมพ์: 28 พฤศจิกายน 2567 | โรงพิมพ์: กรมการเปลี่ยนแปลงสภาพภูมิอากาศและสิ่งแวดล้อม | หน่วยงานเจ้าของสื่อ: กองขับเคลื่อนการปรับตัวต่อการเปลี่","Web Page","กลุ่มประชาสัมพันธ์และสื่อสารสิ่งแวดล้อม","","https://www.dcce.go.th/media/4466/","","Sitemap (DCCE Website)","คลังสื่อสิ่งพิมพ์","ข้อมูลสาธารณะ","ไม่มีการปรับปรุง","","","ประเทศ","",""
"MED-130","ชายฝั่งในภาวะโลกรวน : ตั้งรับ ยืดหยุ่น ปรับตัวต่อการเปลี่ยนแปลง (Climate Impacts on Coastal Areas : Adapting and Building Resilience to Climate Change)","Knowledge Asset","ผู้แต่ง: กรมการเปลี่ยนแปลงสภาพภูมิอากาศและสิ่งแวดล้อม | ประเภทสื่อ: สื่อสิ่งพิมพ์ / Infographic | เดือน-ปี ที่เผยแพร่: พฤศจิกายน 2024 | ครั้งที่พิมพ์: - | วันที่พิมพ์: 28 พฤศจิกายน 2567 | โรงพิมพ์: กรมการเปลี่ยนแปลงสภาพภูมิอากาศและสิ่งแวดล้อม | หน่วยงานเจ้าของสื่อ: กองขับเคลื่อนการปรับตัวต่อการเปลี่","Web Page","กลุ่มประชาสัมพันธ์และสื่อสารสิ่งแวดล้อม","","https://www.dcce.go.th/media/4467/","","Sitemap (DCCE Website)","คลังสื่อสิ่งพิมพ์","ข้อมูลสาธารณะ","ไม่มีการปรับปรุง","","","ประเทศ","",""
"MED-131","รายงานความโปร่งใสรายสองปี ฉบับที่ 1 (BTR1) ฉบับประชาชน","Knowledge Asset","คณะผู้จัดทำ: กรมการเปลี่ยนแปลงสภาพภูมิอากาศและสิ่งแวดล้อม | ประเภทสื่อ: สื่อสิ่งพิมพ์ / รายงานความโปร่งใสรายสองปี ฉบับที่ 1 (BTR1) ฉบับประชาชน | ครั้งที่พิมพ์: พิมพ์ครั้งที่ 1 | เดือน-ปี ที่เผยแพร่: มกราคม 2568 | ISBN: 978-616-316-798-9","E-book Reader","กลุ่มประชาสัมพันธ์และสื่อสารสิ่งแวดล้อม","","https://www.dcce.go.th/media/4339/","https://www.dcce.go.th/media/4339/?download_file=1&file_id=4328","Sitemap (DCCE Website)","คลังสื่อสิ่งพิมพ์","ข้อมูลสาธารณะ","ไม่มีการปรับปรุง","","","ประเทศ","",""
"MED-132","แผนปฏิบัติการด้านการลดก๊าซเรือนกระจกของประเทศ ปี พ.ศ. 2564 – 2573 : NDC Action Plan on Mitigation 2021 – 2030","Knowledge Asset","ผู้แต่ง: กรมการเปลี่ยนแปลงสภาพภูมิอากาศและสิ่งแวดล้อม | ประเภทสื่อ: สื่อสิ่งพิมพ์ / รายงานบัญชีก๊าซเรือนกระจก | เดือน-ปี ที่เผยแพร่: ธันวาคม 2024 | ครั้งที่พิมพ์: - | วันที่พิมพ์: 11 ธันวาคม 2567 | โรงพิมพ์: - | หน่วยงานเจ้าของสื่อ: กองขับเคลื่อนการลดก๊าซเรือนกระจก | ฉบับอัพเดต: รายละเอียด | 26.04.2","E-book Reader","กลุ่มประชาสัมพันธ์และสื่อสารสิ่งแวดล้อม","","https://www.dcce.go.th/media/4119/","https://www.dcce.go.th/media/4119/?download_file=1&file_id=6121","Sitemap (DCCE Website)","คลังสื่อสิ่งพิมพ์","ข้อมูลสาธารณะ","ไม่มีการปรับปรุง","","","ประเทศ","",""
"MED-133","ชายฝั่งในภาวะโลกรวน : กระทบที่อยู่ ปากท้อง และทรัพยากรในท้องทะเล (Climate Impacts on Coastal Areas : From Life at Home, Day-to-Day Life, To Life Below Water)","Knowledge Asset","ผู้แต่ง: กรมการเปลี่ยนแปลงสภาพภูมิอากาศและสิ่งแวดล้อม | ประเภทสื่อ: สื่อสิ่งพิมพ์ / Infographic | เดือน-ปี ที่เผยแพร่: พฤศจิกายน 2024 | ครั้งที่พิมพ์: - | วันที่พิมพ์: 28 พฤศจิกายน 2567 | โรงพิมพ์: กรมการเปลี่ยนแปลงสภาพภูมิอากาศและสิ่งแวดล้อม | หน่วยงานเจ้าของสื่อ: กองขับเคลื่อนการปรับตัวต่อการเปลี่","Web Page","กลุ่มประชาสัมพันธ์และสื่อสารสิ่งแวดล้อม","","https://www.dcce.go.th/media/4121/","","Sitemap (DCCE Website)","คลังสื่อสิ่งพิมพ์","ข้อมูลสาธารณะ","ไม่มีการปรับปรุง","","","ประเทศ","",""
"MED-134","ชายฝั่งในภาวะโลกรวน : 24 จังหวัดทะเลไทยแปรปรวน รวน ร้อน (Climate Impacts on Coastal Areas : 24 Coastal Provinces Amid Climate Change)","Knowledge Asset","ผู้แต่ง: กรมการเปลี่ยนแปลงสภาพภูมิอากาศและสิ่งแวดล้อม | ประเภทสื่อ: สื่อสิ่งพิมพ์ / Infographic | เดือน-ปี ที่เผยแพร่: - | ครั้งที่พิมพ์: พฤศจิกายน 2024 | วันที่พิมพ์: 28 พฤศจิกายน 2567 | โรงพิมพ์: กรมการเปลี่ยนแปลงสภาพภูมิอากาศและสิ่งแวดล้อม | หน่วยงานเจ้าของสื่อ: กองขับเคลื่อนการปรับตัวต่อการเปลี่","Web Page","กลุ่มประชาสัมพันธ์และสื่อสารสิ่งแวดล้อม","","https://www.dcce.go.th/media/4104/","","Sitemap (DCCE Website)","คลังสื่อสิ่งพิมพ์","ข้อมูลสาธารณะ","ไม่มีการปรับปรุง","","","ประเทศ","",""
"MED-135","ชายฝั่งในภาวะโลกรวน : ชายฝั่งเอเชียตะวันออกเฉียงใต้ เปราะบางต่อโลกรวน (Climate Impacts on Coastal Areas : South-East Asia's Coastal Areas are Vulnerable to Climate Change)","Knowledge Asset","ผู้แต่ง: กรมการเปลี่ยนแปลงสภาพภูมิอากาศและสิ่งแวดล้อม | ประเภทสื่อ: สื่อสิ่งพิมพ์ / Infographic | เดือน-ปี ที่เผยแพร่: พฤศจิกายน 2024 | ครั้งที่พิมพ์: - | วันที่พิมพ์: 28 พฤศจิกายน 2567 | โรงพิมพ์: กรมการเปลี่ยนแปลงสภาพภูมิอากาศและสิ่งแวดล้อม | หน่วยงานเจ้าของสื่อ: กองขับเคลื่อนการปรับตัวต่อการเปลี่","Web Page","กลุ่มประชาสัมพันธ์และสื่อสารสิ่งแวดล้อม","","https://www.dcce.go.th/media/4101/","","Sitemap (DCCE Website)","คลังสื่อสิ่งพิมพ์","ข้อมูลสาธารณะ","ไม่มีการปรับปรุง","","","ประเทศ","",""
"MED-136","ชายฝั่งในภาวะโลกรวน  ปะการังอาจตายหมดหากโลกร้อนกว่านี้ (Climate Impacts on Coastal Areas  Coral Reefs Under Critical Threat)","Knowledge Asset","ผู้แต่ง: กรมการเปลี่ยนแปลงสภาพภูมิอากาศและสิ่งแวดล้อม | ประเภทสื่อ: สื่อสิ่งพิมพ์ / Infographic | เดือน-ปี ที่เผยแพร่: พฤศจิกายน 2024 | ครั้งที่พิมพ์: - | วันที่พิมพ์: 28 พฤศจิกายน 2567 | โรงพิมพ์: กรมการเปลี่ยนแปลงสภาพภูมิอากาศและสิ่งแวดล้อม | หน่วยงานเจ้าของสื่อ: กองขับเคลื่อนการปรับตัวต่อการเปลี่","Web Page","กลุ่มประชาสัมพันธ์และสื่อสารสิ่งแวดล้อม","","https://www.dcce.go.th/media/4100/","","Sitemap (DCCE Website)","คลังสื่อสิ่งพิมพ์","ข้อมูลสาธารณะ","ไม่มีการปรับปรุง","","","ประเทศ","",""
"MED-137","ชายฝั่งในภาวะโลกรวน : จากภัยพิบัติบนฝั่งถึงวิกฤตใต้ทะเล (Climate Impacts on Coastal Areas : From Disasters to Ocean Crisis)","Knowledge Asset","ผู้แต่ง: กรมการเปลี่ยนแปลงสภาพภูมิอากาศและสิ่งแวดล้อม | ประเภทสื่อ: สื่อสิ่งพิมพ์ / Infographic | เดือน-ปี ที่เผยแพร่: พฤศจิกายน 2024 | ครั้งที่พิมพ์: - | วันที่พิมพ์: 28 พฤศจิกายน 2567 | โรงพิมพ์: กรมการเปลี่ยนแปลงสภาพภูมิอากาศและสิ่งแวดล้อม | หน่วยงานเจ้าของสื่อ: กองขับเคลื่อนการปรับตัวต่อการเปลี่","Web Page","กลุ่มประชาสัมพันธ์และสื่อสารสิ่งแวดล้อม","","https://www.dcce.go.th/media/4093/","","Sitemap (DCCE Website)","คลังสื่อสิ่งพิมพ์","ข้อมูลสาธารณะ","ไม่มีการปรับปรุง","","","ประเทศ","",""
"MED-138","ปรับวิธีคิด เปลี่ยนวิถีชีวิต พลิกวิกฤตโลกร้อน RETHING REINVENT REVERSE THE CLIMATE CRISIS","Knowledge Asset","ผู้แต่ง: กองส่งเสริมการมีส่วนร่วมต่อการเปลี่ยนแปลงสภาพภูมิอากาศและสิ่งแวดล้อม | ประเภทสื่อ: สื่อสิ่งพิมพ์ / คู่มือ | หน่วยงานเจ้าของสื่อ: กองส่งเสริมการมีส่วนร่วมต่อการเปลี่ยนแปลงสภาพภูมิอากาศและสิ่งแวดล้อม","E-book Reader","กลุ่มประชาสัมพันธ์และสื่อสารสิ่งแวดล้อม","","https://www.dcce.go.th/media/4075/","https://online.fliphtml5.com/jrbcl/syil/#p=1","Sitemap (DCCE Website)","คลังสื่อสิ่งพิมพ์","ข้อมูลสาธารณะ","ไม่มีการปรับปรุง","","","ประเทศ","",""
"MED-139","(กู้) ภัยโลกร้อนลดก๊าซเรือนกระจก COMBAT GLOBAL WARMING CUT GREENHOUSE GAS EMISSIONS","Knowledge Asset","ผู้แต่ง: กองส่งเสริมการมีส่วนร่วมต่อการเปลี่ยนแปลงสภาพภูมิอากาศและสิ่งแวดล้อม | ประเภทสื่อ: สื่อสิ่งพิมพ์ / คู่มือ | หน่วยงานเจ้าของสื่อ: กรมการเปลี่ยนแปลงสภาพภูมิอากาศและสิ่งแวดล้อม","E-book Reader","กลุ่มประชาสัมพันธ์และสื่อสารสิ่งแวดล้อม","","https://www.dcce.go.th/media/4072/","https://online.fliphtml5.com/jrbcl/qlah/#p=1","Sitemap (DCCE Website)","คลังสื่อสิ่งพิมพ์","ข้อมูลสาธารณะ","ไม่มีการปรับปรุง","","","ประเทศ","",""
"MED-140","ช่วยกันพลิกวิกฤตโลกร้อน JOIN HANDS TO REVERSE GLOBAL WARMING","Knowledge Asset","ผู้แต่ง: กรมการเปลี่ยนแปลงสภาพภูมิอากาศและสิ่งแวดล้อม | ประเภทสื่อ: สื่อสิ่งพิมพ์ / คู่มือ | เดือน-ปี ที่เผยแพร่: - | ครั้งที่พิมพ์: - | วันที่พิมพ์: - | หน่วยงานเจ้าของสื่อ: กรมการเปลี่ยนแปลงสภาพภูมิอากาศและสิ่งแวดล้อม","E-book Reader","กลุ่มประชาสัมพันธ์และสื่อสารสิ่งแวดล้อม","","https://www.dcce.go.th/media/4043/","https://online.fliphtml5.com/jrbcl/lceq/#p=1","Sitemap (DCCE Website)","คลังสื่อสิ่งพิมพ์","ข้อมูลสาธารณะ","ไม่มีการปรับปรุง","","","ประเทศ","",""
"MED-141","คู่มือการเชื่อมโยงประกาศจัดซื้อจัดจ้างจากระบบ e-GP ไปยังเว็บไซต์หน่วยงานของรัฐในรูปแบบ RSS (Really Simple Syndication)","Knowledge Asset","ผู้แต่ง: - | ประเภทสื่อ: สื่อสิ่งพิมพ์ / คู่มือ | เดือน-ปี ที่เผยแพร่: - | ครั้งที่พิมพ์: - | วันที่พิมพ์: - | โรงพิมพ์: - | หน่วยงานเจ้าของสื่อ: -","E-book Reader","กลุ่มประชาสัมพันธ์และสื่อสารสิ่งแวดล้อม","","https://www.dcce.go.th/media/4040/","https://www.dcce.go.th/media/4040/?download_file=1&file_id=4059","Sitemap (DCCE Website)","คลังสื่อสิ่งพิมพ์","ข้อมูลสาธารณะ","ไม่มีการปรับปรุง","","","ประเทศ","",""
"MED-142","Handbook for Green Climate Fund in Thailand (Updated Edition) 2024","Knowledge Asset","ผู้แต่ง: Department of Climate Change and Environment | ประเภทสื่อ: สื่อสิ่งพิมพ์ / คู่มือ | เดือน-ปี ที่เผยแพร่: กันยายน 2024 | ครั้งที่พิมพ์: ครั้งที่ 1 ปี 2024 | วันที่พิมพ์: กรกฎาคม 2024 | โรงพิมพ์: - | หน่วยงานเจ้าของสื่อ: กรมการเปลี่ยนแปลงสภาพภูมิอากาศและสิ่งแวดล้อม","E-book Reader","กลุ่มประชาสัมพันธ์และสื่อสารสิ่งแวดล้อม","","https://www.dcce.go.th/media/4037/","https://www.dcce.go.th/media/4037/?download_file=1&file_id=4061","Sitemap (DCCE Website)","คลังสื่อสิ่งพิมพ์","ข้อมูลสาธารณะ","ไม่มีการปรับปรุง","","","ประเทศ","",""
"MED-143","คู่มือกองทุนภูมิอากาศสีเขียว ฉบัับปรัับปรุง (พ.ศ. 2567)","Knowledge Asset","ผู้แต่ง: กรมการเปลี่ยนแปลงสภาพภูมิอากาศและสิ่งแวดล้อม | ประเภทสื่อ: สื่อสิ่งพิมพ์ / คู่มือ | เดือน-ปี ที่เผยแพร่: กันยายน 2024 | ครั้งที่พิมพ์: ครั้งที่ 1 ปี 2024 | วันที่พิมพ์: 27 กันยายน 2567 | โรงพิมพ์: - | หน่วยงานเจ้าของสื่อ: กรมการเปลี่ยนแปลงสภาพภูมิอากาศและสิ่งแวดล้อม","E-book Reader","กลุ่มประชาสัมพันธ์และสื่อสารสิ่งแวดล้อม","","https://www.dcce.go.th/media/4033/","https://www.dcce.go.th/media/4033/?download_file=1&file_id=4063","Sitemap (DCCE Website)","คลังสื่อสิ่งพิมพ์","ข้อมูลสาธารณะ","ไม่มีการปรับปรุง","","","ประเทศ","",""
"MED-144","Thailand's Climate Finance Strategy: Conceptual Framework 2030","Knowledge Asset","ผู้แต่ง: Department of Climate Change and Environment | ประเภทสื่อ: สื่อสิ่งพิมพ์ / คู่มือ | เดือน-ปี ที่เผยแพร่: กันยายน 2024 | ครั้งที่พิมพ์: ครั้งที่ 1 ปี 2024 | วันที่พิมพ์: 27 กันยายน 2567 | โรงพิมพ์: - | หน่วยงานเจ้าของสื่อ: กรมการเปลี่ยนแปลงสภาพภูมิอากาศและสิ่งแวดล้อม","Document","กลุ่มประชาสัมพันธ์และสื่อสารสิ่งแวดล้อม","","https://www.dcce.go.th/media/4031/","https://eservice.dcce.go.th/storage/Media/C202410039857.pdf","Sitemap (DCCE Website)","คลังสื่อสิ่งพิมพ์","ข้อมูลสาธารณะ","ไม่มีการปรับปรุง","","","ประเทศ","",""
"MED-145","ยุทธศาสตร์การเงินเพื่อการเปลี่ยนแปลงสภาพภูมิอากาศของประเทศไทยตามกรอบแนวคิดปี พ.ศ. 2573","Knowledge Asset","ผู้แต่ง: กรมการเปลี่ยนแปลงสภาพภูมิอากาศและสิ่งแวดล้อม | ประเภทสื่อ: สื่อสิ่งพิมพ์ / คู่มือ | เดือน-ปี ที่เผยแพร่: กันยายน 2024 | ครั้งที่พิมพ์: ครั้งที่ 1 ปี 2024 | วันที่พิมพ์: 27 กันยายน 2567 | โรงพิมพ์: - | หน่วยงานเจ้าของสื่อ: กรมการเปลี่ยนแปลงสภาพภูมิอากาศและสิ่งแวดล้อม","E-book Reader","กลุ่มประชาสัมพันธ์และสื่อสารสิ่งแวดล้อม","","https://www.dcce.go.th/media/4029/","https://www.dcce.go.th/media/4029/?download_file=1&file_id=4065","Sitemap (DCCE Website)","คลังสื่อสิ่งพิมพ์","ข้อมูลสาธารณะ","ไม่มีการปรับปรุง","","","ประเทศ","",""
"MED-146","Thailand’s No-Objection Procedure for Green Climate Fund (Updated Edition 2024)","Knowledge Asset","ผู้แต่ง: Department of Climate Change and Environment | ประเภทสื่อ: สื่อสิ่งพิมพ์ / คู่มือ | เดือน-ปี ที่เผยแพร่: กันยายน 2024 | ครั้งที่พิมพ์: ครั้งที่ 1 ปี 2024 | วันที่พิมพ์: 27 กันยายน 2567 | โรงพิมพ์: - | หน่วยงานเจ้าของสื่อ: กรมการเปลี่ยนแปลงสภาพภูมิอากาศและสิ่งแวดล้อม","E-book Reader","กลุ่มประชาสัมพันธ์และสื่อสารสิ่งแวดล้อม","","https://www.dcce.go.th/media/4027/","https://www.dcce.go.th/media/4027/?download_file=1&file_id=4066","Sitemap (DCCE Website)","คลังสื่อสิ่งพิมพ์","ข้อมูลสาธารณะ","ไม่มีการปรับปรุง","","","ประเทศ","",""
"MED-147","กระบวนการพิจารณาออกหนังสือรับรองว่าประเทศไทยไม่มีข้อคัดค้านต่อข้อเสนอโครงการ GCF ฉบับปรับปรุง (พ.ศ.2567)","Knowledge Asset","ผู้แต่ง: กรมการเปลี่ยนแปลงสภาพภูมิอากาศและสิ่งแวดล้อม | ประเภทสื่อ: สื่อสิ่งพิมพ์ / คู่มือ | เดือน-ปี ที่เผยแพร่: กันยายน 2024 | ครั้งที่พิมพ์: ครั้งที่ 1 ปี 2024 | วันที่พิมพ์: 27 กันยายน 2567 | โรงพิมพ์: - | หน่วยงานเจ้าของสื่อ: กรมการเปลี่ยนแปลงสภาพภูมิอากาศและสิ่งแวดล้อม","E-book Reader","กลุ่มประชาสัมพันธ์และสื่อสารสิ่งแวดล้อม","","https://www.dcce.go.th/media/4025/","https://www.dcce.go.th/media/4025/?download_file=1&file_id=4067","Sitemap (DCCE Website)","คลังสื่อสิ่งพิมพ์","ข้อมูลสาธารณะ","ไม่มีการปรับปรุง","","","ประเทศ","",""
"MED-148","Thailand Country Programme on Climate Change (2nd Edition) 2024","Knowledge Asset","ผู้แต่ง: Department of Climate Change and Environment | ประเภทสื่อ: สื่อสิ่งพิมพ์ / คู่มือ | เดือน-ปี ที่เผยแพร่: กันยายน 2024 | ครั้งที่พิมพ์: ครั้งที่ 1 ปี 2024 | วันที่พิมพ์: 27 กันยายน 2567 | โรงพิมพ์: - | หน่วยงานเจ้าของสื่อ: กรมการเปลี่ยนแปลงสภาพภูมิอากาศและสิ่งแวดล้อม","E-book Reader","กลุ่มประชาสัมพันธ์และสื่อสารสิ่งแวดล้อม","","https://www.dcce.go.th/media/4023/","https://www.dcce.go.th/media/4023/?download_file=1&file_id=4064","Sitemap (DCCE Website)","คลังสื่อสิ่งพิมพ์","ข้อมูลสาธารณะ","ไม่มีการปรับปรุง","","","ประเทศ","",""
"MED-149","กรอบการพิจารณาขอรับการสนับสนุนทางการเงินระหว่างประเทศ ด้านการเปลี่ยนแปลงสภาพภูมิอากาศของประเทศไทย (Thailand Country Programme: TCP) ฉบับปรับปรุง (พ.ศ. 2567)","Knowledge Asset","ผู้แต่ง: กรมการเปลี่ยนแปลงสภาพภูมิอากาศและสิ่งแวดล้อม | ประเภทสื่อ: สื่อสิ่งพิมพ์ / คู่มือ | เดือน-ปี ที่เผยแพร่: กันยายน 2024 | ครั้งที่พิมพ์: ครั้งที่ 1 ปี 2024 | วันที่พิมพ์: 27 กันยายน 2567 | โรงพิมพ์: กรมการเปลี่ยนแปลงสภาพภูมิอากาศและสิ่งแวดล้อม | หน่วยงานเจ้าของสื่อ: กรมการเปลี่ยนแปลงสภาพภูมิอ","E-book Reader","กลุ่มประชาสัมพันธ์และสื่อสารสิ่งแวดล้อม","","https://www.dcce.go.th/media/4020/","https://www.dcce.go.th/media/4020/?download_file=1&file_id=4062","Sitemap (DCCE Website)","คลังสื่อสิ่งพิมพ์","ข้อมูลสาธารณะ","ไม่มีการปรับปรุง","","","ประเทศ","",""
"MED-150","คู่มือกิจกรรมสิ่งแวดล้อมศึกษา การเปลี่ยนแปลงสภาพภูมิอากาศและความหลากหลายทางชีวภาพ","Knowledge Asset","ผู้แต่ง: กรมการเปลี่ยนแปลงสภาพภูมิอากาศและสิ่งแวดล้อม | ประเภทสื่อ: สื่อสิ่งพิมพ์ / คู่มือ | เดือน-ปี ที่เผยแพร่: สิงหาคม 2024 | ครั้งที่พิมพ์: ครั้งที่ 1 ปี 2024 | วันที่พิมพ์: 26 สิงหาคม 2567 | โรงพิมพ์: กรมการเปลี่ยนแปลงสภาพภูมิอากาศและสิ่งแวดล้อม | หน่วยงานเจ้าของสื่อ: กองขับเคลื่อนการปรับตัวต่อ","E-book Reader","กลุ่มประชาสัมพันธ์และสื่อสารสิ่งแวดล้อม","","https://www.dcce.go.th/media/4018/","https://www.dcce.go.th/media/4018/?download_file=1&file_id=4049","Sitemap (DCCE Website)","คลังสื่อสิ่งพิมพ์","ข้อมูลสาธารณะ","ไม่มีการปรับปรุง","","","ประเทศ","",""
"MED-151","คู่มือการป้องกันการเผาในที่โล่ง ไฟป่า ลดปัญหาหมอกควัน ฝุ่นละออง PM2.5 เพื่อปรับตัวต่อการเปลี่ยนแปลงสภาพภูมิอากาศและสิ่งแวดล้อม","Knowledge Asset","ผู้แต่ง: กรมการเปลี่ยนแปลงสภาพภูมิอากาศและสิ่งแวดล้อม | ประเภทสื่อ: สื่อสิ่งพิมพ์ / คู่มือ | เดือน-ปี ที่เผยแพร่: พฤษภาคม 2024 | ครั้งที่พิมพ์: ครั้งที่ 1 ปี 2024 | วันที่พิมพ์: 01 พฤษภาคม 2567 | โรงพิมพ์: - | หน่วยงานเจ้าของสื่อ: กองขับเคลื่อนการปรับตัวต่อการเปลี่ยนแปลงสภาพภูมิอากาศและสิ่งแวดล้อม","E-book Reader","กลุ่มประชาสัมพันธ์และสื่อสารสิ่งแวดล้อม","","https://www.dcce.go.th/media/4015/","https://www.dcce.go.th/media/4015/?download_file=1&file_id=4052","Sitemap (DCCE Website)","คลังสื่อสิ่งพิมพ์","ข้อมูลสาธารณะ","ไม่มีการปรับปรุง","","","ประเทศ","",""
"MED-152","คู่มือ อ่านหนังสือออนไลน์ ฟรี Green digital library","Knowledge Asset","ผู้แต่ง: กรมส่งเสริมคุณภาพสิ่งแวดล้อม | ประเภทสื่อ: สื่อสิ่งพิมพ์ / คู่มือ | เดือน-ปี ที่เผยแพร่: - 2023 | ครั้งที่พิมพ์: - | วันที่พิมพ์: - | โรงพิมพ์: - | หน่วยงานเจ้าของสื่อ: กองขับเคลื่อนการลดก๊าซเรือนกระจก","E-book Reader","กลุ่มประชาสัมพันธ์และสื่อสารสิ่งแวดล้อม","","https://www.dcce.go.th/media/3751/","https://www.dcce.go.th/media/3751/?download_file=1&file_id=4044","Sitemap (DCCE Website)","คลังสื่อสิ่งพิมพ์","ข้อมูลสาธารณะ","ไม่มีการปรับปรุง","","","ประเทศ","",""
"MED-153","คู่มือการเลี้ยงหนอนแมลงวันลายเพื่อประชาชน","Knowledge Asset","ผู้แต่ง: กรมการเปลี่ยนแปลงสภาพภูมิอากาศและสิ่งแวดล้อม | ประเภทสื่อ: สื่อสิ่งพิมพ์ / คู่มือ | เดือน-ปี ที่เผยแพร่: 2023 | ครั้งที่พิมพ์: - | วันที่พิมพ์: - | โรงพิมพ์: กรมการเปลี่ยนแปลงสภาพภูมิอากาศและสิ่งแวดล้อม | หน่วยงานเจ้าของสื่อ: ศูนย์วิจัยการเปลี่ยนแปลงสภาพภูมิอากาศและสิ่งแวดล้อม","E-book Reader","กลุ่มประชาสัมพันธ์และสื่อสารสิ่งแวดล้อม","","https://www.dcce.go.th/media/3747/","https://www.dcce.go.th/media/3747/?download_file=1&file_id=4042","Sitemap (DCCE Website)","คลังสื่อสิ่งพิมพ์","ข้อมูลสาธารณะ","ไม่มีการปรับปรุง","","","ประเทศ","",""
"MED-154","แผนขับเคลื่อนการดำเนินงานประจำปีงบประมาณ พ.ศ. 2568 ของพื้นที่ปฏิบัติการ ภายใต้การดำเนินงานขจัดความยากจนและลดความเหลื่อมล้ำ ตามหลักปรัชญาของเศรษฐกิจพอเพียงและโมเดลเศรษฐกิจ BCG","Knowledge Asset","ผู้แต่ง: กระทรวงทรัพยากรธรรมชาติและสิ่งแวดล้อม | ประเภทสื่อ: สื่อสิ่งพิมพ์ / รายงานประจำปี | เดือน-ปี ที่เผยแพร่: กุมภาพันธ์ 2015 | ครั้งที่พิมพ์: ครั้งที่ 1 ปี 2015 | วันที่พิมพ์: 24 กุมภาพันธ์ 2568 | หน่วยงานเจ้าของสื่อ: กระทรวงทรัพยากรธรรมชาติและสิ่งแวดล้อม","E-book Reader","กลุ่มประชาสัมพันธ์และสื่อสารสิ่งแวดล้อม","","https://www.dcce.go.th/media/3576/","https://www.dcce.go.th/media/3576/?download_file=1&file_id=3578","Sitemap (DCCE Website)","คลังสื่อสิ่งพิมพ์","ข้อมูลสาธารณะ","ไม่มีการปรับปรุง","","","ประเทศ","",""
"MED-155","ดึงพลังจากขยะ : เปลี่ยนวิกฤตให้เป็นโอกาส แก้ไขปัญหาขยะ สร้างพลังงานที่ยั่งยืน","Knowledge Asset","ผู้แต่ง: กรมการเปลี่ยนแปลงสภาพภูมิอากาศและสิ่งแวดล้อม | เดือน-ปี ที่เผยแพร่: ตุลาคม 2024 | วันที่พิมพ์: 10 ตุลาคม 2567 | หน่วยงานเจ้าของสื่อ: กองขับเคลื่อนการปรับตัวต่อการเปลี่ยนแปลงสภาพภูมิอากาศและสิ่งแวดล้อม","E-book Reader","กลุ่มประชาสัมพันธ์และสื่อสารสิ่งแวดล้อม","","https://www.dcce.go.th/media/2393/","https://www.dcce.go.th/media/2393/?download_file=1&file_id=2394","Sitemap (DCCE Website)","คลังสื่อสิ่งพิมพ์","ข้อมูลสาธารณะ","ไม่มีการปรับปรุง","","","ประเทศ","",""
"MED-156","แนวทางการรับมือ Jet Stream ที่แปรปรวน","Knowledge Asset","ผู้แต่ง: กรมการเปลี่ยนแปลงสภาพภูมิอากาศและสิ่งแวดล้อม | หน่วยงานเจ้าของสื่อ: กองขับเคลื่อนการปรับตัวต่อการเปลี่ยนแปลงสภาพภูมิอากาศและสิ่งแวดล้อม","Web Page","กลุ่มประชาสัมพันธ์และสื่อสารสิ่งแวดล้อม","","https://www.dcce.go.th/media/1004/","","Sitemap (DCCE Website)","คลังสื่อสิ่งพิมพ์","ข้อมูลสาธารณะ","ไม่มีการปรับปรุง","","","ประเทศ","",""
"MED-157","กรมการเปลี่ยนแปลงสภาพภูมิอากาศและสิ่งแวดล้อม","Knowledge Asset","ผู้แต่ง: กรมการเปลี่ยนแปลงสภาพภูมิอากาศและสิ่งแวดล้อม | หน่วยงานเจ้าของสื่อ: กองขับเคลื่อนการปรับตัวต่อการเปลี่ยนแปลงสภาพภูมิอากาศและสิ่งแวดล้อม","Web Page","กลุ่มประชาสัมพันธ์และสื่อสารสิ่งแวดล้อม","","https://www.dcce.go.th/media/1001/","","Sitemap (DCCE Website)","คลังสื่อสิ่งพิมพ์","ข้อมูลสาธารณะ","ไม่มีการปรับปรุง","","","ประเทศ","",""
"MED-158","รายงานประจำปี 2566 กรมการเปลี่ยนแปลงสภาพภูมิอากาศและสิ่งแวดล้อม","Knowledge Asset","ผู้แต่ง: กรมการเปลี่ยนแปลงสภาพภูมิอากาศและสิ่งแวดล้อม | เดือน-ปี ที่เผยแพร่: เมษายน 2024 | หน่วยงานเจ้าของสื่อ: สำนักงานเลขานุการกรม","E-book Reader","กลุ่มประชาสัมพันธ์และสื่อสารสิ่งแวดล้อม","","https://www.dcce.go.th/media/3539/","https://www.dcce.go.th/media/3539/?download_file=1&file_id=3541","Sitemap (DCCE Website)","คลังสื่อสิ่งพิมพ์","ข้อมูลสาธารณะ","ไม่มีการปรับปรุง","","","ประเทศ","",""
"RES-001","รายงานผลงานวิจัย ปี 2561-2563","Knowledge Asset","","Document","ศูนย์วิจัยการเปลี่ยนแปลงสภาพภูมิอากาศและสิ่งแวดล้อม","","https://www.dcce.go.th/media/10406/","https://www.dcce.go.th/media/10406/?download_file=1&file_id=10364","Sitemap (DCCE Website)","รายงานการวิจัย","ข้อมูลสาธารณะ","ไม่มีการปรับปรุง","","","ประเทศ","",""
"RES-002","รายงานผลงานวิจัย ปี 2558-2560","Knowledge Asset","","Document","ศูนย์วิจัยการเปลี่ยนแปลงสภาพภูมิอากาศและสิ่งแวดล้อม","","https://www.dcce.go.th/media/10405/","https://www.dcce.go.th/media/10405/?download_file=1&file_id=10358","Sitemap (DCCE Website)","รายงานการวิจัย","ข้อมูลสาธารณะ","ไม่มีการปรับปรุง","","","ประเทศ","",""
"RES-003","รายงานผลงานวิจัย ปี 2555-2557","Knowledge Asset","","Document","ศูนย์วิจัยการเปลี่ยนแปลงสภาพภูมิอากาศและสิ่งแวดล้อม","","https://www.dcce.go.th/media/10400/","https://www.dcce.go.th/media/10400/?download_file=1&file_id=10344","Sitemap (DCCE Website)","รายงานการวิจัย","ข้อมูลสาธารณะ","ไม่มีการปรับปรุง","","","ประเทศ","",""
"RES-004","รายงานผลงานวิจัย ปี 2553-2555","Knowledge Asset","","Document","ศูนย์วิจัยการเปลี่ยนแปลงสภาพภูมิอากาศและสิ่งแวดล้อม","","https://www.dcce.go.th/media/10385/","https://www.dcce.go.th/media/10385/?download_file=1&file_id=10319","Sitemap (DCCE Website)","รายงานการวิจัย","ข้อมูลสาธารณะ","ไม่มีการปรับปรุง","","","ประเทศ","",""
"RES-005","รายงานผลงานวิจัย ปี 2551-2552","Knowledge Asset","","Document","ศูนย์วิจัยการเปลี่ยนแปลงสภาพภูมิอากาศและสิ่งแวดล้อม","","https://www.dcce.go.th/media/10384/","https://www.dcce.go.th/media/10384/?download_file=1&file_id=10318","Sitemap (DCCE Website)","รายงานการวิจัย","ข้อมูลสาธารณะ","ไม่มีการปรับปรุง","","","ประเทศ","",""
"RES-006","รายงานผลงานวิจัย ปี 2549-2550","Knowledge Asset","","Document","ศูนย์วิจัยการเปลี่ยนแปลงสภาพภูมิอากาศและสิ่งแวดล้อม","","https://www.dcce.go.th/media/10383/","https://www.dcce.go.th/media/10383/?download_file=1&file_id=10317","Sitemap (DCCE Website)","รายงานการวิจัย","ข้อมูลสาธารณะ","ไม่มีการปรับปรุง","","","ประเทศ","",""
"RES-007","รายงานผลงานวิจัย ปี 2547-2548","Knowledge Asset","","Document","ศูนย์วิจัยการเปลี่ยนแปลงสภาพภูมิอากาศและสิ่งแวดล้อม","","https://www.dcce.go.th/media/10377/","https://www.dcce.go.th/media/10377/?download_file=1&file_id=10316","Sitemap (DCCE Website)","รายงานการวิจัย","ข้อมูลสาธารณะ","ไม่มีการปรับปรุง","","","ประเทศ","",""
"RES-008","รายงานผลงานวิจัย ปี 2544-2546","Knowledge Asset","","Document","ศูนย์วิจัยการเปลี่ยนแปลงสภาพภูมิอากาศและสิ่งแวดล้อม","","https://www.dcce.go.th/media/10369/","https://www.dcce.go.th/media/10369/?download_file=1&file_id=10330","Sitemap (DCCE Website)","รายงานการวิจัย","ข้อมูลสาธารณะ","ไม่มีการปรับปรุง","","","ประเทศ","",""
"VID-001","ตอนที่ 22 การใช้ประโยชน์ที่ลงตัว รอบรั้วสนามบิน","Knowledge Asset","วิดีโอมัลติมีเดียเผยแพร่: ตอนที่ 22 การใช้ประโยชน์ที่ลงตัว รอบรั้วสนามบิน","YouTube Video","กลุ่มประชาสัมพันธ์และสื่อสารสิ่งแวดล้อม","","https://www.youtube.com/watch?v=aTOyM_Sa9d4","https://www.youtube.com/watch?v=aTOyM_Sa9d4","Sitemap (DCCE Website)","มัลติมีเดีย","ข้อมูลสาธารณะ","ไม่มีการปรับปรุง","","","ประเทศ","",""
"VID-002","วิจัยตรงจุด ตอนที่ 13 การปลดปล่อยและผลกระทบของสารปรอทจากการสกัดแยกแร่ทองคำ","Knowledge Asset","วิดีโอมัลติมีเดียเผยแพร่: วิจัยตรงจุด ตอนที่ 13 การปลดปล่อยและผลกระทบของสารปรอทจากการสกัดแยกแร่ทองคำ","YouTube Video","กลุ่มประชาสัมพันธ์และสื่อสารสิ่งแวดล้อม","","https://www.youtube.com/watch?v=LM-x4Pn5I3c","https://www.youtube.com/watch?v=LM-x4Pn5I3c","Sitemap (DCCE Website)","มัลติมีเดีย","ข้อมูลสาธารณะ","ไม่มีการปรับปรุง","","","ประเทศ","",""
"VID-003","วิจัยตรงจุด ตอนที่ 2 ธนาคารปูม้า จากภูมิปัญญาสู่การวิจัยเพื่อการอนุรักษ์","Knowledge Asset","วิดีโอมัลติมีเดียเผยแพร่: วิจัยตรงจุด ตอนที่ 2 ธนาคารปูม้า จากภูมิปัญญาสู่การวิจัยเพื่อการอนุรักษ์","YouTube Video","กลุ่มประชาสัมพันธ์และสื่อสารสิ่งแวดล้อม","","https://www.youtube.com/watch?v=v96gASJDPQQ","https://www.youtube.com/watch?v=v96gASJDPQQ","Sitemap (DCCE Website)","มัลติมีเดีย","ข้อมูลสาธารณะ","ไม่มีการปรับปรุง","","","ประเทศ","",""
"VID-004","ตอนที่ 28 ลดคาร์บอน ลดต้นทุน สนับสนุนการรักษ์โลก","Knowledge Asset","วิดีโอมัลติมีเดียเผยแพร่: ตอนที่ 28 ลดคาร์บอน ลดต้นทุน สนับสนุนการรักษ์โลก","YouTube Video","กลุ่มประชาสัมพันธ์และสื่อสารสิ่งแวดล้อม","","https://www.youtube.com/watch?v=ONyDw6KbE0U","https://www.youtube.com/watch?v=ONyDw6KbE0U","Sitemap (DCCE Website)","มัลติมีเดีย","ข้อมูลสาธารณะ","ไม่มีการปรับปรุง","","","ประเทศ","",""
"VID-005","วิจัยตรงจุด ตอนที่ 14 มหัศจรรย์ เมืองเนินมะปราง","Knowledge Asset","วิดีโอมัลติมีเดียเผยแพร่: วิจัยตรงจุด ตอนที่ 14 มหัศจรรย์ เมืองเนินมะปราง","YouTube Video","กลุ่มประชาสัมพันธ์และสื่อสารสิ่งแวดล้อม","","https://www.youtube.com/watch?v=5YN0KxQ7-So","https://www.youtube.com/watch?v=5YN0KxQ7-So","Sitemap (DCCE Website)","มัลติมีเดีย","ข้อมูลสาธารณะ","ไม่มีการปรับปรุง","","","ประเทศ","",""
"VID-006","วิจัยตรงจุด ตอนที่ 12 ลดโลกร้อน ด้วยสารยับยั้งไนตริฟิเคชั่น","Knowledge Asset","วิดีโอมัลติมีเดียเผยแพร่: วิจัยตรงจุด ตอนที่ 12 ลดโลกร้อน ด้วยสารยับยั้งไนตริฟิเคชั่น","YouTube Video","กลุ่มประชาสัมพันธ์และสื่อสารสิ่งแวดล้อม","","https://www.youtube.com/watch?v=oLQeL3k4vqM","https://www.youtube.com/watch?v=oLQeL3k4vqM","Sitemap (DCCE Website)","มัลติมีเดีย","ข้อมูลสาธารณะ","ไม่มีการปรับปรุง","","","ประเทศ","",""
"VID-007","วิจัยตรงจุด ตอนที่ 7 การประเมินความเสี่ยงเชิงนิเวศในเขตควบคุมมลพิษ","Knowledge Asset","วิดีโอมัลติมีเดียเผยแพร่: วิจัยตรงจุด ตอนที่ 7 การประเมินความเสี่ยงเชิงนิเวศในเขตควบคุมมลพิษ","YouTube Video","กลุ่มประชาสัมพันธ์และสื่อสารสิ่งแวดล้อม","","https://www.youtube.com/watch?v=wWfzq2Xisoo","https://www.youtube.com/watch?v=wWfzq2Xisoo","Sitemap (DCCE Website)","มัลติมีเดีย","ข้อมูลสาธารณะ","ไม่มีการปรับปรุง","","","ประเทศ","",""
"VID-008","วิจัยตรงจุด ตอนที่ 6 การประเมินศักยภาพของธรรมชาติ เพื่อฟื้นฟูพื้นที่ปนเปื้อนมลพพิษ","Knowledge Asset","วิดีโอมัลติมีเดียเผยแพร่: วิจัยตรงจุด ตอนที่ 6 การประเมินศักยภาพของธรรมชาติ เพื่อฟื้นฟูพื้นที่ปนเปื้อนมลพพิษ","YouTube Video","กลุ่มประชาสัมพันธ์และสื่อสารสิ่งแวดล้อม","","https://www.youtube.com/watch?v=DV5YytCovtY","https://www.youtube.com/watch?v=DV5YytCovtY","Sitemap (DCCE Website)","มัลติมีเดีย","ข้อมูลสาธารณะ","ไม่มีการปรับปรุง","","","ประเทศ","",""
"VID-009","วิจัยตรงจุด ตอนที่ 5 ลดมลพิษมาบตาพุด คืนความสมดุลสู่ระบบนิเวศ","Knowledge Asset","วิดีโอมัลติมีเดียเผยแพร่: วิจัยตรงจุด ตอนที่ 5 ลดมลพิษมาบตาพุด คืนความสมดุลสู่ระบบนิเวศ","YouTube Video","กลุ่มประชาสัมพันธ์และสื่อสารสิ่งแวดล้อม","","https://www.youtube.com/watch?v=R5aBuvQ3AZk","https://www.youtube.com/watch?v=R5aBuvQ3AZk","Sitemap (DCCE Website)","มัลติมีเดีย","ข้อมูลสาธารณะ","ไม่มีการปรับปรุง","","","ประเทศ","",""
"VID-010","วิจัยตรงจุด ตอนที่ 4 เตาเผาขยะชีวมวล ชุดผลิตน้ำส้มควันไม้","Knowledge Asset","วิดีโอมัลติมีเดียเผยแพร่: วิจัยตรงจุด ตอนที่ 4 เตาเผาขยะชีวมวล ชุดผลิตน้ำส้มควันไม้","YouTube Video","กลุ่มประชาสัมพันธ์และสื่อสารสิ่งแวดล้อม","","https://www.youtube.com/watch?v=H8407903Uwo","https://www.youtube.com/watch?v=H8407903Uwo","Sitemap (DCCE Website)","มัลติมีเดีย","ข้อมูลสาธารณะ","ไม่มีการปรับปรุง","","","ประเทศ","",""
"VID-011","เผาในเตาได้ถ่าน “ลดโลกร้อน”","Knowledge Asset","วิดีโอมัลติมีเดียเผยแพร่: เผาในเตาได้ถ่าน “ลดโลกร้อน”","YouTube Video","กลุ่มประชาสัมพันธ์และสื่อสารสิ่งแวดล้อม","","https://www.youtube.com/watch?v=oYY4u3pi2ys","https://www.youtube.com/watch?v=oYY4u3pi2ys","Sitemap (DCCE Website)","มัลติมีเดีย","ข้อมูลสาธารณะ","ไม่มีการปรับปรุง","","","ประเทศ","",""
"VID-012","ลดใช้เคมี ชีวิตดีทุกครัวเรือน","Knowledge Asset","วิดีโอมัลติมีเดียเผยแพร่: ลดใช้เคมี ชีวิตดีทุกครัวเรือน","YouTube Video","กลุ่มประชาสัมพันธ์และสื่อสารสิ่งแวดล้อม","","https://www.youtube.com/watch?v=HvkolRRaz_0","https://www.youtube.com/watch?v=HvkolRRaz_0","Sitemap (DCCE Website)","มัลติมีเดีย","ข้อมูลสาธารณะ","ไม่มีการปรับปรุง","","","ประเทศ","",""
"VID-013","โรคร้อนเมื่อโลกร้อน","Knowledge Asset","วิดีโอมัลติมีเดียเผยแพร่: โรคร้อนเมื่อโลกร้อน","YouTube Video","กลุ่มประชาสัมพันธ์และสื่อสารสิ่งแวดล้อม","","https://www.youtube.com/watch?v=rvGD0nYz0Ks","https://www.youtube.com/watch?v=rvGD0nYz0Ks","Sitemap (DCCE Website)","มัลติมีเดีย","ข้อมูลสาธารณะ","ไม่มีการปรับปรุง","","","ประเทศ","",""
"VID-014","การบำบัดน้ำเสียเพื่อนำกลับมาใช้ใหม่","Knowledge Asset","วิดีโอมัลติมีเดียเผยแพร่: การบำบัดน้ำเสียเพื่อนำกลับมาใช้ใหม่","YouTube Video","กลุ่มประชาสัมพันธ์และสื่อสารสิ่งแวดล้อม","","https://www.youtube.com/watch?v=MqWu2lfBQ4I","https://www.youtube.com/watch?v=MqWu2lfBQ4I","Sitemap (DCCE Website)","มัลติมีเดีย","ข้อมูลสาธารณะ","ไม่มีการปรับปรุง","","","ประเทศ","",""
"VID-015","บำบัดดี มีน้ำใช้","Knowledge Asset","วิดีโอมัลติมีเดียเผยแพร่: บำบัดดี มีน้ำใช้","YouTube Video","กลุ่มประชาสัมพันธ์และสื่อสารสิ่งแวดล้อม","","https://www.youtube.com/watch?v=0mggf6Cputw","https://www.youtube.com/watch?v=0mggf6Cputw","Sitemap (DCCE Website)","มัลติมีเดีย","ข้อมูลสาธารณะ","ไม่มีการปรับปรุง","","","ประเทศ","",""
"VID-016","ขยะชุมชน มหันตภัยสารพิษระยะประชิดตัว","Knowledge Asset","วิดีโอมัลติมีเดียเผยแพร่: ขยะชุมชน มหันตภัยสารพิษระยะประชิดตัว","YouTube Video","กลุ่มประชาสัมพันธ์และสื่อสารสิ่งแวดล้อม","","https://www.youtube.com/watch?v=oU_wNzcc6YI","https://www.youtube.com/watch?v=oU_wNzcc6YI","Sitemap (DCCE Website)","มัลติมีเดีย","ข้อมูลสาธารณะ","ไม่มีการปรับปรุง","","","ประเทศ","",""
"VID-017","การปนเปื้อนของสารกลุ่มผลิตภัณฑ์ยาในแม่น้ำบางปะกง","Knowledge Asset","วิดีโอมัลติมีเดียเผยแพร่: การปนเปื้อนของสารกลุ่มผลิตภัณฑ์ยาในแม่น้ำบางปะกง","YouTube Video","กลุ่มประชาสัมพันธ์และสื่อสารสิ่งแวดล้อม","","https://www.youtube.com/watch?v=wGGP2uEj9B0","https://www.youtube.com/watch?v=wGGP2uEj9B0","Sitemap (DCCE Website)","มัลติมีเดีย","ข้อมูลสาธารณะ","ไม่มีการปรับปรุง","","","ประเทศ","",""
"VID-018","ปกป้องป่าจากฝนกรด ลดมลพิษในระบบนิเวศ","Knowledge Asset","วิดีโอมัลติมีเดียเผยแพร่: ปกป้องป่าจากฝนกรด ลดมลพิษในระบบนิเวศ","YouTube Video","กลุ่มประชาสัมพันธ์และสื่อสารสิ่งแวดล้อม","","https://www.youtube.com/watch?v=d8dbPtEBDUA","https://www.youtube.com/watch?v=d8dbPtEBDUA","Sitemap (DCCE Website)","มัลติมีเดีย","ข้อมูลสาธารณะ","ไม่มีการปรับปรุง","","","ประเทศ","",""
"VID-019","ทำความรู้จัก &#8216;ไดออกซิน'","Knowledge Asset","วิดีโอมัลติมีเดียเผยแพร่: ทำความรู้จัก &#8216;ไดออกซิน'","YouTube Video","กลุ่มประชาสัมพันธ์และสื่อสารสิ่งแวดล้อม","","https://www.youtube.com/watch?v=Ga5oWsgG0U8","https://www.youtube.com/watch?v=Ga5oWsgG0U8","Sitemap (DCCE Website)","มัลติมีเดีย","ข้อมูลสาธารณะ","ไม่มีการปรับปรุง","","","ประเทศ","",""
"VID-020","วิจัยตรงจุด ตอนที่ 11 ไดออกซินภัยเงียบที่ควบคุมได้","Knowledge Asset","วิดีโอมัลติมีเดียเผยแพร่: วิจัยตรงจุด ตอนที่ 11 ไดออกซินภัยเงียบที่ควบคุมได้","YouTube Video","กลุ่มประชาสัมพันธ์และสื่อสารสิ่งแวดล้อม","","https://www.youtube.com/watch?v=qWemhFKZMm0","https://www.youtube.com/watch?v=qWemhFKZMm0","Sitemap (DCCE Website)","มัลติมีเดีย","ข้อมูลสาธารณะ","ไม่มีการปรับปรุง","","","ประเทศ","",""
"VID-021","วิจัยตรงจุด ตอนที่ 10 สร้างชุมชนต้นแบบ สู่การแก้ปัญหาหมอกควันที่ยั่งยืน","Knowledge Asset","วิดีโอมัลติมีเดียเผยแพร่: วิจัยตรงจุด ตอนที่ 10 สร้างชุมชนต้นแบบ สู่การแก้ปัญหาหมอกควันที่ยั่งยืน","YouTube Video","กลุ่มประชาสัมพันธ์และสื่อสารสิ่งแวดล้อม","","https://www.youtube.com/watch?v=hREpPIQ-I8M","https://www.youtube.com/watch?v=hREpPIQ-I8M","Sitemap (DCCE Website)","มัลติมีเดีย","ข้อมูลสาธารณะ","ไม่มีการปรับปรุง","","","ประเทศ","",""
"VID-022","การประชุมภาคีการขับเคลื่อนการปฏิบัติงานด้านการเปลี่ยนแปลงสภาพภูมิอากาศของไทย ครั้งที่ 4 : TCAC 2025","Knowledge Asset","วิดีโอมัลติมีเดียเผยแพร่: การประชุมภาคีการขับเคลื่อนการปฏิบัติงานด้านการเปลี่ยนแปลงสภาพภูมิอากาศของไทย ครั้งที่ 4 : TCAC 2025","YouTube Video","กลุ่มประชาสัมพันธ์และสื่อสารสิ่งแวดล้อม","","https://www.youtube.com/watch?v=UjH1-ePZacE","https://www.youtube.com/watch?v=UjH1-ePZacE","Sitemap (DCCE Website)","มัลติมีเดีย","ข้อมูลสาธารณะ","ไม่มีการปรับปรุง","","","ประเทศ","",""
"VID-023","สัญญาณอันตราย อุณหภูมิโลกจ่อทำลายสถิติเก่า","Knowledge Asset","วิดีโอมัลติมีเดียเผยแพร่: สัญญาณอันตราย อุณหภูมิโลกจ่อทำลายสถิติเก่า","YouTube Video","กลุ่มประชาสัมพันธ์และสื่อสารสิ่งแวดล้อม","","https://www.youtube.com/watch?v=FN8qVS3UU5Y","https://www.youtube.com/watch?v=FN8qVS3UU5Y","Sitemap (DCCE Website)","มัลติมีเดีย","ข้อมูลสาธารณะ","ไม่มีการปรับปรุง","","","ประเทศ","",""
"VID-024","แผ่นดินไหวท่ามกลางวิกฤตโลกเดือด ความเชื่อมโยงที่ไม่ควรมองข้าม","Knowledge Asset","วิดีโอมัลติมีเดียเผยแพร่: แผ่นดินไหวท่ามกลางวิกฤตโลกเดือด ความเชื่อมโยงที่ไม่ควรมองข้าม","YouTube Video","กลุ่มประชาสัมพันธ์และสื่อสารสิ่งแวดล้อม","","https://www.youtube.com/watch?v=03Z-CUqXQbU","https://www.youtube.com/watch?v=03Z-CUqXQbU","Sitemap (DCCE Website)","มัลติมีเดีย","ข้อมูลสาธารณะ","ไม่มีการปรับปรุง","","","ประเทศ","",""
"VID-025","เทคโนโลยีทำนาลดโลกร้อน","Knowledge Asset","วิดีโอมัลติมีเดียเผยแพร่: เทคโนโลยีทำนาลดโลกร้อน","YouTube Video","กลุ่มประชาสัมพันธ์และสื่อสารสิ่งแวดล้อม","","https://www.youtube.com/watch?v=aUUOcH5W5j4","https://www.youtube.com/watch?v=aUUOcH5W5j4","Sitemap (DCCE Website)","มัลติมีเดีย","ข้อมูลสาธารณะ","ไม่มีการปรับปรุง","","","ประเทศ","",""
"VID-026","สิ้นสุด “ยุคโลกร้อน” แต่กำลังเข้าสู่ “ยุคโลกเดือด","Knowledge Asset","วิดีโอมัลติมีเดียเผยแพร่: สิ้นสุด “ยุคโลกร้อน” แต่กำลังเข้าสู่ “ยุคโลกเดือด","YouTube Video","กลุ่มประชาสัมพันธ์และสื่อสารสิ่งแวดล้อม","","https://www.youtube.com/watch?v=bPo_IUQzQjY&amp;pp=0gcJCc4JAYcqIYzv","https://www.youtube.com/watch?v=bPo_IUQzQjY&amp;pp=0gcJCc4JAYcqIYzv","Sitemap (DCCE Website)","มัลติมีเดีย","ข้อมูลสาธารณะ","ไม่มีการปรับปรุง","","","ประเทศ","",""
"VID-027","“บอส ชนกันต์” พาชมงาน “เบญจรงค์รักษ์โลก”ที่งานดี ดีไซน์ปัง แต่หัวใจก็ยังสีเขียว","Knowledge Asset","วิดีโอมัลติมีเดียเผยแพร่: “บอส ชนกันต์” พาชมงาน “เบญจรงค์รักษ์โลก”ที่งานดี ดีไซน์ปัง แต่หัวใจก็ยังสีเขียว","YouTube Video","กลุ่มประชาสัมพันธ์และสื่อสารสิ่งแวดล้อม","","https://www.youtube.com/watch?v=cG8DoNo4bDo","https://www.youtube.com/watch?v=cG8DoNo4bDo","Sitemap (DCCE Website)","มัลติมีเดีย","ข้อมูลสาธารณะ","ไม่มีการปรับปรุง","","","ประเทศ","",""
"VID-028","เดตนี้ไม่มีแค่หวาน “บิว ณัฐพล” พาคนรักเดตแบบลดโลกร้อน","Knowledge Asset","วิดีโอมัลติมีเดียเผยแพร่: เดตนี้ไม่มีแค่หวาน “บิว ณัฐพล” พาคนรักเดตแบบลดโลกร้อน","YouTube Video","กลุ่มประชาสัมพันธ์และสื่อสารสิ่งแวดล้อม","","https://www.youtube.com/watch?v=L9d5_BbPAho","https://www.youtube.com/watch?v=L9d5_BbPAho","Sitemap (DCCE Website)","มัลติมีเดีย","ข้อมูลสาธารณะ","ไม่มีการปรับปรุง","","","ประเทศ","",""
"VID-029","ช้อปให้โปร เลือกให้เป๊ะ ต้องเลือกของที่มีฉลากรักษ์โลก","Knowledge Asset","วิดีโอมัลติมีเดียเผยแพร่: ช้อปให้โปร เลือกให้เป๊ะ ต้องเลือกของที่มีฉลากรักษ์โลก","YouTube Video","กลุ่มประชาสัมพันธ์และสื่อสารสิ่งแวดล้อม","","https://www.youtube.com/watch?v=xi0-EOig1Uc","https://www.youtube.com/watch?v=xi0-EOig1Uc","Sitemap (DCCE Website)","มัลติมีเดีย","ข้อมูลสาธารณะ","ไม่มีการปรับปรุง","","","ประเทศ","",""
"VID-030","กรมลดโลกร้อน นำทีมไทยร่วมเวที FSV18 แลกเปลี่ยนงานด้านโลกร้อน พร้อมผลักดันความร่วมมือระหว่างประเทศ","Knowledge Asset","วิดีโอมัลติมีเดียเผยแพร่: กรมลดโลกร้อน นำทีมไทยร่วมเวที FSV18 แลกเปลี่ยนงานด้านโลกร้อน พร้อมผลักดันความร่วมมือระหว่างประเทศ","YouTube Video","กลุ่มประชาสัมพันธ์และสื่อสารสิ่งแวดล้อม","","https://www.youtube.com/watch?v=H7kBLpfnsTw","https://www.youtube.com/watch?v=H7kBLpfnsTw","Sitemap (DCCE Website)","มัลติมีเดีย","ข้อมูลสาธารณะ","ไม่มีการปรับปรุง","","","ประเทศ","",""
"VID-031","บอส ชนกันต์ จะพามาตะลุยสยาม กับคำถามที่ว่า …คุณรู้จัก “พลังสะอาดไหม ?”","Knowledge Asset","วิดีโอมัลติมีเดียเผยแพร่: บอส ชนกันต์ จะพามาตะลุยสยาม กับคำถามที่ว่า …คุณรู้จัก “พลังสะอาดไหม ?”","YouTube Video","กลุ่มประชาสัมพันธ์และสื่อสารสิ่งแวดล้อม","","https://www.youtube.com/watch?v=V7NDhqVg8Bc","https://www.youtube.com/watch?v=V7NDhqVg8Bc","Sitemap (DCCE Website)","มัลติมีเดีย","ข้อมูลสาธารณะ","ไม่มีการปรับปรุง","","","ประเทศ","",""
"VID-032","ไม่ต้องเลิกเล่นมือถือ แต่ “ใช้ให้ฉลาดขึ้น” บิว ณัฐพล พาเปลี่ยนความคิด พลิกชีวิตให้เป็นสายกรีน!","Knowledge Asset","วิดีโอมัลติมีเดียเผยแพร่: ไม่ต้องเลิกเล่นมือถือ แต่ “ใช้ให้ฉลาดขึ้น” บิว ณัฐพล พาเปลี่ยนความคิด พลิกชีวิตให้เป็นสายกรีน!","YouTube Video","กลุ่มประชาสัมพันธ์และสื่อสารสิ่งแวดล้อม","","https://www.youtube.com/watch?v=QbObLbM9lls","https://www.youtube.com/watch?v=QbObLbM9lls","Sitemap (DCCE Website)","มัลติมีเดีย","ข้อมูลสาธารณะ","ไม่มีการปรับปรุง","","","ประเทศ","",""
"VID-033","เรื่องกินเรื่องใหญ่ “กินอะไร โลกปัง กินอะไร โลกพัง แล้วกินแบบไหน ให้…“โลกไม่ร้อน”?","Knowledge Asset","วิดีโอมัลติมีเดียเผยแพร่: เรื่องกินเรื่องใหญ่ “กินอะไร โลกปัง กินอะไร โลกพัง แล้วกินแบบไหน ให้…“โลกไม่ร้อน”?","YouTube Video","กลุ่มประชาสัมพันธ์และสื่อสารสิ่งแวดล้อม","","https://www.youtube.com/watch?v=FZpJV2211Yw","https://www.youtube.com/watch?v=FZpJV2211Yw","Sitemap (DCCE Website)","มัลติมีเดีย","ข้อมูลสาธารณะ","ไม่มีการปรับปรุง","","","ประเทศ","",""
"VID-034","“บอส ชนกันต์“ ชวนมาดูว่าทำไมการสั่งเดลิเวอรี่เพียง 1 ครั้ง อาจได้ของแถมเป็นขยะมาให้แบบไม่รู้ตัว","Knowledge Asset","วิดีโอมัลติมีเดียเผยแพร่: “บอส ชนกันต์“ ชวนมาดูว่าทำไมการสั่งเดลิเวอรี่เพียง 1 ครั้ง อาจได้ของแถมเป็นขยะมาให้แบบไม่รู้ตัว","YouTube Video","กลุ่มประชาสัมพันธ์และสื่อสารสิ่งแวดล้อม","","https://www.youtube.com/watch?v=8jYM5D1TmmE","https://www.youtube.com/watch?v=8jYM5D1TmmE","Sitemap (DCCE Website)","มัลติมีเดีย","ข้อมูลสาธารณะ","ไม่มีการปรับปรุง","","","ประเทศ","",""
"VID-035","คาเฟดีต่อใจ ดีต่อโลก บิว ณัฐพล พาตะลุยคาเฟรักษ์โลกสุดคิ้วท์ที่ไม่ใช่แค่กาแฟอร่อย แต่ใส่ใจทุกดีเทล","Knowledge Asset","วิดีโอมัลติมีเดียเผยแพร่: คาเฟดีต่อใจ ดีต่อโลก บิว ณัฐพล พาตะลุยคาเฟรักษ์โลกสุดคิ้วท์ที่ไม่ใช่แค่กาแฟอร่อย แต่ใส่ใจทุกดีเทล","YouTube Video","กลุ่มประชาสัมพันธ์และสื่อสารสิ่งแวดล้อม","","https://www.youtube.com/watch?v=jrzdC_ASwDE","https://www.youtube.com/watch?v=jrzdC_ASwDE","Sitemap (DCCE Website)","มัลติมีเดีย","ข้อมูลสาธารณะ","ไม่มีการปรับปรุง","","","ประเทศ","",""
"VID-036","รู้ไหม? ธรรมชาติก็เป็นนักแก้ปัญหาตัวยง!.มารู้จัก “Nature-based Solutions” กัน","Knowledge Asset","วิดีโอมัลติมีเดียเผยแพร่: รู้ไหม? ธรรมชาติก็เป็นนักแก้ปัญหาตัวยง!.มารู้จัก “Nature-based Solutions” กัน","YouTube Video","กลุ่มประชาสัมพันธ์และสื่อสารสิ่งแวดล้อม","","https://www.youtube.com/watch?v=cgFAOTv64cE","https://www.youtube.com/watch?v=cgFAOTv64cE","Sitemap (DCCE Website)","มัลติมีเดีย","ข้อมูลสาธารณะ","ไม่มีการปรับปรุง","","","ประเทศ","",""
"VID-037","Digital Carbon Footprint คลิกเดียวโลกเดือด","Knowledge Asset","วิดีโอมัลติมีเดียเผยแพร่: Digital Carbon Footprint คลิกเดียวโลกเดือด","YouTube Video","กลุ่มประชาสัมพันธ์และสื่อสารสิ่งแวดล้อม","","https://www.youtube.com/watch?v=_7KLZbMYDh4","https://www.youtube.com/watch?v=_7KLZbMYDh4","Sitemap (DCCE Website)","มัลติมีเดีย","ข้อมูลสาธารณะ","ไม่มีการปรับปรุง","","","ประเทศ","",""
"VID-038","“บิว ณัฐพล” พาเที่ยวสายกรีน พร้อมกับ 6 ทริคลดคาร์บอนอย่างไรไม่ทำร้ายโลก","Knowledge Asset","วิดีโอมัลติมีเดียเผยแพร่: “บิว ณัฐพล” พาเที่ยวสายกรีน พร้อมกับ 6 ทริคลดคาร์บอนอย่างไรไม่ทำร้ายโลก","YouTube Video","กลุ่มประชาสัมพันธ์และสื่อสารสิ่งแวดล้อม","","https://www.youtube.com/watch?v=ua75LdQMVKc","https://www.youtube.com/watch?v=ua75LdQMVKc","Sitemap (DCCE Website)","มัลติมีเดีย","ข้อมูลสาธารณะ","ไม่มีการปรับปรุง","","","ประเทศ","",""
"VID-039","ตาม “บิว ณัฐพล” ไปดู “พื้นที่สีเขียว” ไม่ได้มีดีแค่ความร่มรื่นแต่คือพลังเงียบที่เยียวยาโลก เยียวยาใจ","Knowledge Asset","วิดีโอมัลติมีเดียเผยแพร่: ตาม “บิว ณัฐพล” ไปดู “พื้นที่สีเขียว” ไม่ได้มีดีแค่ความร่มรื่นแต่คือพลังเงียบที่เยียวยาโลก เยียวยาใจ","YouTube Video","กลุ่มประชาสัมพันธ์และสื่อสารสิ่งแวดล้อม","","https://www.youtube.com/watch?v=eFrt9yaubG8","https://www.youtube.com/watch?v=eFrt9yaubG8","Sitemap (DCCE Website)","มัลติมีเดีย","ข้อมูลสาธารณะ","ไม่มีการปรับปรุง","","","ประเทศ","",""
"VID-040","หลากหลายคำตอบของวัยรุ่นยุคใหม่ “บอส ชนกันต์” บุกพื้นที่สยามสแควร์","Knowledge Asset","วิดีโอมัลติมีเดียเผยแพร่: หลากหลายคำตอบของวัยรุ่นยุคใหม่ “บอส ชนกันต์” บุกพื้นที่สยามสแควร์","YouTube Video","กลุ่มประชาสัมพันธ์และสื่อสารสิ่งแวดล้อม","","https://www.youtube.com/watch?v=ZmrxLOlS7Vc","https://www.youtube.com/watch?v=ZmrxLOlS7Vc","Sitemap (DCCE Website)","มัลติมีเดีย","ข้อมูลสาธารณะ","ไม่มีการปรับปรุง","","","ประเทศ","",""
"VID-041","&#8220;รายงานความโปร่งใสรายสองปี” ฉบับที่ 1 (Thailand’s First Biennial Transparency : BTR1)","Knowledge Asset","วิดีโอมัลติมีเดียเผยแพร่: &#8220;รายงานความโปร่งใสรายสองปี” ฉบับที่ 1 (Thailand’s First Biennial Transparency : BTR1)","YouTube Video","กลุ่มประชาสัมพันธ์และสื่อสารสิ่งแวดล้อม","","https://www.youtube.com/watch?v=C53AB3CsHU0","https://www.youtube.com/watch?v=C53AB3CsHU0","Sitemap (DCCE Website)","มัลติมีเดีย","ข้อมูลสาธารณะ","ไม่มีการปรับปรุง","","","ประเทศ","",""
"VID-042","DCCE Insider ตอนพิเศษ 1 | การดำเนินงานของกรมลดโลกร้อน และวิกฤตการเปลี่ยนแปลงสภาพภูมิอากาศในปัจจุบัน","Knowledge Asset","วิดีโอมัลติมีเดียเผยแพร่: DCCE Insider ตอนพิเศษ 1 | การดำเนินงานของกรมลดโลกร้อน และวิกฤตการเปลี่ยนแปลงสภาพภูมิอากาศในปัจจุบัน","YouTube Video","กลุ่มประชาสัมพันธ์และสื่อสารสิ่งแวดล้อม","","http://youtu.be/eI1DzRIdx1U?si=jTehp-n26Q2n0SHO","http://youtu.be/eI1DzRIdx1U?si=jTehp-n26Q2n0SHO","Sitemap (DCCE Website)","มัลติมีเดีย","ข้อมูลสาธารณะ","ไม่มีการปรับปรุง","","","ประเทศ","",""
"VID-043","DCCE Insider ตอนพิเศษ 2 | แนวทางการปรับตัวของประชาชน เพื่อไปสู่เป้าหมาย NET ZERO","Knowledge Asset","วิดีโอมัลติมีเดียเผยแพร่: DCCE Insider ตอนพิเศษ 2 | แนวทางการปรับตัวของประชาชน เพื่อไปสู่เป้าหมาย NET ZERO","YouTube Video","กลุ่มประชาสัมพันธ์และสื่อสารสิ่งแวดล้อม","","http://youtu.be/QV0ewNpaAek?si=hPLIGJhnN3fqTSE2","http://youtu.be/QV0ewNpaAek?si=hPLIGJhnN3fqTSE2","Sitemap (DCCE Website)","มัลติมีเดีย","ข้อมูลสาธารณะ","ไม่มีการปรับปรุง","","","ประเทศ","",""
"VID-044","DCCE Insider ตอน 1 | การขับเคลื่อนการปรับตัวต่อการเปลี่ยนแปลงสภาพภูมิอากาศของประเทศ","Knowledge Asset","วิดีโอมัลติมีเดียเผยแพร่: DCCE Insider ตอน 1 | การขับเคลื่อนการปรับตัวต่อการเปลี่ยนแปลงสภาพภูมิอากาศของประเทศ","YouTube Video","กลุ่มประชาสัมพันธ์และสื่อสารสิ่งแวดล้อม","","http://youtu.be/Z_49Z5M0ypQ?si=7oqwHvAaI5inJ_p_","http://youtu.be/Z_49Z5M0ypQ?si=7oqwHvAaI5inJ_p_","Sitemap (DCCE Website)","มัลติมีเดีย","ข้อมูลสาธารณะ","ไม่มีการปรับปรุง","","","ประเทศ","",""
"VID-045","DCCE Insider ตอน 2 | แผนการขับเคลื่อนการปรับตัวต่อการเปลี่ยนแปลงสภาพภูมิอากาศ 6 สาขา","Knowledge Asset","วิดีโอมัลติมีเดียเผยแพร่: DCCE Insider ตอน 2 | แผนการขับเคลื่อนการปรับตัวต่อการเปลี่ยนแปลงสภาพภูมิอากาศ 6 สาขา","YouTube Video","กลุ่มประชาสัมพันธ์และสื่อสารสิ่งแวดล้อม","","http://youtu.be/Ng5EEQyP1xI?si=UQ9kao_yYlVZT-Au","http://youtu.be/Ng5EEQyP1xI?si=UQ9kao_yYlVZT-Au","Sitemap (DCCE Website)","มัลติมีเดีย","ข้อมูลสาธารณะ","ไม่มีการปรับปรุง","","","ประเทศ","",""
"VID-046","DCCE Insider ตอน 3 | การวิเคราะห์ความเสี่ยง...ในภาวะโลกเดือด","Knowledge Asset","วิดีโอมัลติมีเดียเผยแพร่: DCCE Insider ตอน 3 | การวิเคราะห์ความเสี่ยง...ในภาวะโลกเดือด","YouTube Video","กลุ่มประชาสัมพันธ์และสื่อสารสิ่งแวดล้อม","","http://youtu.be/ZmW-xYFL4Ag?si=TqzoDyVVHmSvtcHh","http://youtu.be/ZmW-xYFL4Ag?si=TqzoDyVVHmSvtcHh","Sitemap (DCCE Website)","มัลติมีเดีย","ข้อมูลสาธารณะ","ไม่มีการปรับปรุง","","","ประเทศ","",""
"VID-047","DCCE Insider ตอน 4 | การพัฒนาแนวทางและศักยภาพในการปรับตัวต่อการเปลี่ยนแปลงสภาพภูมิอากาศ","Knowledge Asset","วิดีโอมัลติมีเดียเผยแพร่: DCCE Insider ตอน 4 | การพัฒนาแนวทางและศักยภาพในการปรับตัวต่อการเปลี่ยนแปลงสภาพภูมิอากาศ","YouTube Video","กลุ่มประชาสัมพันธ์และสื่อสารสิ่งแวดล้อม","","http://youtu.be/9kZW1Jz9BfE?si=gHGfeK0pwzQzIFYd","http://youtu.be/9kZW1Jz9BfE?si=gHGfeK0pwzQzIFYd","Sitemap (DCCE Website)","มัลติมีเดีย","ข้อมูลสาธารณะ","ไม่มีการปรับปรุง","","","ประเทศ","",""
"VID-048","DCCE Insider ตอน 5 | การปรับตัวของระบบการศึกษาไทย...ในภาวะโลกเดือด","Knowledge Asset","วิดีโอมัลติมีเดียเผยแพร่: DCCE Insider ตอน 5 | การปรับตัวของระบบการศึกษาไทย...ในภาวะโลกเดือด","YouTube Video","กลุ่มประชาสัมพันธ์และสื่อสารสิ่งแวดล้อม","","http://youtu.be/Bg82hErZ66c?si=ikf_G0tL935YE6zO","http://youtu.be/Bg82hErZ66c?si=ikf_G0tL935YE6zO","Sitemap (DCCE Website)","มัลติมีเดีย","ข้อมูลสาธารณะ","ไม่มีการปรับปรุง","","","ประเทศ","",""
"VID-049","DCCE Insider ตอน 6 | แผนการขับเคลื่อนการลดก๊าซเรือนกระจกของประเทศ","Knowledge Asset","วิดีโอมัลติมีเดียเผยแพร่: DCCE Insider ตอน 6 | แผนการขับเคลื่อนการลดก๊าซเรือนกระจกของประเทศ","YouTube Video","กลุ่มประชาสัมพันธ์และสื่อสารสิ่งแวดล้อม","","http://youtu.be/tpKe2mWTIi8?si=Rj5k3zc_eUZWyW9L","http://youtu.be/tpKe2mWTIi8?si=Rj5k3zc_eUZWyW9L","Sitemap (DCCE Website)","มัลติมีเดีย","ข้อมูลสาธารณะ","ไม่มีการปรับปรุง","","","ประเทศ","",""
"VID-050","DCCE Insider ตอน 7 | การมีส่วนร่วมต่อการเปลี่ยนแปลงสภาพภูมิอากาศและสิ่งแวดล้อมของเครือข่ายภาคประชาชน","Knowledge Asset","วิดีโอมัลติมีเดียเผยแพร่: DCCE Insider ตอน 7 | การมีส่วนร่วมต่อการเปลี่ยนแปลงสภาพภูมิอากาศและสิ่งแวดล้อมของเครือข่ายภาคประชาชน","YouTube Video","กลุ่มประชาสัมพันธ์และสื่อสารสิ่งแวดล้อม","","http://youtu.be/BPK6enxdpdA?si=8j0WxdfHcVuWzxMK","http://youtu.be/BPK6enxdpdA?si=8j0WxdfHcVuWzxMK","Sitemap (DCCE Website)","มัลติมีเดีย","ข้อมูลสาธารณะ","ไม่มีการปรับปรุง","","","ประเทศ","",""
"VID-051","DCCE Insider ตอน 9 | การสนับสนุนการดำเนินงานตามภารกิจของกรมลดโลกร้อน","Knowledge Asset","วิดีโอมัลติมีเดียเผยแพร่: DCCE Insider ตอน 9 | การสนับสนุนการดำเนินงานตามภารกิจของกรมลดโลกร้อน","YouTube Video","กลุ่มประชาสัมพันธ์และสื่อสารสิ่งแวดล้อม","","http://youtu.be/rQJiwNBf0Oo?si=FqtxZoA3lVazsZim","http://youtu.be/rQJiwNBf0Oo?si=FqtxZoA3lVazsZim","Sitemap (DCCE Website)","มัลติมีเดีย","ข้อมูลสาธารณะ","ไม่มีการปรับปรุง","","","ประเทศ","",""
"VID-052","DCCE Insider ตอน 10 | การดำเนินงานตามพันธกรณีและความตกลงระหว่างประเทศ","Knowledge Asset","วิดีโอมัลติมีเดียเผยแพร่: DCCE Insider ตอน 10 | การดำเนินงานตามพันธกรณีและความตกลงระหว่างประเทศ","YouTube Video","กลุ่มประชาสัมพันธ์และสื่อสารสิ่งแวดล้อม","","http://youtu.be/qTmLi9cOdFY?si=x37E0LLew_cdpbM_","http://youtu.be/qTmLi9cOdFY?si=x37E0LLew_cdpbM_","Sitemap (DCCE Website)","มัลติมีเดีย","ข้อมูลสาธารณะ","ไม่มีการปรับปรุง","","","ประเทศ","",""
"VID-053","DCCE Insider ตอน 11 | การวิจัยด้านการจัดการการเปลี่ยนแปลงสภาพภูมิอากาศและสิ่งแวดล้อม","Knowledge Asset","วิดีโอมัลติมีเดียเผยแพร่: DCCE Insider ตอน 11 | การวิจัยด้านการจัดการการเปลี่ยนแปลงสภาพภูมิอากาศและสิ่งแวดล้อม","YouTube Video","กลุ่มประชาสัมพันธ์และสื่อสารสิ่งแวดล้อม","","http://youtu.be/l0XZpVrqkGY?si=hylpT8eeHcbcedGE","http://youtu.be/l0XZpVrqkGY?si=hylpT8eeHcbcedGE","Sitemap (DCCE Website)","มัลติมีเดีย","ข้อมูลสาธารณะ","ไม่มีการปรับปรุง","","","ประเทศ","",""
"VID-054","DCCE Insider ตอน 12 | การจัดทำบัญชีก๊าซเรือนกระจก","Knowledge Asset","วิดีโอมัลติมีเดียเผยแพร่: DCCE Insider ตอน 12 | การจัดทำบัญชีก๊าซเรือนกระจก","YouTube Video","กลุ่มประชาสัมพันธ์และสื่อสารสิ่งแวดล้อม","","http://youtu.be/NmSz0ufBpVs?si=xMbOAI2s4x9ToswV","http://youtu.be/NmSz0ufBpVs?si=xMbOAI2s4x9ToswV","Sitemap (DCCE Website)","มัลติมีเดีย","ข้อมูลสาธารณะ","ไม่มีการปรับปรุง","","","ประเทศ","",""
"VID-055","DCCE Insider ตอน 13 | นวัตกรรมเครื่องมือแจ้งเตือนสภาพอากาศร้อนจัด Prototype 2","Knowledge Asset","วิดีโอมัลติมีเดียเผยแพร่: DCCE Insider ตอน 13 | นวัตกรรมเครื่องมือแจ้งเตือนสภาพอากาศร้อนจัด Prototype 2","YouTube Video","กลุ่มประชาสัมพันธ์และสื่อสารสิ่งแวดล้อม","","http://youtu.be/6WknAJC6KIM?si=ku8lfk2ZEkbwSG5H","http://youtu.be/6WknAJC6KIM?si=ku8lfk2ZEkbwSG5H","Sitemap (DCCE Website)","มัลติมีเดีย","ข้อมูลสาธารณะ","ไม่มีการปรับปรุง","","","ประเทศ","",""
"VID-056","ความรู้เพื่อลดโลกร้อน ดร.รวีวรรณ ภูริเดช","Knowledge Asset","วิดีโอมัลติมีเดียเผยแพร่: ความรู้เพื่อลดโลกร้อน ดร.รวีวรรณ ภูริเดช","YouTube Video","กลุ่มประชาสัมพันธ์และสื่อสารสิ่งแวดล้อม","","https://www.dcce.go.th/wp-content/uploads/2024/07/C201912016595.mp4","https://www.dcce.go.th/wp-content/uploads/2024/07/C201912016595.mp4","Sitemap (DCCE Website)","มัลติมีเดีย","ข้อมูลสาธารณะ","ไม่มีการปรับปรุง","","","ประเทศ","",""
"DAT-001","แผนปฏิบัติราชการ","Data Asset","แสดงแผนยุทธศาสตร์หรือแผนพัฒนาของหน่วยงานที่มีระยะมากกว่า 1 และมีระยะเวลาบังคับใช้ครอบคลุมปีงบประมาณ พ.ศ. 2569 โดยมีรายละเอียดอย่างน้อยประกอบด้วย
(1) ยุทธศาสตร์หรือแนวทาง
(2) เป้าหมาย
(3) ตัวชี้วัด
แผนปฏิบัติราชการ ระยะ 5 ปี กรมการเปลี่ยนแปลงสภาพภูมิอากาศและสิ่งแวดล้อม ดำเนินการตามพระราชกฤษฎีกาว่าด้วยหลักเกณฑ์และวิธีการบริหารกิจการบ้านเมืองที่ดี พ.ศ. 2546 (และที่แก้ไขเพิ่มเติม) มาตรา 9 และ มาตรา 16 ซึ่งกำหนดให้ส่วนราชการจัดทำแผนปฏิบัติราชการ 5 ปี ที่ต้องสอดคล้องกับยุทธศาสตร์ชาติ แผนแม่บท แผนการปฏิรูปประเทศ แผนพัฒนาเศรษฐกิจและสังคมแห่งชาติ และนโยบายคณะรัฐมนตรี เพื่อให้เกิดประโยชน์สุข ผลสัมฤทธิ์ และความคุ้มค่า โดยส่วนราชการ ต้องนำแผนปฏิบัติราชการ 5 ปี  ที่ผ่านความเห็นชอบจากรัฐมนตรีเจ้าสังกัด (แผนระดับที่ 3) เข้าสู่ระบบการติดตามและประเมินผลแห่งชาติ (eMENSCR) เพื่อรายงานผลสัมฤทธิ์ต่อไป","Dataset","สำนักงานเลขานุการกรม","plandcce2025@gmail.com","https://dgf.dcce.go.th/dataset/dcce-policy-strategies","https://www.dcce.go.th/wp-content/uploads/2024/06/แผนปฏิบัติราชการระยะ-5-ปี-พ.ศ.-2566-2570.pdf","Data Catalog (CKAN DGF)","","ข้อมูลสาธารณะ","ปี","เพื่อการให้บริการประชาชน, พันธกิจหน่วยงาน, อื่นๆ","ITA, OIT, การเปิดเผยข้อมูลสาธารณะ, นโยบาย, แผนงาน, แผนปฏิบัติราชการ, แผนพัฒนาหน่วยงาน, แผนยุทธศาสตร์","ไม่มี","2024-06-12","2026-05-06"
"DAT-002","ข้อมูลผู้บริหาร","Data Asset","ข้อมูลผู้บริหารกรมการเปลี่ยนแปลงสภาพภูมิอากาศและสิ่งแวดล้อม(กรมฯ) เป็นบัญชีข้อมูลที่มีวัตถุประสงค์เพื่อการเปิิดเผยข้้อมููลสาธารณะ สำหรับเผยแพร่ต่อสาธารณชน โดยที่ประชาชนสามารถเข้้าถึึงข้้อมููลได้้จากเว็็บไซต์์หลัักของกรมฯ  โดยข้อมูลในบัญชีนี้ ประกอบด้วย คำนำหน้านาม ชื่อ ชื่อสุกล ชื่อตำแหน่ง ประเภทตำแหน่ง ระดับตำแหน่ง สังกัด หน่วยงานภายใต้การกำกับดูแลหรือการมอบหมายหน้าที่ ช่องทางการติดต่อ (หมายเลขโทรศัพท์) ช่องทางการติดต่อ (ไปรษณีย์อิเล็กทรอนิกส์) และรูปถ่าย","Dataset","กลุ่มบริหารทรัพยากรบุคคล","hr_dcce@dcce.mail.go.th","https://dgf.dcce.go.th/dataset/director_dcce","https://dgf.dcce.go.th/dataset/1f772d6e-a230-42f3-9ddf-08ffdd932f31/resource/011c76f8-d279-41af-b20c-a0f4b33c2f77/download/untitled.csv","Data Catalog (CKAN DGF)","","ข้อมูลสาธารณะ","ครึ่งปี","เพื่อการให้บริการประชาชน, กฎหมายที่เกี่ยวข้อง, อื่นๆ","ITA, OIT, การเปิดเผยข้อมูลสาธารณะ, ข้อมูลข้าราชการ, ข้อมูลบุคลากร, ข้อมูลผู้บริหาร, ข้าราชการ, งานบริหารทรัพยากรบุคคล, งานบุคคล, บุคลากร, ผู้บริหาร","ไม่มี","2026-05-11","2026-05-11"
"DAT-003","รายชื่อองค์กรปกครองส่วนท้องถิ่นที่ได้รับรางวัลชนะเลิศเมืองสิ่งแวดล้อมยั่งยืน","Data Asset","รายชื่อองค์กรปกครองส่วนท้องถิ่นที่ได้รับรางวัลชนะเลิศเมืองสิ่งแวดล้อมยั่งยืน หมายถึง รายชื่อของเทศบาลหรือองค์การบริหารส่วนตำบลที่ได้รับการคัดเลือกและประกาศเกียรติคุณให้เป็นผู้ชนะเลิศในโครงการเมืองสิ่งแวดล้อมยั่งยืน ซึ่งจัดโดยกรมการเปลี่ยนแปลงสภาพภูมิอากาศและสิ่งแวดล้อม กระทรวงทรัพยากรธรรมชาติและสิ่งแวดล้อม เพื่อยกย่องและเชิดชูองค์กรปกครองส่วนท้องถิ่นที่มีการบริหารจัดการเมืองอย่างมีประสิทธิภาพในด้านสิ่งแวดล้อม สังคม เศรษฐกิจ และธรรมาภิบาล โดยผ่านเกณฑ์การประเมินมาตรฐานใน 4 มิติ ได้แก่ เมืองอยู่ดี คนมีสุข สิ่งแวดล้อมยั่งยืน 
เมืองแห่งการบริหารจัดการที่ดี","Dataset","กลุ่มส่งเสริมการจัดการสิ่งแวดล้อมเมืองยั่งยืน","sustainablecitydcce@gmail.com","https://dgf.dcce.go.th/dataset/db0606-002","https://dgf.dcce.go.th/dataset/8ca86986-ffa1-4465-827b-93dedfc46966/resource/4b252b2c-a67a-42d9-a281-2196a9a8d318/download/untitled.xlsx","Data Catalog (CKAN DGF)","","ข้อมูลสาธารณะ","ปี","แผนแม่บทภายใต้ยุทธศาสตร์ชาติ","เมืองสิ่งแวดล้อมยั่งยืน","เทศบาล/อบต.","2012-07-13","2026-03-20"
"DAT-004","รายชื่อโรงเรียนที่ได้รับการรับรองเป็นโรงเรียนอีโคสคูล ตามระดับ","Knowledge Asset","โรงเรียนอีโคสคูล (Eco-School) คือ โรงเรียนที่มีการพัฒนาโรงเรียนทั้งระบบ (Whole School Approach) เพื่อสนับสนุนกระบวนการเรียนรู้ที่ส่งเสริมและพัฒนานักเรียนให้เติบโตขึ้น เป็นพลเมืองที่มีความรับผิดชอบ ตระหนักต่อปัญหาสิ่งแวดล้อมและการพัฒนาของท้องถิ่น มีความรู้ ความเข้าใจ อันเป็นผลจากกระบวนการเรียนรู้และการลงมือปฏิบัติจริง และพร้อมที่จะเข้าไปมีบทบาท ในการป้องกัน ฟื้นฟู รักษา และใช้ประโยชน์จากสิ่งแวดล้อมอย่างยั่งยืนต่อไป 
           ปัจจุบัน (2568) มี ร.ร.อีโคสคูล ระดับต้นจำนวน 1,753 โรงเรียน / ร.ร.อีโคสคูล ระดับกลาง จำนวน 105 โรงเรียน และ ร.ร.อีโคสคูล ระดับสูงจำนวน 12 โรงเรียน","Document","กองขับเคลื่อนการปรับตัวต่อการเปลี่ยนแปลงสภาพภูมิอากาศ","thailandecoschool@gmail.com","https://dgf.dcce.go.th/dataset/db0307-001","https://dgf.dcce.go.th/dataset/a239515b-3044-49d4-a16c-a009be2b0295/resource/8a0043b0-c837-4c2f-897e-894e3c5437f0/download/untitled.pdf","Data Catalog (CKAN DGF)","","ข้อมูลสาธารณะ","ปี","พันธกิจหน่วยงาน","สิ่งแวดล้อมศึกาษา, อีโคสคูล, โรงเรียน","จังหวัด","2022-04-28","2025-07-02"
"DAT-005","ข้อมูลความเสี่ยงจากการเปลี่ยนแปลงสภาพภูมิอากาศ","Data Product","ข้อมูลความเสี่ยงเชิงพื้นที่จากการเปลี่ยนแปลงสภาพภมิอากาศทั้ง 6 สาขา ได้แก่ การจัดการน้ำ การเกษตรและความมั่นคงทางอาหาร การท่องเที่ยว สาธารณสุข การจัดการทรัพยากรธรรมชาติ และการตั้งถิ่นฐานและความมั่นคงของมนุษย์ เป็นฐานข้อมูลที่คํานวณจากข้อมูล 2 ส่วนหลัก ได้แก่ ข้อมูลการคาดการณ์ภูมิอากาศ (Climate Projection) จากการย่อส่วนแบบจําลองภูมิอากาศโลก และข้อมูลที่ไม่ใช่ภูมิอากาศ ซึ่งรวบรวมจากข้อมูลสถิติทางเศรษฐกิจ สังคม สิ่งแวดล้อม รวมถึง ข้อมูลทางกายภาพอื่น ๆ ที่เกี่ยวข้อง ข้อมูลการคาดการณ์ภูมิอากาศ ดังกล่าวใช้ในการประเมินดัชนีภัยอันตรายจากภูมิอากาศ 3 ด้าน ได้แก่ ภัยอันตรายจากความร้อน น้าท่วม และน้ำแล้ง โดยแต่ละสาขามีตัวแปรที่แตกต่างกันตามบริบทและมิติของสาขา","Web Application","กองขับเคลื่อนการปรับตัวต่อการเปลี่ยนแปลงสภาพภูมิอากาศ","climaterisk.adapt@gmail.com","https://dgf.dcce.go.th/dataset/db0303-001","https://ccic.dcce.go.th/riskarea","Data Catalog (CKAN DGF)","","ข้อมูลสาธารณะ","ปี","เพื่อการให้บริการประชาชน, พันธกิจหน่วยงาน","climate change, การปรับตัว, การเปลี่ยนแปลงสภาพภูมิอากาศ, ความเสี่ยง, ฐานข้อมูลความเสี่ยง, น้ำท่วม, น้ำแล้ง, ภัยแล้ง, แผนที่ความเสี่ยง","จังหวัด","2024-08-22","2021-09-30"
"DAT-006","ปริมาณการลดก๊าซเรือนกระจก ภายใต้ NDC 2030","Data Asset","ปริมาณการลดก๊าซเรือนกระจก ภายใต้ NDC แยกมาตรการ จาก 5 สาขา ได้แก่ สาขาพลังงาน คมนาคมขนส่ง กระบวนการอุตสาหกรรมและการใช้ผลิตภัณฑ์ การจัดการของเสียชุมชนและน้ำเสียอุตสาหกรรม และเกษตร ปี พ.ศ. 2564–2573","Dataset","กลุ่มประเมินผลการลดก๊าซเรือนกระจก","gres@dcce.mail.go.th","https://dgf.dcce.go.th/dataset/db-4-3-1","https://dgf.dcce.go.th/dataset/731a8461-1757-4c1f-8eee-69d763304ece/resource/27929ada-d340-498b-9045-49ab1afad6f3/download/ghg-reduction_ndc_2564-2573.csv","Data Catalog (CKAN DGF)","","ข้อมูลสาธารณะ","ปี","ยุทธศาสตร์ชาติ","Climate Change, IPCC, NDC, UNFCCC, ghg reduction, การเปลี่ยนแปลงสภาพภูมิอากาศ, ก๊าซเรือนกระจก, คาร์บอน, ปริมาณการลดก๊าซเรือนกระจก ภายใต้ NDC, ผลการลดก๊าซเรือนกระจก","ประเทศ","2024-07-31T08:37:16.010111","2025-07-07"
"DAT-007","รายงานผลการดำเนินการตามแผนบริหารจัดการความเสี่ยงการทุจริตของหน่วยงาน","Data Asset","แสดงข้อมูลรายงานการประเมินความเสี่ยงการทุจริตของหน่วยงานภาครัฐ ประจำปีงบประมาณ พ.ศ. 2568 ที่มีรายละเอียดอย่างน้อยประกอบด้วย
(1) ประเด็นความเสี่ยงการทุจริต
(2) ระดับของความเสี่ยง
(3) วิธีการในการบริหารจัดการความเสี่ยง
(4) ผลการดำเนินการตามวิธีการในการบริหารจัดการความเสี่ยง","Dataset","กลุ่มงานจริยธรรม","deqp_ethics@hotmail.com","https://dgf.dcce.go.th/dataset/dataset_o22","https://www.dcce.go.th/wp-content/uploads/2026/04/รายงานผลการดำเนินการเพื่อจัดการความเสี่ยง-2568.pdf","Data Catalog (CKAN DGF)","","ข้อมูลสาธารณะ","ปี","ยุทธศาสตร์ชาติ, แผนแม่บทภายใต้ยุทธศาสตร์ชาติ, แผนระดับที่ 3 (มติครม. 4 ธ.ค. 2560), นโยบายรัฐบาล/ข้อสั่งการนายกรัฐมนตรี, มติคณะรัฐมนตรี, กฎหมายที่เกี่ยวข้อง, พันธกิจหน่วยงาน, ดัชนี/ตัวชี้วัดระดับนานาชาติ, อื่นๆ","ITA, OIT, การทุจริตของหน่วยงาน, การเปิดเผยข้อมูลสาธารณะ, ความเสี่ยงการทุจริต, แผนบริหารจัดการความเสี่ยง","ไม่มี","2025-11-24","2026-05-06"
"DAT-008","คู่มือหรือแนวทางการขอรับบริการสำหรับผู้รับบริการหรือผู้มาติดต่อ","Data Asset","แสดงคู่มือการขอรับบริการหรือแนวทางการปฏิบัติที่ผู้รับบริการหรือผู้มาติดต่อกับหน่วยงานใช้เป็นข้อมูลในการขอรับบริการหรือติดต่อกับหน่วยงาน โดยมีรายละเอียดของแต่ละงาน อย่างน้อยประกอบด้วย 
(1) ชื่องาน
(2) วิธีการขั้นตอนการขอรับบริการ 
(3) ระยะเวลาที่ใช้ในการขอรับบริการ
(4) ช่องทางให้บริการ เช่น สถานที่ ส่วนงานที่รับผิดชอบ E-service One Stop Service
(5) ค่าธรรมเนียม
(6) รายการเอกสารหลักฐานประกอบการยื่นคำขอรับบริการ","Dataset","กลุ่มพัฒนาระบบบริหาร","psd_deqp@dcce.mail.go.th","https://dgf.dcce.go.th/dataset/dataset_o9","https://www.dcce.go.th/wp-content/uploads/2025/10/คู่มือการให้บริการ_แนวทางปฏิบัติผู้รับบริการไดออกซิน.pdf","Data Catalog (CKAN DGF)","","ข้อมูลสาธารณะ","อื่นๆ","ยุทธศาสตร์ชาติ, แผนพัฒนาเศรษฐกิจและสังคมแห่งชาติ, แผนความมั่นคงแห่งชาติ, แผนแม่บทภายใต้ยุทธศาสตร์ชาติ, แผนปฏิรูปประเทศ, แผนระดับที่ 3 (มติครม. 4 ธ.ค. 2560), นโยบายรัฐบาล/ข้อสั่งการนายกรัฐมนตรี, มติคณะรัฐมนตรี, เพื่อการให้บริการประชาชน, กฎหมายที่เกี่ยวข้อง, พันธกิจหน่วยงาน, อื่นๆ","ITA, OIT, การเปิดเผยข้อมูลสาธารณะ, คู่มือ, คู่มือการปฏิบัติงาน, คู่มือการให้บริการ, ผู้รับบริการ","ไม่มี","2025-04-02","2026-05-08"
"DAT-009","แนวปฏิบัติการจัดการเรื่องร้องเรียนการทุจริตและประพฤติมิชอบ","Data Asset","แสดงคู่มือหรือแนวทางการดำเนินการต่อเรื่องร้องเรียนการทุจริตและประพฤติมิชอบของเจ้าหน้าที่ของหน่วยงาน ที่มีรายละเอียดอย่างน้อยประกอบด้วย 
(1) รายละเอียดของข้อมูลที่ผู้ร้องควรรู้เพื่อใช้ในการร้องเรียน เช่น ชื่อ-สกุล ของผู้ถูกร้อง ช่วงเวลาการกระทำความผิด พฤติการณ์การทุจริตและประพฤติมิชอบ 
(2) ช่องทางแจ้งเรื่องร้องเรียนการทุจริตและประพฤติมิชอบ 
(3) ขั้นตอนหรือวิธีการในการจัดการเรื่องร้องเรียนการทุจริตและประพฤติมิชอบ 
(4) ส่วนงานที่รับผิดชอบ 
(5) ระยะเวลาที่ใช้ในการดำเนินการ","Dataset","กลุ่มกฎหมาย","legalaffairs.dcce@gmail.com","https://dgf.dcce.go.th/dataset/complain-guideline","https://www.dcce.go.th/wp-content/uploads/2025/04/คู่มือปฏิบัติงาน-การดำเนินการเรื่องร้องเรียนการทุจริตและประพฤติมิชอบ.pdf","Data Catalog (CKAN DGF)","","ข้อมูลสาธารณะ","อื่นๆ","เพื่อการให้บริการประชาชน, พันธกิจหน่วยงาน, อื่นๆ","ITA, OIT, การทุจริตและประพฤติมิชอบ, การร้องเรียนการทุจริต, การเปิดเผยข้อมูลสาธารณะ","ไม่มี","2025-04-11","2026-05-06"
"DAT-010","รายงานผลการดำเนินงานตามแผนปฏิบัติราชการ","Data Asset","แสดงผลการดำเนินงานตามแผนดำเนินงาน ประจำปีงบประมาณ พ.ศ. 2568 โดยมีรายละเอียดอย่างน้อยประกอบด้วย 
(1) ผลการดำเนินงานของแต่ละโครงการหรือกิจกรรม 
(2) งบประมาณที่ได้รับจัดสรรแต่ละโครงการหรือกิจกรรม
(3) ผลการใช้จ่ายงบประมาณที่ใช้ดำเนินงานแต่ละโครงการหรือกิจกรรม
(4) ช่วงระยะเวลาในการดำเนินงานแต่ละโครงการหรือกิจกรรม","Dataset","กลุ่มแผนงานและติดตามประเมินผล สำนักงานเลขานุการกรม","evaluatedcce@gmail.com","https://dgf.dcce.go.th/dataset/2568","https://www.dcce.go.th/wp-content/uploads/2025/12/รายงานผลสัมฤทธิ์แผนปฏิบัติราชการ-ปี-2568-สส.pdf","Data Catalog (CKAN DGF)","","ข้อมูลสาธารณะ","ปี","เพื่อการให้บริการประชาชน, พันธกิจหน่วยงาน, อื่นๆ","ITA, OIT, การเปิดเผยข้อมูลสาธารณะ, ผลการดำเนินงาน, ผลการปฏิบัติงาน, ผลสัมฤทธิ์","ไม่มี","2024-12-25","2026-05-06"
"DAT-011","ข้อมูลสถิติเรื่องร้องเรียนการทุจริตและประพฤติมิชอบ","Data Asset","ข้อมูลสถิติเรื่องร้องเรียนการทุจริตและประพฤติมิชอบของเจ้าหน้าที่ของหน่วยงาน ประกอบด้วย (1) จำนวนเรื่องร้องเรียนทั้งหมด (2) จำนวนเรื่องที่ดำเนินการแล้วเสร็จ (3) จำนวนเรื่องที่อยู่ระหว่างดำเนินการ","Dataset","กลุ่มกฎหมาย","legalaffairs.dcce@gmail.com","https://dgf.dcce.go.th/dataset/complain-statistic-2568","https://dgf.dcce.go.th/dataset/170c07e2-4eb4-499e-8e19-a13e052859c3/resource/eccf376b-2713-47d2-a097-1bc8c327376f/download/untitled.csv","Data Catalog (CKAN DGF)","","ข้อมูลสาธารณะ","ปี","เพื่อการให้บริการประชาชน, พันธกิจหน่วยงาน, อื่นๆ","ITA, OIT, การทุจริต, การเปิดเผยข้อมูลสาธารณะ, ประพฤติมิชอบ, สถิติร้องเรียน","ไม่มี","2026-05-06T04:07:37.272840","2026-04-23"
"DAT-012","รายงานสถานภาพการประสานงานคณะรัฐมนตรี และรัฐสภา สส.","Knowledge Asset","รายงานสรุปข้อมูลการประสานงานคณะรัฐมนตรีและรัฐสภา ประจำเดือน ที่ ปคร.สส. ลงนามรับทราบแล้ว","Document","กลุ่มเลขานุการคณะกรรมการนโยบายการเปลี่ยนแปลงสภาพภูมิอากาศแห่งชาติ","sncc@dcce.mail.go.th","https://dgf.dcce.go.th/dataset/db0505-002","","Data Catalog (CKAN DGF)","","ข้อมูลความลับทางราชการ","เดือน","มติคณะรัฐมนตรี","ปคร","ไม่มี","2024-07-31","2024-08-15"
"DAT-013","คำสั่งแต่งตั้งคณะกรรมการ อนุกรรมการ คณะทำงาน ของหน่วยงานอื่น","Knowledge Asset","ผู้บริหารกรมการเปลี่ยนแปลงสภาพภูมิอากาศและสิ่งแวดล้อม ได้แก่ อธิบดีกรมการเปลี่ยนแปลงสภาพภูมิอากาศและสิ่งแวดล้อม และรองอธิบดีกรมการเปลี่ยนแปลงสภาพภูมิอากาศและสิ่งแวดล้อม ซึ่งได้รับการแต่งตั้งเข้าร่วมเป็นคณะกรรมการ หรือ อนุกรรมการ หรือ คณะทำงาน ของหน่วยงานอื่น ได้แก่ หน่วยงานรัฐ เอกชน และรัฐวิสาหกิจ","Document","กลุ่มช่วยอำนวยการนักบริหาร","ess.dcce@gmail.com","https://dgf.dcce.go.th/dataset/ess-data","https://dgf.dcce.go.th/dataset/2fa0b88a-2aba-463a-aeb4-01d8e432314f/resource/92e7f393-18f2-47dd-ae9c-347f05815050/download/.pdf","Data Catalog (CKAN DGF)","","ข้อมูลสาธารณะ","ปี","อื่นๆ","dcce, กรมการเปลี่ยนแปลงสภาพภูมิอากาศและสิ่งแวดล้อม, คณะกรรมการ, คณะทำงาน, คำสั่ง, บัญชีรายชื่อ, ผู้บริหาร, รองอธิบดี, สส., อธิบดี, อนุกรรมการ, แต่งตั้ง","ไม่มี","2023-10-01","2024-09-30"
"DAT-014","ข้อมูลการประเมินผลการปรับตัวต่อการเปลี่ยนแปลงสภาพภูมิอากาศ","Knowledge Asset","“การปรับตัวต่อการเปลี่ยนแปลงสภาพภูมิอากาศ ” หรือ Climate Change Adaptation ตามความหมายของ IPCC หมายถึง การปรับเปลี่ยนในระบบธรรมชาติหรือระบบของมนุษย์เพื่อตอบสนองต่อสิ่งเร้าทางภูมิอากาศที่เกิดขึ้นแล้วหรือที่คาดการณ์ว่าจะเกิดขึ้นในอนาคตรวมถึงผลกระทบจากสิ่งเร้านั้น ซึ่งการปรับเปลี่ยนดังกล่าวเป็นการช่วยลดอันตรายหรือความเสียหายที่อาจเกิดขึ้น หรืออาจเป็นการใช้ประโยชน์จากโอกาสที่เกิดขึ้นจากสิ่งเร้าทางภูมิอากาศหรือผลกระทบของสิ่งเร้านั้น","Document","กลุ่มประเมินผลการปรับตัวต่อการเปลี่ยนแปลงสภาพภูมิอากาศ","dcceccaes@gmail.com","https://dgf.dcce.go.th/dataset/m-and-e","https://dgf.dcce.go.th/dataset/f1e02482-8ddd-42d3-9a52-da150b8f47b2/resource/62ef277f-e174-4d89-bab6-aa2a1df061a9/download/thailands-first-biennial-transpatency-report-.pdf","Data Catalog (CKAN DGF)","","ข้อมูลสาธารณะ","ปี","ยุทธศาสตร์ชาติ, พันธกิจหน่วยงาน, อื่นๆ","Adaptation, Climate Change, GISTDA, GIZ, Global Climate, Good practice, IPCC, NAP, NDC, Paris Agreement, Resilience, UNDP, UNFCCC, vulnerability, การจัดการทรัพยากรธรรมชาติ, การจัดการน้ำ, การตั้งถิ่นฐานและความมั่นคงของมนุษย์, การท่องเที่ยว, การเกษตรและความมั่นคงทางอาหาร, ติดตาม, ประเมินผล, ปรับตัว, ยุทธศาสตร์, สาธารณสุข, เปราะบาง, เปลี่ยนแปลงสภาพภูมิอากาศ","ประเทศ","2024-08-09","2026-03-17"
"DAT-015","รายชื่อองค์กรปกครองส่วนท้องถิ่นที่ได้รับรางวัลอาเซียนด้านสิ่งแวดล้อมเมืองยั่งยืน","Data Asset","รายชื่อองค์กรปกครองส่วนท้องถิ่นที่ได้รับรางวัลอาเซียนด้านสิ่งแวดล้อมเมืองยั่งยืน หมายถึง รายชื่อของเทศบาล หรือองค์การบริหารส่วนตำบลในประเทศไทย ที่ได้รับเลือกจากประเทศไทยให้เข้าชิงหรือรับรางวัล ASEAN Environmental Sustainable Cities Award ซึ่งเป็นรางวัลจากกลุ่มประเทศอาเซียน (ASEAN) การพิจารณาคัดเลือกอ้างอิงจากเมืองที่มีผลการดำเนินงานโดดเด่นใน 3 ตัวชี้วัดหลัก ได้แก่ คุณภาพอากาศ (Clean Air)
คุณภาพน้ำ (Clean Water) ขยะและพื้นที่สีเขียว (Clean Land/Green Space) โดยรางวัลแบ่งเป็นสองประเภทหลัก คือ 1.เสนอชื่อโดยประเทศ (Country Nomination) 2.ประเภทแข่งขันเปิด (Certificate of Recognition) และพิจารณาตามขนาดเมือง (ขนาดเล็ก/ขนาดใหญ่","Dataset","กลุ่มส่งเสริมการจัดการสิ่งแวดล้อมเมืองยั่งยืน","sustainablecitydcce@gmail.com","https://dgf.dcce.go.th/dataset/db0606-003","https://dgf.dcce.go.th/dataset/261cd87d-cfa5-4e81-afc1-8e741b289c88/resource/1314dd96-16a4-496b-97b0-a117482c8eaf/download/untitled.xlsx","Data Catalog (CKAN DGF)","","ข้อมูลสาธารณะ","ปี","แผนแม่บทภายใต้ยุทธศาสตร์ชาติ","รางวัลท้องถิ่น, รางวัลสิ่งแวดล้อม, รางวัลอาเซียนด้านสิ่งแวดล้อมเมืองที่ยั่งยืน, สิ่งแวดล้อมเมืองยั่งยืน","เทศบาล/อบต.","2012-07-13","2026-03-13"
"DAT-016","คู่มือการเลี้ยงหนอนBSF สำหรับประชาชน","Knowledge Asset","คู่มือการเลี้ยงหนอน Black soldier fly: BSF สำหรับประชาชนในการจัดการขยะอินทรีย์เพื่อการสร้างมูลค่าเพิ่มการจัดการขยะด้วยเทคโนโลยีชีวภาพ ลดการปลดปล่อยก๊าซเรือนกระจก","Document","ศูนย์วิจัยด้านการเปลี่ยนแปลงสภาพภูมิอากาศและสิ่งแวดล้อม","ertc@deqp.mail.go.th","https://dgf.dcce.go.th/dataset/db0705-001","https://www.dcce.go.th/wp-content/uploads/2025/03/คู่มือการเลี้ยงหนอน-BSF-สำหรับประชาชน.pdf","Data Catalog (CKAN DGF)","","ข้อมูลสาธารณะ","ไม่มีการปรับปรุงหลังจากการจัดเก็บข้อมูล","พันธกิจหน่วยงาน","การจัดการขยะอินทรีย์ที่ต้นทาง, หนอนbsf, หนอนแมลงวันลาย","ประเทศ","2022-12-01","2025-02-28"
"DAT-017","สื่อให้ความรู้ด้านการเปลี่ยนแปลงสภาพภูมิอากาศ","Data Asset","สื่อสร้างความรู้ความเข้าใจในการตั้งรับปรับตัวต่อการเปลี่ยนแปลงสภาพภูมิอากาศ","Dataset","กลุ่มสร้างจิตสำนึกสาธารณะ","pr.dcceth@gmail.com","https://dgf.dcce.go.th/dataset/db0306-001","https://dgf.dcce.go.th/dataset/b1972134-8b62-473c-a8b3-1fb188ff4cbd/resource/62e02697-0d50-4694-813a-ca92795dbe12/download/1..jpg","Data Catalog (CKAN DGF)","","ข้อมูลสาธารณะ","ไม่มีการปรับปรุงหลังจากการจัดเก็บข้อมูล","อื่นๆ","Adaptation, Mitigation, การปรับตัว, โลกร้อน, โลกเดือด","ประเทศ","2024-08-16","2025-08-16"
"DAT-018","รายงานผลการจัดซื้อจัดจ้างของกรมการเปลี่ยนแปลงสภาพภูมิอากาศและสิ่งแวดล้อม","Data Asset","รายงานผลการจัดซื้อจัดจ้าง ของสำนัก/ศูนย์/กอง ประจำแต่ละปีงบประมาณ","Dataset","กลุ่มการคลัง สำนักงานเลขานุการกรม","dccecenter@dcce.mail.go.th","https://dgf.dcce.go.th/dataset/db0203-001","https://dgf.dcce.go.th/dataset/7a335569-3ae0-4674-a2ac-6507ced9e9fd/resource/6d39ec3a-154b-4e5a-b77a-9a2aa4e45cb8/download/untitled.xlsx","Data Catalog (CKAN DGF)","","ข้อมูลสาธารณะ","ปี","เพื่อการให้บริการประชาชน, กฎหมายที่เกี่ยวข้อง","การจัดซื้อจัดจ้าง, การใช้จ่ายของภาครัฐ, งบประมาณ, จัดซื้อจัดจ้าง, ผลการจัดซื้อจัดจ้าง","ไม่มี","2023-10-02","2025-11-04"
"DAT-019","สถานประกอบการที่มีการผลิตที่เป็นมิตรกับสิ่งแวดล้อม Green Production","Data Asset","สถานประกอบการที่มีการผลิตที่เป็นมิตรกับสิ่งแวดล้อม มีการนำแนวคิด BCG Model ไปใช้ในกระบวนการผลิตและการออกแบบผลิตภัณฑ์ ใช้ทรัพยากรอย่างคุ้มค่า ลดของเสียจากแหล่งกำเนิด ลดผลกระทบต่อสิ่งแวดล้อม และลดการปล่อยก๊าซเรือนกระจก (Green House Gases: GHG) ออกสู่บรรยากาศ","Dataset","กองส่งเสริมการมีส่วนร่วมต่อการเปลี่ยนแปลงสภาพภูมิอากาศและสิ่งแวดล้อม","ggreen.greenproduction@gmail.com","https://dgf.dcce.go.th/dataset/db0605-001","https://dgf.dcce.go.th/dataset/7f2f3674-e52e-4499-944e-cf014e81aa2d/resource/a142c4a3-74d2-4212-a178-33bff3e466cb/download/data-catalog-green-production-66.xlsx","Data Catalog (CKAN DGF)","","ข้อมูลสาธารณะ","ปี","เพื่อการให้บริการประชาชน","GGreen, GreenProduction, การผลิตที่เป็นมิตรกับสิ่งแวดล้อม, ผลิตภัณฑ์ที่เป็นมิตรกับสิ่งแวดล้อม, สถานประกอบการที่มีการผลิตที่เป็นมิตรกับสิ่งแวดล้อม, เป็นมิตรกับสิ่งแวดล้อม","จังหวัด","2023-08-17","2026-02-13"
"DAT-020","รายงานความคืบหน้าการดำเนินงาน SDG 13 [2025]","Knowledge Asset","""กรมการเปลี่ยนแปลงสภาพภูมิอากาศและสิ่งแวดล้อม ถูกกำหนดหน่วยงานระดับเป้าหมายหลัก (Goals) – C1 )  มีภารกิจในการประสานและบูรณาการการทำงานภาพรวมระหว่างหน่วยงานที่เกี่ยวข้องเพื่อให้บรรลุเป้าหมายที่รับผิดชอบในการรายงานผลการดำเนินงานที่ได้มีการขับเคลื่อน ตลอดจนรวบรวมความเห็นและข้อเสนอแนะจากหน่วยงาน ที่มีการดำเนินงานตามเป้าหมายย่อย (C2) เช่น กระทรวงมหาดไทย  รายงานการติดตามการการดำเนินงานตามเป้าหมายการพัฒนาที่ยั่งยืน เป้าหมายที่ 13 ฉบับนี้ได้รวบรวมวิธีการรวมทั้งผลการดำเนินงานตามตัวชี้วัดตลอดจนความเห็นและข้อเสนอแนะจากหน่วยงานที่เกี่ยวข้อง โดยมีสำนักงานสภาพัฒนาการเศรษฐกิจและสังคมแห่งชาติ เป็นหน่วยงานประสานกลาง SDG ของประเทศไทยและเป็นหน่วยรวบรวมข้อมูลตามตัวชี้วัด ข้อมูลจะถูกจัดเก็บในฐานข้อมูลตัวชี้วัด SDG ของประเทศไทย และเผยแพร่เป็นข้อมูลแบบเปิด (open data) ในรูปแบบ SDG dashboard  
""","Document","กลุ่มนโยบายและแผน","ccepolicy@dcce.mail.go.th","https://dgf.dcce.go.th/dataset/https-tinyurl-com-sdg13-2025","https://dgf.dcce.go.th/dataset/329a0611-36c1-4f19-85ad-0287ee2ee5b6/resource/e3f48d73-6494-44cf-9398-21181c79a4d3/download/untitled.pdf","Data Catalog (CKAN DGF)","","ข้อมูลสาธารณะ","ปี","พันธกิจหน่วยงาน","SDG13, รายงานติดตามความก้าวหน้า","ประเทศ","2024-07-31","2024-08-09"
"DAT-021","แผนการปรับตัวต่อการเปลี่ยนแปลงสภาพภูมิอากาศแหงชาติ","Knowledge Asset","กรอบนโยบายระดับประเทศที่กำหนดแนวทางและมาตรการในการปรับตัวต่อการเปลี่ยนแปลงสภาพภูมิอากาศ โดยมีเป้าหมายเพื่อเพิ่มขีดความสามารถในการรับมือกับความเสี่ยงและลดผลกระทบทางเศรษฐกิจ สังคม และสิ่งแวดล้อม ซึ่งให้ความสำคัญกับ 6 สาขาที่มีความเสี่ยงต่อการเปลี่ยนแปลงสภาพภูมิอากาศ ได้แก่ การจัดการทรัพยากรน้ำ เกษตรและความมั่นคงทางอาหาร การท่องเที่ยว สาธารณสุข การจัดการทรัพยากรธรรมชาติ และการตั้งถิ่นฐานและความมั่นคงของมนุษย์","Document","กลุมขับเคลื่อนการปรับตัวตอการเปลี่ยนแปลงสภาพภูมิอากาศ","adapt.dcce@gmail.com","https://dgf.dcce.go.th/dataset/db0302-001","https://dgf.dcce.go.th/dataset/597b536f-1255-41e7-a5af-eb6b58848b79/resource/53429bfc-30b3-47fa-83fa-52225fe42140/download/nap_thailand-v.eng..pdf","Data Catalog (CKAN DGF)","","ข้อมูลสาธารณะ","ปี","ดัชนี/ตัวชี้วัดระดับนานาชาติ","การปรับตัวต่อการเปลี่ยนแปลงสภาพภูมิอากาศ, การสร้างภูมิคุ้มกัน, การเปลี่ยนแปลงสภาพภูมิอากาศ, ผลกระทบจากการเปลี่ยนแปลงสภาพภูมิอากาศ, แผนการปรับตัวต่อการเปลี่ยนแปลงสภาพภูมิอากาศ","ประเทศ","2018-11-19","2024-04-02"
"DAT-022","ชุดเเนวทางการปรับตัวต่อการเปลี่ยนเเปลงสภาพภูมิอากาศโดยใช้เเนวทางธรรมชาติ (Nbs)","Knowledge Asset","เสริมสร้างศักยภาพในการใช้เครื่องมือประเมินทางเศรษฐศาสตร์ เเละสนับสนุนการบูรณาการแนวทางธรรมชาติ (Nature-based solutions: NbS) ในการแก้ไขปัญหาการเปลี่ยนแปลงสภาพภูมิอากาศในเขตเมือง","Document","กองขับเคลื่อนการปรับตัวต่อการเปลี่ยนเเปลงสภาพภูมิอากาศ กลุ่มพัฒนาเเนวทางเเละศักยภาพในการปรับตัวต่อการเปลี่ยนเเปลงสภาพภูมิอากาศ","adapgl.dcce@gmail.com","https://dgf.dcce.go.th/dataset/nbs","https://dgf.dcce.go.th/dataset/b988d34e-f36e-490a-b153-f4f85357938c/resource/c001e759-6731-4eaa-a7ac-935ca23e4130/download/untitled.pdf","Data Catalog (CKAN DGF)","","ข้อมูลสาธารณะ","ปี","แผนพัฒนาเศรษฐกิจและสังคมแห่งชาติ, แผนระดับที่ 3 (มติครม. 4 ธ.ค. 2560), เพื่อการให้บริการประชาชน","NAP, การปรับตัว, การเปลี่ยนเเปลงสภาพภูมิอากาศ, เเนวทางธรรมชาติ(Nbs), เเผนNAP","ไม่มี","2023-08-01","2024-07-10"
"DAT-023","หลักสูตรการส่งเสริมคุณธรรม จริยธรรม และการป้องกันการทุจริตภายในหน่วยงาน","Knowledge Asset","การจัดฝึกอบรมหรือกิจกรรมที่มีเนื้อหาเกี่ยวกับการส่งเสริมคุณธรรม จริยธรรม และการป้องกันการทุจริตภายในหน่วยงาน และมีการรายงานสรุปผลเป็นองค์ความรู้ที่ได้จากหลักสูตรฯ พร้อมเผยแพร่ผ่านเว็บไซต์ของหน่วยงาน","Document","กลุ่มงานจริยธรรม","deqp_ethics@hotmail.com","https://dgf.dcce.go.th/dataset/db0104-001e","https://dgf.dcce.go.th/dataset/8a50d7d2-0ac5-423a-b8c3-c985e1307d07/resource/7164048d-fbdf-4836-bf38-4f15fff92dd6/download/-..-2567.pdf","Data Catalog (CKAN DGF)","","ข้อมูลสาธารณะ","ปี","ยุทธศาสตร์ชาติ, แผนแม่บทภายใต้ยุทธศาสตร์ชาติ, กฎหมายที่เกี่ยวข้อง","การป้องกันการทุจริตในวงราชการ, คุณธรรม, จริยธรรม","ไม่มี","2023-10-01","2024-07-31"
"DAT-024","ผลสรุปการประชุม COP ประจำปี","Knowledge Asset","ผลสรุปการประชุมรัฐภาคีกรอบอนุสัญญาสหประชาชาติว่าด้วยการเปลี่ยนแปลงสภาพภูมิอากาศ (Conference of Parties to the United Nations Framework Convention on Climate Change: COP) (ข้อมูลความก้าวหน้าของประเทศ)","Document","กลุ่มอนุสัญญาและความร่วมมือระหว่างประเทศ","unfccc.thailand.focalpoint@gmail.com","https://dgf.dcce.go.th/dataset/db0503-002","https://dgf.dcce.go.th/dataset/b16cbea7-91a5-475b-a38b-d5164b880237/resource/b52c5e35-44ab-4482-93a2-a0b3679b45bc/download/-cop-21.pdf","Data Catalog (CKAN DGF)","","ข้อมูลสาธารณะ","ปี","ยุทธศาสตร์ชาติ","COP, ผลการประชุม","ประเทศ","2024-03-01","2024-08-27"
"DAT-025","แผนปฏิบัติการด้านการลดก๊าซเรือนกระจกของประเทศ ปี พ.ศ. ๒๕๖๔ – ๒๕๗๓","Knowledge Asset","แผนปฏิบัติการด้านการลดก๊าซเรือนกระจกของประเทศ ปี พ.ศ. ๒๕๖๔ – ๒๕๗๓ จัดทำขึ้นเพื่อเป็นกรอบการดำเนินงานด้านการลดก๊าซเรือนกระจกของประเทศรายสาขา สอดคล้องตามการมีส่วนร่วมที่ประเทศกำหนด (Nationally Determined Contribution: NDC) มีเป้าประสงค์ในการบรรลุเป้าหมายการลดก๊าซเรือนกระจกที่ร้อยละ ๓๐ - ๔๐ จากกรณีปกติ (Business as Usual: BAU) ภายในปี ค.ศ. ๒๕๗๓ ด้วยการดำเนินงานใน ๕ สาขาหลัก ได้แก่ สาขาพลังงาน สาขาคมนาคมขนส่ง สาขากระบวนการอุตสาหกรรมและการใช้ผลิตภัณฑ์ (Industrial Processes and Product Use: IPPU) สาขาการจัดการของเสียและน้ำเสียอุตสาหกรรม และสาขาเกษตร","Document","กลุ่มขับเคลื่อนการลดก๊าซเรือนกระจก","ccmis.dcce@gmail.com","https://dgf.dcce.go.th/dataset/dcce-go-th","https://dgf.dcce.go.th/dataset/f482dd7a-61d5-44d9-9c35-538359e8c257/resource/e344688d-23f9-4ddf-ab44-0f3de5773d5e/download/-..-ndc-action-plan-on-mitigation-2021-2030.pdf","Data Catalog (CKAN DGF)","","ข้อมูลสาธารณะ","อื่นๆ","ยุทธศาสตร์ชาติ, แผนพัฒนาเศรษฐกิจและสังคมแห่งชาติ, แผนแม่บทภายใต้ยุทธศาสตร์ชาติ","(Nationally Determined Contribution: NDC)","ประเทศ","2024-04-26","2024-10-01"
"DAT-026","องค์กรเอกชนด้านการคุ้มครองสิ่งแวดล้อมและอนุรักษ์ทรัพยากรธรรมชาติ","Data Asset","องค์กรเอกชนที่ได้รับการขึ้นทะเบียนเป็นองค์เอกชนด้านการคุ้มครองสิ่งแวดล้อมและอนุรักษ์ทรัพยากรธรรมชาติจากกรมการเปลี่ยนแปลงสภาพภูมิอากาศและสิ่งแวดล้อมแล้ว","Dataset","กลุ่มส่งเสริมความร่วมมือองค์กรเอกชนและองค์กรชุมชน","ngos.deqp@gmail.com","https://dgf.dcce.go.th/dataset/db0602-001","https://dgf.dcce.go.th/dataset/138a0249-eca3-4a04-b497-51eff590e3f5/resource/555cdbd4-0edf-491c-b0d8-652a9a2b8f58/download/.xlsx","Data Catalog (CKAN DGF)","","ข้อมูลสาธารณะ","ปี","กฎหมายที่เกี่ยวข้อง, พันธกิจหน่วยงาน","NGOด้านสิ่งแวดล้อม, NGOพรบ.สิ่งแวดล้อม, จดทะเบียนเป็นngos, พรบ.สิ่งแวดล้อมมาตรา7, รายชื่อngo","จังหวัด","2019-09-05","2024-07-17"
"DAT-027","องค์ความรู้การเปลี่ยนแปลงสภาพภูมิอากาศของไทยจากงานวิจัยตีพิมพ์ (DCCE) Thai Climate Change Knowledge Repository from Peer-Reviewed Publications (DCCE)","Knowledge Asset","ชุดองค์ความรู้นี้รวบรวมข้อมูล ผลการศึกษา และการวิเคราะห์ด้านการเปลี่ยนแปลงสภาพภูมิอากาศและสิ่งแวดล้อมของประเทศไทย จากงานวิจัยของกรมการเปลี่ยนแปลงสภาพภูมิอากาศและสิ่งแวดล้อมที่ผ่านการตีพิมพ์ในวารสารวิชาการระดับนานาชาติ เพื่อใช้สนับสนุนการอ้างอิงเชิงวิชาการ การกำหนดนโยบาย และการพัฒนาองค์ความรู้นวัตกรรมด้านการปรับตัว การลดก๊าซเรือนกระจก และผลกระทบทางสิ่งแวดล้อม","Document","กลุ่มวิจัยด้านการปรับตัวต่อการเปลี่ยนแปลงสภาพภูมิอากาศ","cca.dcce24@gmail.com","https://dgf.dcce.go.th/dataset/db0704-003","https://dgf.dcce.go.th/dataset/e6f8162e-630a-42d7-94d6-8dc1df59173c/resource/c07e4ff2-5c36-410e-b3e7-8e3b462c610a/download/manuscript.pdf","Data Catalog (CKAN DGF)","","ข้อมูลสาธารณะ","ไม่มีการปรับปรุงหลังจากการจัดเก็บข้อมูล","เพื่อการให้บริการประชาชน","manuscript, pbl, ร่างบทความวิชาการ","ประเทศ","2024-02-01","2025-03-11"
"DAT-028","คู่มือในการพิจารณาอุทธรณ์","Knowledge Asset","เป็นเอกสารคู่มือในการพิจารณาอุทธรณ์ ตามพระราชบัญญัติการจัดซื้อจัดจ้างและการบริหารพัสดุภาครัฐ พ.ศ. 2560","Document","กลุ่มกฎหมาย","Legalaffairs.dcce@gmail.com","https://dgf.dcce.go.th/dataset/manual-appeal-consideration-2560","https://dgf.dcce.go.th/dataset/1c88e8a0-0ec5-4122-b64f-e58dbcbcd7d1/resource/96771fd9-5940-4f8e-9dd4-37f290b1d477/download/untitled.pdf","Data Catalog (CKAN DGF)","","ข้อมูลสาธารณะ","ปี","กฎหมายที่เกี่ยวข้อง","คู่มือ, อุทธรณ์","ไม่มี","2025-06-25T03:17:22.647410","2025-08-14T01:29:11.386048"
"DAT-029","รายชื่อเครือข่ายเด็กและเยาวชนด้านการเปลี่ยนแปลงสภาพภูมิอากาศและสิ่งแวดล้อม(ทั้งในระบบและนอกระบบการศึกษา)","Data Product","เครือข่ายเด็กและเยาวชนที่ขับเคลื่อนกิจกรรมด้านการเปลี่ยนแปลงสภาพภูมิอากาศทุกกลุ่มทั่วประเทศ ในระบบการศึกษา ได้แก่ โรงเรียน มหาวิทยาลัย กศน. หรือที่สังกัดหน่วยงานต่างๆทางด้านการศึกษา  
นอกระบบการศึกษา ได้แก่ เยาวชนกลุ่มพื้นที่ห่างไกล ชายขอบ องค์กรเอกชน หรือกลุ่มอื่นๆ ที่ไม่ได้อยู่ในระบบการศึกษา
กลุ่มชนเผ่าชาติพันธ์ุ","Web Application","กลุ่มส่งเสริมเด็กและเยาวชนด้านสิ่งแวดล้อม","youthandscout@gmail.com","https://dgf.dcce.go.th/dataset/db0999-888","https://dgf.dcce.go.th/dataset/c4868c5c-9d5f-41fb-88b5-53198ee2bd90/resource/ffa7c79e-9a75-462d-af74-c3e753d9c27b/download/untitled.pdf","Data Catalog (CKAN DGF)","","ข้อมูลสาธารณะ","ครึ่งปี","ยุทธศาสตร์ชาติ, แผนพัฒนาเศรษฐกิจและสังคมแห่งชาติ, แผนแม่บทภายใต้ยุทธศาสตร์ชาติ, แผนปฏิรูปประเทศ, มติคณะรัฐมนตรี, พันธกิจหน่วยงาน","กลุ่มชาติพันธุ์, ชนเผ่า, นอกระบบการศึกษา, องค์กรเอกชน, เครือข่ายเด็กและเยาวชน, ในระบบการศึกษา","จังหวัด","2013-01-01","2021-07-30"
"DAT-030","การผลิตที่เป็นมิตรกับสิ่งแวดล้อม (Green Production)","Data Asset","ข้อมูลแสดงจำนวนสถานประกอบการที่ผ่านเกณฑ์การประเมินการผลิตที่เป็นมิตรกับสิ่งแวดล้อม (Green Production) โดยเเบ่งเป็น 4 ระดับ คือ ระดับ Green Plus ระดับดีเยี่ยม ระดับดีมาก และระดับดี","Dataset","กองส่งเสริมการมีส่วนร่วมต่อการเปลี่ยนแปลงสภาพภูมิอากาศและสิ่งแวดล้อม","GGreen.GreenProduction@gmail.com","https://dgf.dcce.go.th/dataset/db0103-003","https://dgf.dcce.go.th/dataset/85c9b8d4-c812-425a-bfaa-58a38ef1a956/resource/2af2bd97-83dc-4636-8065-171cf154de23/download/data-catalog-green-production-66.xlsx","Data Catalog (CKAN DGF)","","ข้อมูลสาธารณะ","ปี","อื่นๆ","GGreenDEQP, Green Product, ผลิตภัณฑ์ที่เป็นมิตรกับสิ่งแวดล้อม, สถานประกอบการณ์ที่ผ่านเกณฑ์ประเมิน, สถานประกอบการที่เป็นมิตรกับสิ่งแวดล้อม, เกณฑ์ประเมินผลิตภัณฑ์, เป็นมิตรกับสิ่งแวดล้อม","ตำบล","2013-01-01","2025-07-18"
"DAT-031","ผลการลดก๊าซเรือนกระจกของประเทศไทย","Data Asset","ผลการดำเนินงานลดก๊าซเรือนกระจกของประเทศ จากสาขาต่าง ๆ ได้แก่ สาขาพลังงาน สาขาคมนาคมขนส่ง สาขากระบวนการอุตสาหกรรมและการใช้ผลิตภัณฑ์รวมถึงน้ำเสียอุตสาหกรรม และสาขาการจัดการของเสียชุมชน ซึ่งรวบรวมจากผลการดำเนินงานตามมาตรการการลดก๊าซเรือนกระจกของหน่วยงานต่าง ๆ ได้แก่ สำนักงานนโยบายและแผนพลังงาน สำนักงานนโยบายและแผนการขนส่งและจราจร กรมโรงงานอุตสาหกรรม และกรมควบคุมมลพิษ (รวบรวมข้อมูลจาก สผ. และได้ทำการถ่ายโอนภารกิจมา ซึ่งในรอบเวลาปรับปรุงข้อมูลถัดไป กรมเปลี่ยนแปลงจะเป็นผู้ทำการปรับปรุงข้อมูล)","Dataset","กองขับเคลื่อนการลดก๊าซเรือนกระจก กรมการเปลี่ยนแปลงสภาพภูมิอากาศและสิ่งแวดล้อม","ccmcdatabase@onep.go.th","https://dgf.dcce.go.th/dataset/thailand-ghg-reduction","https://dgf.dcce.go.th/dataset/d72a8462-86f9-4f29-8ffc-5e5c60093787/resource/85960b9b-2468-4889-83c4-ef68ef787e5e/download/ghg-reduction_.csv","Data Catalog (CKAN DGF)","","ข้อมูลสาธารณะ","ปี","อื่นๆ","การลดก๊าซ, ก๊าซเรือนกระจก, ปริมาณการลดก๊าซเรือนกระจก, ผลการลดก๊าซเรือนกระจก","ไม่มี","2024-01-25T03:13:57.060492","2024-05-20"
"DAT-032","รายงานการประชุม หารือข้อมูลพื้นที่เป้าหมายสำหรับการส่งเสริมการปลูกป่า เพื่อบรรลุเป้าหมายการดูดกลับก๊าซเรือนกระจกภายใต้ยุทธศาสตร์ระยะยาวในการพัฒนาแบบปล่อยก๊าซเรือนกระจกต่ำของประเทศไทย","Knowledge Asset","ข้อมูลที่แสดงให้เห็นถึงรายงานการประชุมของหน่วยงาน เช่น (1) รายชื่อผู้เข้าร่วมประชุม (2) ข้อมูลพื้นที่ป่าของหน่วยงาน (3) เป้าหมาย และเงื่อนไขการส่งเสริมการปลูกป่าของหน่วยงาน (4) ความถี่ของการปรับปรุงข้อมูล (5) แผนปฎิบัติงานในการเพิ่มพื้นที่ป่าของหน่วยงาน","Document","กลุ่มพัฒนาแนวทางและศักยภาพการลดก๊าซเรือนกระจก","capacitybuildingsec@dcce.mail.go.th","https://dgf.dcce.go.th/dataset/report-forest","","Data Catalog (CKAN DGF)","","ข้อมูลใช้ภายใน","ปี","พันธกิจหน่วยงาน","ข้อมูลพื้นที่เป้าหมายสำหรับการส่งเสริมการปลูกป่า การดูดกลับก๊าซเรือนกระจก","ไม่มี","2024-08-14","2024-08-15"
"DAT-033","ข้อมูลการจัดสรรครุภัณฑ์คอมพิวเตอร์","Data Asset","ข้อมูลการจัดสรรครุภัณฑ์ จัหาคอมพิวเตอร์และเครือข่ายคอมพิวเตอร์เพื่อสนับสนุนการดำเนินงานขององค์กร","Dataset","กลุ่มพัฒนาเทคโนโลยีดิจิทัล","computercenter@dcce.mail.go.th","https://dgf.dcce.go.th/dataset/db-0101-001","","Data Catalog (CKAN DGF)","","ข้อมูลใช้ภายใน","ปี","พันธกิจหน่วยงาน, อื่นๆ","เครื่องคอมพิวเตอร์ สำหรับงานประมวลผลแบบที่ 1, เครื่องคอมพิวเตอร์ สำหรับงานประมวลผลแบบที่ 2, โน๊ตบุ๊ก สำหรับงานประมวลผล, โน๊ตบุ๊ก สำหรับงานสำนักงาน","ไม่มี","2024-01-31","2024-08-16"
"DAT-034","การเสนอความเห็นเพื่อประกอบการประชุมคณะรัฐมนตรี","Data Asset","แบบการเสนอความเห็นเพื่อประกอบการประชุมคณะรัฐมนตรี ที่ ปคร.สส. จัดทำส่งไปยัง ปคร.ทส.","Dataset","กลุ่มเลขานุการคณะกรรมการนโยบายการเปลี่ยนแปลงสภาพภูมิอากาศแห่งชาติ","sncc@dcce.mail.go.th","https://dgf.dcce.go.th/dataset/2567","","Data Catalog (CKAN DGF)","","ข้อมูลใช้ภายใน","เดือน","มติคณะรัฐมนตรี","การประสานงาน ปคร., การเสนอความเห็น ปคร., ปคร","ไม่มี","2024-07-31","2024-08-15"
"DAT-035","การปล่อยและกักเก็บก๊าซเรือนกระจกของประเทศไทย","Data Asset","ปริมาณการปล่อยก๊าซเรือนกระจกของประเทศไทย ทั้ง 5 ภาคส่วน ได้แก่ 1) ภาคพลังงาน 2) ภาคกระบวนการอุตสาหกรรมและการใช้ผลิตภัณฑ์ 3) ภาคเกษตร 4) ภาคป่าไม้และการใช้ประโยชน์ที่ดิน และ 5) ภาคของเสีย 
(รวบรวมข้อมูลจาก สผ. และได้ทำการถ่ายโอนภารกิจมา ซึ่งในรอบเวลาปรับปรุงข้อมูลถัดไป กรมเปลี่ยนแปลงจะเป็นผู้ทำการปรับปรุงข้อมูล)","Dataset","กองขับเคลื่อนการลดก๊าซเรือนกระจก กรมการเปลี่ยนแปลงสภาพภูมิอากาศและสิ่งแวดล้อม","ghginventory@dcce.mail.go.th","https://dgf.dcce.go.th/dataset/ghgemission","https://dgf.dcce.go.th/dataset/123fb7a8-2a8a-417c-801f-2f1f5ca3d523/resource/00f42225-dfda-4f3e-b130-e6022e46c07b/download/ghg-emission-by-gas-.csv","Data Catalog (CKAN DGF)","","ข้อมูลสาธารณะ","ปี","อื่นๆ","กักเก็บ, การปล่อยก๊าซ, ก๊าซเรือนกระจก, ปริมาณการกักเก็บก๊าซเรือนกระจก, ปริมาณการปล่อยก๊าซเรือนกระจก","ประเทศ","2024-01-25T03:01:33.588483","2022-12-27"
"DAT-036","บัญชีการปล่อยก๊าซเรือนกระจกของประเทศไทย ภาคพลังงานและคมนาคมขนส่ง","Data Asset","การจัดทำบัญชีก๊าซเรือนกระจกของประเทศไทยเพื่อรายงานข้อมูลตามพันธกรณีของการเป็นภาคีสมาชิกของอนุสัญญาสหประชาชาติว่าด้วยการเปลี่ยนแปลงสภาพภูมิอากาศ หรือ United Nations Framework on Climate Change (UNFCCC) ซึ่งกำหนดให้มีการจัดทำและรายงานข้อมูลบัญชีก๊าซเรือนกระจกเพื่อเสนอต่อ UNFCCC","Dataset","กลุ่มบัญชีก๊าซเรือนกระจก","parichat@dcce.mail.go.th","https://dgf.dcce.go.th/dataset/db0404-001","https://dgf.dcce.go.th/dataset/4e80edcc-bb5c-416d-b020-fc1ea1d60583/resource/719b6a9b-a19d-4fbf-bf24-6d612475b17f/download/ghg-emission-gas-energy.csv","Data Catalog (CKAN DGF)","","ข้อมูลสาธารณะ","ปี","ยุทธศาสตร์ชาติ","บัญชีการปล่อยก๊าซเรือนกระจกภาคพลังงานและคมนาคมขนส่ง","ไม่มี","2024-08-13T18:08:21.787059","2024-08-28"
"DAT-037","ขั้นตอนในการ รับ-ส่ง หนังสือด้วยระบบสารบรรณอิเล็กทรอนิกส์ ภายในกองขับเคลื่อนการลดก๊าซเรือนกระจก","Data Product","การดำเนินงานที่เกี่ยวกับงานบริหารเอกสาร การรับ-ส่งการเก็บรักษา ด้วยระบบสารบรรณอิเล็กทรอนิกส์ 
เพื่อรองรับและสนับสนุนการปฏิบัติงานของกองขับเคลื่อนการลดก๊าซเรือนกระจกได้อย่างมีประสิทธิภาพ 
รวดเร็วและปลอดภัย","Web Application","ฝ่ายบริหารทั่วไป","ggmgeneraldcce@gmail.com","https://dgf.dcce.go.th/dataset/db0401-001","https://dgf.dcce.go.th/dataset/6ce39903-9a94-4f26-babd-191e4a7a058f/resource/83ae7524-11fc-417b-b59e-b2c777b7dbba/download/-..pdf","Data Catalog (CKAN DGF)","","ข้อมูลสาธารณะ","ไม่มีการปรับปรุงหลังจากการจัดเก็บข้อมูล","พันธกิจหน่วยงาน","กองขับเคลื่อนการลดก๊าซเรือนกระจก, ขั้นตอน, ระบบสารบรรณอิเล็กทรอนิกส์, รับ-ส่ง, หนังสือ","ไม่มี","2024-08-14","2024-08-16"
"DAT-038","หลักสูตรบริหารการเปลี่ยนแปลงสภาพภูมิอากาศ","Knowledge Asset","รายชื่อวิทยากร ห้วข้อวิชาฝึกอบรม ผู้ผ่านการฝึกอบรม เอกสารประกอบการฝึกอบรม","Document","กลุ่มพัฒนาศักยภาพบุคลากรด้านการเปลี่ยนแปลงสภาพภูมิอากาศและสิ่งแวดล้อม","DCCEtraining@dcce.mail.go.th","https://dgf.dcce.go.th/dataset/db0707-001","https://dgf.dcce.go.th/dataset/55907e8e-6d46-4f22-ab82-265aa256cc0b/resource/360276cd-82e7-4c6f-b540-216b02312409/download/1..pdf","Data Catalog (CKAN DGF)","","ข้อมูลสาธารณะ","ปี","พันธกิจหน่วยงาน","การเปลี่ยนแปลงสภาพภูมิอากาศ","ไม่มี","2024-02-19","2024-03-28"
"DAT-039","คู่มือวิธีทดสอบหาปริมาณสารอินทรีย์ระเหยง่ายในบรรยากาศ","Knowledge Asset","วิธีทดสอบหาปริมาณสารอินทรีย์ระเหยง่ายในบรรยากาศ โดยใช้ถังเก็บตัวอย่างอากาศ (Canister) และเครื่อง Preconcentrator
Gas Chromatography/Mass Spectrometry ใช้ในการทดสอบหาปริมาณสารอินทรีย์ระเหยง่าย (Volatile organic compounds; VOCs)
ในบรรยากาศ จำนวน 25 พารามิเตอร","Document","กลุ่มมาตรฐานและห้องปฏิบัติการ","plernpis_p@yahoo.com","https://dgf.dcce.go.th/dataset/db0706-003","https://dgf.dcce.go.th/dataset/5d26cd0e-e974-4a59-9ccb-774aa3379f6f/resource/4c7481d2-024b-414d-8325-d1e9514605b6/download/.pdf","Data Catalog (CKAN DGF)","","ข้อมูลสาธารณะ","ปี","เพื่อการให้บริการประชาชน","สารอินทรีย์ระเหยง่ายในบรรยากาศ","ไม่มี","2025-03-03","2025-06-09T08:20:43.555827"
"DAT-040","คู่มือการทดสอบสารไดออกซินในบรรยากาศ","Knowledge Asset","ไดออกซิน (Dioxins) เป็นกลุ่มของสารเคมีที่มีโครงสร้างทางเคมีและคุณสมบัติที่คล้ายคลึงกัน ซึ่งมีมากกว่า 200 ชนิด ประกอบด้วย benzene ring 2 วง เชื่อมกันด้วยออกซิเจน 2 อะตอม ที่วางตัวในตำ แหน่งตรงข้ามกัน และมีคลอรีนแทนที่ไฮโดรเจนใน benzene ring ในตำ แหน่ง
ต่าง ๆ กัน พบมีประมาณ 30 ชนิดเท่านั้นที่ก่อให้เกิดพิษ โดยตัวที่ก่อให้เกิดพิษสูงที่สุด คือ2,3,7,8-tetrachlorodibenzo-para-dioxin (อาจเรียกย่อว่า 2,3,7,8-TCDD หรือ TCDD) ซึ่งเป็น isomer หรือ congener ของ dioxins","Document","กลุ่มมาตรฐานและห้องปฏิบัติการ","saraban@dcce.mail.go.th","https://dgf.dcce.go.th/dataset/db0706-002","https://dgf.dcce.go.th/dataset/21305df7-4e64-42a9-b908-393e2338d8a0/resource/3c628588-0517-4f0d-97a5-c2e0457a7374/download/_version-2_compressed.pdf","Data Catalog (CKAN DGF)","","ข้อมูลสาธารณะ","ปี","เพื่อการให้บริการประชาชน","ไดออกซิน","ไม่มี","2024-06-11","2024-07-12"
"DAT-041","แผนที่แสดงการเพิ่มขึ้น/ลดลงของละอองลอยในบรรยากาศเป็นผลจากความสูงชั้นบรรยากาศ PBL ครอบคลุมประเทศไทย","Knowledge Asset","แผนที่แสดงการเพิ่มขึ้น/ลดลงของละอองลอยในบรรยากาศเป็นผลจากความสูงชั้นบรรยากาศ PBL ครอบคลุมประเทศไทย

สีแดง หมายถึง ในปีที่ค่า PC ค่าเป็นบวก ละอองลอยบริเวณนั้นลดลงเมื่อค่าความสูงชั้นบรรยากาศ PBL เพิ่มขึ้น หรือ ละอองลอยบริเวณนั้นเพิ่มขึ้นเมื่อค่าความสูงชั้นบรรยากาศ PBL ลดลง ในปีที่ค่า PC ค่าเป็นบวก และเกิดตรงกันข้ามในปีที่มีค่าเป็นลบ

สีน้ำเงิน หมายถึง ในปีที่ค่า PC ค่าเป็นลบ ละอองลอยบริเวณนั้นลดลงเมื่อค่าความสูงชั้นบรรยากาศ PBL เพิ่มขึ้น หรือ ละอองลอยบริเวณนั้นเพิ่มขึ้นเมื่อค่าความสูงชั้นบรรยากาศ PBL ลดลง และเกิดตรงกันข้ามในปีที่มีค่าเป็นบวก","Document","กลุ่มวิจัยด้านการปรับตัวต่อการเปลี่ยนแปลงสภาพภูมิอากาศ","cca.dcce@gmail.com","https://dgf.dcce.go.th/dataset/pbl","https://dgf.dcce.go.th/dataset/d4b31f23-dfd8-47bd-9ac1-e6294ad34c6f/resource/9798b710-e0ad-4136-8451-b30fb1dc3382/download/-pbl-.pdf","Data Catalog (CKAN DGF)","","ข้อมูลสาธารณะ","ไม่มีการปรับปรุงหลังจากการจัดเก็บข้อมูล","เพื่อการให้บริการประชาชน, พันธกิจหน่วยงาน","AOD, PBL, ชุดข้อมูล, ละอองลอย, แผนที่","ประเทศ","2023-10-01","2024-08-13"
"DAT-042","แผนที่แสดงความแปรปรวนของความสูงชั้นบรรยากาศ PBL","Knowledge Asset","ชุดแผนที่แสดงความแปรปรวนของความสูงชั้นบรรยากาศ PBL

Mode หมายถึงรูปแบบในการเกิดการเพิ่มขึ้น/ลดลงของความสูงชั้นบรรยากาศ PBL
% หมายถึงสัดส่วนการเกิดขึ้นของรูปแบบนี้
สีแดง หมายถึง 1. ความสูงชั้นบรรยากาศ PBL บริเวณนั้น ลดลงเมื่อเส้นกราฟ PC ณ ขณะนั้นมีค่าเป็นบวก หรือ 2. ความสูงชั้นบรรยากาศ PBL เพิ่มขึ้นเมื่อเส้นกราฟ PC ณ ขณะนั้นมีค่าเป็นลบ 
สีน้ำเงิน หมายถึง 1. ความสูงชั้นบรรยากาศ PBL บริเวณนั้น เพิ่มขึ้นเมื่อเส้นกราฟ PC ณ ขณะนั้นมีค่าเป็นบวก หรือ 2. ความสูงชั้นบรรยากาศ PBL ลดลงเมื่อเส้นกราฟ PC ณ ขณะนั้นมีค่าเป็นลบ","Document","กลุ่มวิจัยด้านการปรับตัวต่อการเปลี่ยนแปลงสภาพภูมิอากาศ","cca.dcce@gmail.com","https://dgf.dcce.go.th/dataset/db0704-001","https://dgf.dcce.go.th/dataset/7c327ccf-dc17-40f8-942c-3df814c6fd2d/resource/ec9a0c21-e029-4208-acd0-66af97b1bd78/download/-pbl.pdf","Data Catalog (CKAN DGF)","","ข้อมูลสาธารณะ","ไม่มีการปรับปรุงหลังจากการจัดเก็บข้อมูล","เพื่อการให้บริการประชาชน, พันธกิจหน่วยงาน","PBL, ชั้นความสูง PBL, แผนที่","ประเทศ","2023-10-01","2024-08-13"
"DAT-043","การศึกษาการปนเปื้อนและประสิทธิภาพการบำบัดไมโครพลาสติกในระบบน้ำเสียชุมชน","Data Product","ชุดข้อมูลนี้แสดงสถานการณ์การปนเปื้อนและประสิทธิภาพการบำบัดไมโครพลาสติกในระบบน้ำเสียชุมชน โดยมี อปท. ประชาชน นักศึกษา อาจารย์มหาวิทยาลัย กรมควบคุมมลพิษ กรมทรัพยากรทางทะเลและชายฝั่ง และกรมการเปลี่ยนแปลงสภาพภูมิอากาศและสิ่งแวดล้อมใช้ประโยชน์จากงานวิจัยนี้","Web Application","กลุ่มวิจัยด้านการลดก๊าซเรือนกระจก","suwimolteam@yahoo.com","https://dgf.dcce.go.th/dataset/db0703-001","https://dgf.dcce.go.th/dataset/7a9911d3-dd36-42c0-8c8b-06e559a86bed/resource/2b8bf413-5a9d-436e-8294-06ed5066c885/download/infographic-microplastics-data-catalog.pdf","Data Catalog (CKAN DGF)","","ข้อมูลสาธารณะ","ปี","ยุทธศาสตร์ชาติ, แผนพัฒนาเศรษฐกิจและสังคมแห่งชาติ, เพื่อการให้บริการประชาชน, พันธกิจหน่วยงาน","ระบบบำบัดน้ำเสียชุมชน, ไมโครพลาสติก","ไม่มี","2023-09-01","2025-03-25"
"DAT-044","รายงานผลงานวิจัย (Technical report)","Knowledge Asset","งานวิจัยด้านสิ่งแวดล้อมคือการศึกษาวิจัยที่มุ่งเน้นไปที่การสำรวจและวิเคราะห์ปัญหาและปรากฏการณ์ที่เกี่ยวข้องกับสิ่งแวดล้อม ซึ่งรวมถึงการศึกษาผลกระทบของกิจกรรมมนุษย์ที่มีต่อธรรมชาติ การพัฒนาวิธีการในการป้องกันและแก้ไขปัญหาสิ่งแวดล้อม รวมถึงการพัฒนานโยบายและกลยุทธ์เพื่อการจัดการสิ่งแวดล้อมอย่างยั่งยืน","Document","กลุ่มแผนงานวิจัยและความร่วมมือ","CERC.RPaCS@gmail.com","https://dgf.dcce.go.th/dataset/db0702-001","https://dgf.dcce.go.th/dataset/04f02cde-dd49-419a-8372-865961c4de93/resource/b19d8197-c779-4b41-a411-fdcd7648d51d/download/-2561-2563.pdf","Data Catalog (CKAN DGF)","","ข้อมูลสาธารณะ","ปี","พันธกิจหน่วยงาน","งานวิจัย, สิ่งแวดล้อม","ไม่มี","2004-01-01","2020-12-31"
"DAT-045","รายชื่อนักวิจัยของศูนย์วิจัยการเปลี่ยนแปลงสภาพภูมิอากาศและสิ่งแวดล้อม","Data Asset","รายชื่อนักวิจัยของศูนย์วิจัยการเปลี่ยนแปลงสภาพภูมิอากาศและสิ่งแวดล้อม","Dataset","ฝ่ายบริหารทั่วไป","cerc@dcce.mail.go.th","https://dgf.dcce.go.th/dataset/db0701-001","","Data Catalog (CKAN DGF)","","ข้อมูลความลับทางราชการ","ปี","พันธกิจหน่วยงาน","นักวิจัย, รัฐบาล, สิ่งแวดล้อม","ไม่มี","2024-08-01","2024-08-14"
"DAT-046","รายชื่อเมืองที่ผ่านการประเมินเมืองสิ่งแวดล้อมยั่งยืนด้วยตนเอง (Self-Assessment Report: SAR) และได้รับ Basic Green City","Data Asset","เมืองสิ่งแวดล้อมยั่งยืน หมายถึง เมืองที่มีการนำกรอบแนวคิด 4 องค์ประกอบ ได้แก่ เมืองอยู่ดี คนมีสุข สิ่งแวดล้อมยั่งยืน เมืองแห่งการเรียนรู้และการบริหารจัดการที่ดี ไปเป็นกรอบแนวทางในการพัฒนาเมืองให้มีความพร้อมรับปรับตัวต่อการเปลี่ยนแปลงสภาพภูมิอากาศ
เมืองที่ผ่านการประเมินเมืองสิ่งแวดล้อมยั่งยืนด้วยตนเอง หมายถึง เมืองที่ทำการประเมินเมืองสิ่งแวดล้อมยั่งยืนด้วยตนเองและผ่านเกณฑ์ 
ตามกรอบแนวคิด 4 องค์ประกอบ 34 ตัวชี้วัด","Dataset","กลุ่มส่งเสริมการจัดการสิ่งแวดล้อมเมืองยั่งยืน","deqpsar@gmail.com","https://dgf.dcce.go.th/dataset/self-assessment-report-sar-basic-green-city-2567","https://dgf.dcce.go.th/dataset/cb65be5b-43f2-4bb3-a8c6-02f83e008ba6/resource/b2deb8c3-0d8f-4669-9ee8-17bfa66c8491/download/submit-2024-103-.xlsx","Data Catalog (CKAN DGF)","","ข้อมูลสาธารณะ","ปี","ยุทธศาสตร์ชาติ, แผนพัฒนาเศรษฐกิจและสังคมแห่งชาติ, แผนแม่บทภายใต้ยุทธศาสตร์ชาติ, มติคณะรัฐมนตรี","เมืองสิ่งแวดล้อมยั่งยืน","เทศบาล/อบต.","2024-05-02","2024-05-02"
"DAT-047","ข้อมูลผลการดำเนินงานการจัดการพื้นที่สีเขียว","Knowledge Asset","การส่งเสริมการจัดการพื้นที่สีเขียว ใน 3 พื้นที่เมืองสิ่งแวดล้อมยั่งยืน โดยกระบวนการมีส่วนร่วม ของกลุ่มเป้าหมาย ได้แก่ องค์กรปกครองส่วนท้องถิ่น หน่วยงานราชการ สถานศึกษา ภาคเอกชน และรัฐวิสาหกิจ เข้ามามีส่วนร่วมในการพัฒนาพื้นที่สีเขียวและบริหารจัดการพื้นที่สีเขียวอย่างมีประสิทธิภาพ ผ่านกิจกรรมการอบรมให้ความรู้ การประชุมหารือและวางแผน การประชุมเพื่อสร้างกระบวนการมีส่วนร่วม การประชุมทำแผนปฏิบัติการเพิ่มพื้นที่สีเขียว การจัดกิจกรรมเพื่อสนับสนุนการเพิ่มพื้นที่สีเขียว รวมทั้งช่องทางเพื่อติดตาม รายงานผลการจัดการพื้นที่สีเขียว","Document","กองส่งเสริมการมีส่วนร่วมต่อการเปลี่ยนแปลงสภาพภูมิอากาศและสิ่งแวดล้อม","pcp@dcce.mail.go.th","https://dgf.dcce.go.th/dataset/dgf-dcce-go-th-dataset-db0999-999","https://dgf.dcce.go.th/dataset/05cddd62-3e7a-4c13-95f7-fb6127b956a0/resource/d34dbe08-1f28-4e19-b9ed-def3cfdcac90/download/_compressed.pdf","Data Catalog (CKAN DGF)","","ข้อมูลสาธารณะ","ปี","ยุทธศาสตร์ชาติ, พันธกิจหน่วยงาน","การจัดการพื้นที่สีเขียว, การมีส่วนร่วม, พื้นที่สีเขียว","เทศบาล/อบต.","2024-08-28","2024-08-28"
"DAT-048","คู่มือการส่งเสริมการมีส่วนร่วมในการจัดการพื้นที่สีเขียว","Knowledge Asset","คู่มือการส่งเสริมการมีส่วนร่วมในการจัดการพื้นที่สีเขียว เป็นแนวทางให้หน่วยงานต่างๆ นำไปใช้ประยุกต์ใช้วางแผนการจัดการพื้นที่สีเขียวในพื้นที่ อย่างมีส่วนร่วม ครอบคลุมประเด็น 1) ด้านสัดส่วนพื้นที่สีเขียว 2) ด้านองค์ประกอบพืชพรรณ 
3) ด้านบทบาทหน้าที่พื้นที่สีเขียว 4) ด้านการบริหารจัดการ 5) ด้านการมีส่วนร่วม 6) ด้านการจัดทำข้อมูลพื้นที่
สีเขียว 7) ด้านนวัตกรรมการจัดการพื้นที่สีเขียว และ 8) ด้านการเปลี่ยนแปลงสภาพภูมิอากาศ","Document","กองส่งเสริมการมีส่วนร่วมต่อการเปลี่ยนแปลงสภาพภูมิอากาศและสิ่งแวดล้อม","pcp@dcce.mail.go.th","https://dgf.dcce.go.th/dataset/db0999-999","https://dgf.dcce.go.th/dataset/835286c7-2444-4a37-95b2-7d3b98b7373a/resource/3e1be25b-5c4d-40d4-ac8d-715546811a3c/download/-.pdf","Data Catalog (CKAN DGF)","","ข้อมูลสาธารณะ","ปี","ยุทธศาสตร์ชาติ, พันธกิจหน่วยงาน","green area, การจัดการพื้นที่สีเขียว, การมีส่วนร่วม, คู่มือ, พื้นที่สีเขียว","ไม่มี","2024-04-01","2024-08-28"
"DAT-049","องค์กรเอกชนด้านการคุ้มครองทรัพยากรธรรมชาติและสิ่งแวดล้อม","Data Asset","เป็นข้อมูลรายชื่อองค์กรเอกชนด้านการคุ้มครองทรัพยากรธรรมชาติและสิ่งแวดล้อมที่ขึ้นทะเบียนกับกรมการเปลี่ยนแปลงสภาพภูมิอากาศและสิ่งแวดล้อม","Dataset","กลุ่มความร่วมมือองค์กรเอกชน  กองส่งเสริมการมีส่วนร่วมต่อการเปลี่ยนแปลงสภาพภูมิอากาศและสิ่งแวดล้อม","ngos.deqp@gmail.com","https://dgf.dcce.go.th/dataset/ngos","https://datacenter.dcce.go.th/ngos/report/statistic/","Data Catalog (CKAN DGF)","","ข้อมูลสาธารณะ","เดือน","กฎหมายที่เกี่ยวข้อง, พันธกิจหน่วยงาน","NGOs, องค์กรพัฒนาเอกชน, องค์กรเอกชน","เทศบาล/อบต.","2014-01-01","2021-07-14"
"DAT-050","คู่มือขั้นตอนการจัดทำงบประมาณและแผนงาน","Knowledge Asset","1) เพื่อแสดงรายละเอียดขั้นตอนการปฏิบัติงานของหน่วยงาน  
2) เพื่อให้เจ้าหน้าที่ของหน่วยงานมีความเข้าใจ และสามารถถ่ายทอดขั้นตอนการทำงานให้กับผู้เกี่ยวข้องหรือผู้เข้ามาปฏิบัติงานใหม่ได้","Document","ฝ่ายบริหารทั่วไป กองส่งเสริมการมีส่วนร่วมต่อการเปลี่ยนแปลงสภาพภูมิอากาศและสิ่งแวดล้อม","saraban@dcce.mail.go.th","https://dgf.dcce.go.th/dataset/db0601-004","https://dgf.dcce.go.th/dataset/4113a441-d590-4045-8067-74ede8919998/resource/b331747f-0775-4101-8e8e-ee5bc08e8bff/download/-.pdf","Data Catalog (CKAN DGF)","","ข้อมูลสาธารณะ","ปี","อื่นๆ","งบประมาณ, แผนงบประมาณ","ไม่มี","2024-02-14","2024-08-16"
"DAT-051","ขั้นตอนการลาของเจ้าหน้าที่ กสร.","Knowledge Asset","1) เพื่อแสดงรายละเอียดขั้นตอนการปฏิบัติงานของหน่วยงาน  
2) เพื่อให้เจ้าหน้าที่ของหน่วยงานมีความเข้าใจ และสามารถถ่ายทอดขั้นตอนการทำงานให้กับผู้เกี่ยวข้องหรือผู้เข้ามาปฏิบัติงานใหม่ได้","Document","ฝ่ายบริหารทั่วไป กองส่งเสริมการมีส่วนร่วมต่อการเปลี่ยนแปลงสภาพภูมิอากาศและสิ่งแวดล้อม","saraban@dcce.mail.go.th","https://dgf.dcce.go.th/dataset/db0601-003","https://dgf.dcce.go.th/dataset/9e7fa627-6187-4234-8d31-b33c3f4b0215/resource/99f04e3d-2ca4-4d65-8f12-da47bb65f32c/download/-..pdf","Data Catalog (CKAN DGF)","","ข้อมูลสาธารณะ","ปี","อื่นๆ","วันลา, สรุปวันลา","ไม่มี","2024-02-14","2024-08-16"
"DAT-052","คู่มือการดำเนินงานพัสดุ วงเงินไม่เกิน 500,000 บาท","Knowledge Asset","1) เพื่อแสดงรายละเอียดขั้นตอนการปฏิบัติงานของหน่วยงาน  
2) เพื่อให้เจ้าหน้าที่ของหน่วยงานมีความเข้าใจ และสามารถถ่ายทอดขั้นตอนการทำงานให้กับผู้เกี่ยวข้องหรือผู้เข้ามาปฏิบัติงานใหม่ได้","Document","ฝ่ายบริหารทั่วไป กองส่งเสริมการมีส่วนร่วมต่อการเปลี่ยนแปลงสภาพภูมิอากาศและสิ่งแวดล้อม","saraban@dcce.mail.go.th","https://dgf.dcce.go.th/dataset/db0601-002","https://dgf.dcce.go.th/dataset/d59f2371-1bec-4604-8365-c690e7a07560/resource/82b107bd-852c-4993-aa95-1772b99380c7/download/5.pdf","Data Catalog (CKAN DGF)","","ข้อมูลสาธารณะ","ปี","อื่นๆ","จัดจ้าง, จัดซื้อจัดจ้าง, จ้าง, ใบสั่งจ้าง","ไม่มี","2024-02-14","2024-08-16"
"DAT-053","ขั้นตอนการ รับ-ส่ง หนังสือ","Knowledge Asset","1) เพื่อแสดงรายละเอียดขั้นตอนการปฏิบัติงานของหน่วยงาน  
2) เพื่อให้เจ้าหน้าที่ของหน่วยงานมีความเข้าใจ และสามารถถ่ายทอดขั้นตอนการทำงานให้กับผู้เกี่ยวข้องหรือผู้เข้ามาปฏิบัติงานใหม่ได้","Document","ฝ่ายบริหารทั่วไป กองส่งเสริมการมีส่วนร่วมต่อการเปลี่ยนแปลงสภาพภูมิอากาศและสิ่งแวดล้อม","saraban@dcce.mail.go.th","https://dgf.dcce.go.th/dataset/db0601-001","https://dgf.dcce.go.th/dataset/77040fac-90c6-436b-81ea-a7bb44edb169/resource/8f658450-a9ca-4928-9282-748046e60b66/download/-.pdf","Data Catalog (CKAN DGF)","","ข้อมูลสาธารณะ","ปี","อื่นๆ","รับ-ส่งหนังสือราชการ, หนังสือออก, หนังสือเข้า","ไม่มี","2024-02-14","2024-08-16"
"DAT-054","คู่มือการพิจารณาออกหนังสือรับรองที่ประเทศไทยไม่มีข้อคัดค้าน (No-Objection Procedure: NOP) ต่อข้อเสนอโครงการด้านการเปลี่ยนแปลงสภาพภูมิอากาศ","Knowledge Asset","กระบวนการพิจารณาออกหนังสือรับรองที่ประเทศไทยไม่มีข้อคัดค้าน (No-Objection Procedure: NOP) ต่อข้อเสนอโครงการด้านการเปลี่ยนแปลงสภาพภูมิอากาศ เพื่อขอรับการสนับสนุนทางการเงินจากกองทุนภูมิอากาศสีเขียว (Green Climate Fund: GCF) เป็นขั้นตอนการดำเนินการของภาครัฐ โดยกรมการเปลี่ยนแปลงสภาพภูมิอากาศและสิ่งแวดล้อม กระทรวงทรัพยากรธรรมชาติและสิ่งแวดล้อม ในฐานะหน่วยประสานงานหลัก (National Designated Authority: NDA) ของกองทุน GCF ประเทศไทย เพื่อพิจารณาคัดกรองโครงการและแผนงานที่ประสงค์จะขอรับการสนับสนุนทางการเงินจาก GCF","Document","กลุ่มพัฒนามาตรการและกลไก","climatemeasure@gmail.com","https://dgf.dcce.go.th/dataset/no-objection-procedure-nop","https://dgf.dcce.go.th/dataset/7909bd16-a3c1-4045-8512-2ee73b91f3c4/resource/2b0cf230-2c17-40a0-8010-33e7c4152214/download/messageimage_1723798397894.jpg","Data Catalog (CKAN DGF)","","ข้อมูลสาธารณะ","อื่นๆ","พันธกิจหน่วยงาน","GCF, Green Climate Fund, No objection Letter, กองทุนภูมิอากาศสีเขียว, คู่มือ, หนังสือรับรองที่ประเทศไทยไม่มีข้อคัดค้าน","ประเทศ","2024-08-16","2024-08-28"
"DAT-055","ขั้นตอนในการ รับ-ส่ง หนังสือภายใน กองยุทธศาสตร์และความร่วมมือระหว่างประเทศ","Knowledge Asset","ขั้นตอนการรับ-ส่งหนังสือจากหน่วยงานภายในกรมและหน่วยงานภายนอกกรมฯ ที่ส่งถึงกองยุทธศาสตร์และความร่วมมือระหว่างประเทศและกองได้ทำหนังสือตอบกลับส่งไปยังหน่วยงานภายในกรมและหน่วยงานภายนอกกรม","Document","ฝ่ายบริหารทั่วไป","boriharn.2566@gmail.com","https://dgf.dcce.go.th/dataset/db0501-001","https://dgf.dcce.go.th/dataset/d6635690-f818-4f2e-b491-daefcb63de12/resource/b49e3f3e-79c5-452b-91b7-e79a6814253d/download/-.pdf","Data Catalog (CKAN DGF)","","ข้อมูลสาธารณะ","ปี","อื่นๆ","ของกองยุทธศาสตร์, รับ-ส่งหนังสือ","ไม่มี","2024-03-01","2024-08-27"
"DAT-056","พรรณไม้ในเขตพื้นที่เมืองและชุมชน","Data Asset","จากยุทธศาสตร์ชาติด้านการสร้างการเติบโตบนคุณภาพชีวิตที่เป็นมิตรกับสิ่งแวดล้อม เพื่อให้บรรลุเป้าหมายการพัฒนาที่ยั่งยืน การรักษาและเพิ่มพื้นที่สีเขียวในเขตเมืองและชุมชนนับเป็นวิธีที่มีประโยชน์หลากหลายด้าน อาทิ ช่วยดักจับฝุ่นละออง ลดอุณหภูมิอาคารบ้านเรือน เป็นที่พักผ่อนหย่อนใจ เพิ่มความหลากหลายทางชีวภาพ และช่วยกักเก็บคาร์บอนซึ่งเป็นสาเหตุสำคัญของการเพิ่มขึ้นของอุณหภูมิเฉลี่ยของโลก ชุดข้อมูลพรรณไม้ในเขตพื้นที่เมืองและชุมชน ได้รวบรวมพรรณไม้ที่ได้จากการลงข้อมูลต้นไม้ในพื้นที่สีเขียวของหน่วยงานทุกภาคส่วนในระบบ Green Area ระหว่างปี ค.ศ. 2022 ถึงปี ค.ศ. 2024","Dataset","กลุ่มฐานข้อมูลกลางด้านการเปลี่ยนแปลงสภาพภูมิอากาศและสิ่งแวดล้อม","datacce@dcce.mail.go.th","https://dgf.dcce.go.th/dataset/db0407-001","https://dgf.dcce.go.th/dataset/f3282035-8a72-4321-bfa4-36a668119f98/resource/f60237a7-2c06-4825-a888-85aaade1e449/download/-template2.xlsx","Data Catalog (CKAN DGF)","","ข้อมูลสาธารณะ","ปี","ยุทธศาสตร์ชาติ","GreenArea, พรรณไม้ในเขตชุมชน, พรรณไม้ในเขตเมือง, พื้นที่สีเขียว","จังหวัด","2022-05-17","2024-07-31"
"DAT-057","บัญชีการปล่อยก๊าซเรือนกระจกภาคกระบวนการอุตสาหกรรมและการใช้ผลิตภัณฑ์","Data Asset","การจัดทำบัญชีก๊าซเรือนกระจกของประเทศไทยเพื่อรายงานข้อมูลตามพันธกรณีของการเป็นภาคีสมาชิกของอนุสัญญาสหประชาชาติว่าด้วยการเปลี่ยนแปลงสภาพภูมิอากาศ หรือ United Nations Framework on Climate Change (UNFCCC) ซึ่งกำหนดให้มีการจัดทำและรายงานข้อมูลบัญชีก๊าซเรือนกระจกเพื่อเสนอต่อ UNFCCC","Dataset","กลุ่มบัญชีก๊าซเรือนกระจก","parichat@dcce.mail.go.th","https://dgf.dcce.go.th/dataset/db0404-002","https://dgf.dcce.go.th/dataset/02085a54-6fc0-41d1-b13b-d27f0d1b3ca7/resource/cd113728-dee6-476d-9b83-de7f5bae41e7/download/ghg-emission-gas-ippu.csv","Data Catalog (CKAN DGF)","","ข้อมูลสาธารณะ","ปี","ยุทธศาสตร์ชาติ","การปล่อยก๊าซเรือนกระจกของประเทศไทย ภาคกระบวนการอุตสาหกรรมและการใช้ผลิตภัณฑ์","ไม่มี","2024-08-15T15:48:21.604510","2024-08-29"
"DAT-058","รายงานสรุุปผลการจัดฝึกอบรมภายใต้โครงการโรงเรียนอีโคสคูล","Knowledge Asset","สรุปผลการฝึกอบรมเชิงปฏิบัติการ","Document","กองขับเคลื่อนการปรับตัวต่อการเปลี่ยนแปลงสภาพภูมิอากาศ","thailandecoschool@gmail.com","https://dgf.dcce.go.th/dataset/db0307-004","https://dgf.dcce.go.th/dataset/96e8daaa-75b1-4606-a92a-443d1066ec5a/resource/4058dcac-c530-43dd-a65e-fe9795024803/download/-2567.pdf","Data Catalog (CKAN DGF)","","ข้อมูลสาธารณะ","ปี","พันธกิจหน่วยงาน","สรุปผลการฝึกอบรมเชิงปฏิบัติการ","จังหวัด","2024-03-13","2024-04-01"
"DAT-059","รายชื่ื่อผู้บริหาร ครู บุคลากรทางการศึกษา ศึกษานิเทศน์ ที่ผ่านการอบรมภายใต้โครงการโรงเรียนอีโคสคูล","Data Asset","ทำเนียบระดับกลาง","Dataset","กองขับเคลื่อนการปรับตัวต่อการเปลี่ยนแปลงสภาพภูมิอากาศ","thailandecoschool@gmail.com","https://dgf.dcce.go.th/dataset/db0307-003","","Data Catalog (CKAN DGF)","","ข้อมูลสาธารณะ","ปี","พันธกิจหน่วยงาน","ทำเนียบระดับกลาง","จังหวัด","2024-08-22T09:08:27.492335","2025-06-09T07:55:39.016556"
"DAT-060","รายงานสรุปผลการดำเนินโครงการโรงเรียนอีโคสคูล","Knowledge Asset","สรุปผลการดำเนินงาน Eco-School","Document","กองขับเคลื่อนการปรับตัวต่อการเปลี่ยนแปลงสภาพภูมิอากาศ","thailandecoschool@gmail.com","https://dgf.dcce.go.th/dataset/db0307-002","","Data Catalog (CKAN DGF)","","ข้อมูลสาธารณะ","ปี","พันธกิจหน่วยงาน","สรุปผลการดำเนินงาน Eco-School","จังหวัด","2024-08-22T09:04:42.141514","2025-06-09T07:55:13.331346"
"DAT-061","ขั้นตอนจัดซื้อจัดจ้างวัสดุ/ครุภัณฑ์","Knowledge Asset","กระบวนการของการจัดซื้อจัดจ้าง","Document","ฝ่ายบริหารทั่วไป","cca.5dcce@gmail.com","https://dgf.dcce.go.th/dataset/db0301-001","https://dgf.dcce.go.th/dataset/35053b14-b8a0-4ec8-97c2-0d0d95a68c48/resource/e3d4647b-b3b6-48d1-8150-cc332da33ffb/download/-.pdf","Data Catalog (CKAN DGF)","","ข้อมูลสาธารณะ","ปี","พันธกิจหน่วยงาน","จัดซื้อจัดจ้าง","ไม่มี","2023-10-01","2023-10-01"
"DAT-062","คำของบประมาณรายจ่ายประจำปี","Knowledge Asset","การจัดทำคำของบประมาณรายจ่ายประจำปี ดำเนินการตามพระราชบัญญัติวิธีการงบประมาณ พ.ศ. 2561  หมวดที่ 4 การจัดทำงบประมาณ ส่วนที่ ๑ การขอตั้งงบประมาณรายจ่ายมาตรา ๒๕ ภายใต้บังคับมาตรา ๒๘ ให้รัฐมนตรีเจ้าสังกัดหรือรัฐมนตรีซึ่งกฎหมายกําหนดให้มีหน้าที่กํากับหรือควบคุมกิจการของหน่วยรับงบประมาณหรือรัฐมนตรีผู้รักษาการตามกฎหมายมีหน้าที่รับผิดชอบในการยื่นคําขอตั้งงบประมาณรายจ่ายของหน่วยรับงบประมาณนั้นต่อผู้อํานวยการตามหลักเกณฑ์วิธีการและระยะเวลาที่ผู้อํานวยการกําหนดการยื่นคําขอตั้งงบประมาณรายจ่ายตามวรรคหนึ่งอย่างน้อยต้องแสดงวัตถุประสงค์แผนการปฏิบัติงานและแผนการใช้จ่ายงบประมาณและให้จัดส่งรายงานเกี่ยวกับเงินนอกงบประมาณตามหลักเกณฑ์และวิธีการที่ผู้อํานวยการกําหนด","Document","กลุ่มแผนงานและติดตามประเมินผล","plandcce2025@gmail.com","https://dgf.dcce.go.th/dataset/db0204-001","https://dgf.dcce.go.th/dataset/c296d730-2ade-4bb3-ae56-861e98ce1609/resource/5200a62c-36ca-4b34-84f8-fd7450ebdf79/download/-69.pdf","Data Catalog (CKAN DGF)","","ข้อมูลสาธารณะ","ปี","ยุทธศาสตร์ชาติ, แผนพัฒนาเศรษฐกิจและสังคมแห่งชาติ, แผนแม่บทภายใต้ยุทธศาสตร์ชาติ, แผนระดับที่ 3 (มติครม. 4 ธ.ค. 2560), นโยบายรัฐบาล/ข้อสั่งการนายกรัฐมนตรี, มติคณะรัฐมนตรี, พันธกิจหน่วยงาน, ดัชนี/ตัวชี้วัดระดับนานาชาติ, อื่นๆ","คำขอ, คำของบประมาณ, คำของบประมาณรายจ่ายประจำปี","จังหวัด","2024-01-17","2025-03-03"
"DAT-063","บัญชีรายชื่อลูกจ้างประจำ","Data Asset","บัญชีรายชื่อลูกจ้างประจำ กรมการเปลี่ยนแปลงสภาพภูมิอากาศและสิ่งแวดล้อม(กรมฯ) เป็นบัญชีข้อมูลที่มีวัตถุประสงค์เพื่อให้หน่วยงานภายในกรมฯ สามารถเข้าถึงข้อมูลบุคลากรของกรมฯ ได้  โดยข้อมูลในบัญชีนี้ ประกอบด้วย คำนำหน้านาม ชื่อ ชื่อสุกล ตำแหน่งเลขที่ ชื่อตำแหน่ง ประเภทสายงาน ระดับของตำแหน่ง สังกัดระดับกอง สังกัดระดับกลุ่ม/ฝ่าย ซึ่งเป็นข้อมูลที่จัดเก็บจากเจ้าตัว จากระบบ SEIS หรือระบบ DPIS เป็นต้น","Dataset","กลุ่มบริหารทรัพยากรบุคคล","hr_dcce@dcce.mail.go.th","https://dgf.dcce.go.th/dataset/db0202-002","","Data Catalog (CKAN DGF)","","ข้อมูลส่วนบุคคล","เดือน","อื่นๆ","ข้อมูลบุคลากร, ข้อมูลลูกจ้างประจำ, งานบริหารทรัพยากรบุคคล, งานบุคคล, บุคลากร, ลูกจ้างประจำ","ไม่มี","2024-08-01","2025-03-27"
"DAT-064","บัญชีรายชื่อพนักงานราชการ","Data Asset","บัญชีรายชื่อพนักงานราชการ กรมการเปลี่ยนแปลงสภาพภูมิอากาศและสิ่งแวดล้อม(กรมฯ) เป็นบัญชีข้อมูลที่มีวัตถุประสงค์เพื่อให้หน่วยงานภายในกรมฯ สามารถเข้าถึงข้อมูลบุคลากรของกรมฯ ได้  โดยข้อมูลในบัญชีนี้ ประกอบด้วย คำนำหน้านาม ชื่อ ชื่อสุกล ตำแหน่งเลขที่ ชื่อตำแหน่ง ประเภทของกลุ่มงาน ระดับของตำแหน่ง สังกัดระดับกอง สังกัดระดับกลุ่ม/ฝ่าย ซึ่งเป็นข้อมูลที่จัดเก็บจากเจ้าตัว จากระบบ SEIS หรือระบบ DPIS เป็นต้น","Dataset","กลุ่มบริหารทรัพยากรบุคคล","hr_dcce@dcce.mail.go.th","https://dgf.dcce.go.th/dataset/db0202-003","","Data Catalog (CKAN DGF)","","ข้อมูลส่วนบุคคล","เดือน","อื่นๆ","ข้อมูลบุคลากร, ข้อมูลพนักงานราชการ, ข้าราชการ, งานบริหารทรัพยากรบุคคล, งานบุคคล, บุคลากร","ไม่มี","2024-08-01","2025-03-27"
"DAT-065","บัญชีรายชื่อข้าราชการ","Data Asset","บัญชีรายชื่อข้าราชการ กรมการเปลี่ยนแปลงสภาพภูมิอากาศและสิ่งแวดล้อม(กรมฯ) เป็นบัญชีข้อมูลที่มีวัตถุประสงค์เพื่อให้หน่วยงานภายในกรมฯ สามารถเข้าถึงข้อมูลบุคลากรของกรมฯ ได้  โดยข้อมูลในบัญชีนี้ ประกอบด้วย คำนำหน้านาม ชื่อ ชื่อสุกล ตำแหน่งเลขที่ ชื่อตำแหน่ง ประเภทของตำแหน่ง ระดับของตำแหน่ง สังกัดระดับกอง สังกัดระดับกลุ่ม/ฝ่าย ซึ่งเป็นข้อมูลที่จัดเก็บจากเจ้าตัว จากระบบ SEIS หรือระบบ DPIS เป็นต้น","Dataset","กลุ่มบริหารทรัพยากรบุคคล","hr_dcce@dcce.mail.go.th","https://dgf.dcce.go.th/dataset/db0202-001","","Data Catalog (CKAN DGF)","","ข้อมูลส่วนบุคคล","เดือน","อื่นๆ","ข้อมูลข้าราชการ, ข้อมูลบุคลากร, ข้าราชการ, งานบริหารทรัพยากรบุคคล, งานบุคคล, บุคลากร","ไม่มี","2024-08-01","2025-03-27"
"DAT-066","รายการหนังสือที่เข้ามาถึงกรมฯ","Data Asset","เอกสาร หนังสือ และจดหมาย จากหน่วยงานที่ส่งมาถึงกรมฯ","Dataset","ฝ่ายบริหารทั่วไป","saraban@dcce.mail.go.th","https://dgf.dcce.go.th/dataset/db0201-001","https://dgf.dcce.go.th/dataset/f483def7-c8ba-4fb7-a87f-197386de3827/resource/7110f5f4-ee7b-4646-88c5-9bd3f3837454/download/-1-15-2567.xlsx","Data Catalog (CKAN DGF)","","ข้อมูลสาธารณะ","ปี","เพื่อการให้บริการประชาชน","หนังสือภายนอก","ไม่มี","2024-01-01","2024-07-31"
"DAT-067","ผลการประเมินส่วนราชการตามมาตรการปรับปรุงประสิทธิภาพในการปฏิบัติราชการ","Knowledge Asset","ผลการประเมินส่วนราชการตามมาตรการปรับปรุงประสิทธิภาพในการปฏิบัติราชการ เป็นเครื่องมือสำคัญในการพัฒนาระบบการดำเนินงานของส่วนราชการในการขับเคลื่อนภารกิจสำคัญของรัฐบาล ให้บรรลุต่อเป้าหมายตามยุทธศาสตร์ของประเทศ และองค์กรสามารถนำผลจากการดำเนินงานตามตัวชี้วัดไปใช้ประโยชน์ด้านการขับเคลื่อนตามภารกิจสำคัญของรัฐบาล การแก้ไขปัญหา และการอำนวยความสะดวกแก่ประชาชน","Document","กลุ่มพัฒนาระบบบริหาร","psd_deqp@dcce.mail.go.th","https://dgf.dcce.go.th/dataset/dcceindicators","https://dgf.dcce.go.th/dataset/2f040a66-ff96-43e4-9d16-6fc6bd509eae/resource/89645e56-6ebb-4e02-ab62-5cc82ec4932d/download/-65-12-e-sar-7-..-65.pdf","Data Catalog (CKAN DGF)","","ข้อมูลสาธารณะ","ปี","ยุทธศาสตร์ชาติ, แผนพัฒนาเศรษฐกิจและสังคมแห่งชาติ, แผนแม่บทภายใต้ยุทธศาสตร์ชาติ, แผนปฏิรูปประเทศ, แผนระดับที่ 3 (มติครม. 4 ธ.ค. 2560), นโยบายรัฐบาล/ข้อสั่งการนายกรัฐมนตรี, มติคณะรัฐมนตรี, พันธกิจหน่วยงาน, ดัชนี/ตัวชี้วัดระดับนานาชาติ","การประเมิน, ตัวชี้วัด, ประเมินผล","ไม่มี","2021-10-01","2025-03-14"
"DAT-068","แผนการตรวจสอบประจำปีงบประมาณ","Knowledge Asset","ขั้นตอนการจัดทำแผนงานตรวจสอบ
ขั้นตอนที่ 1 การสำรวจเบื้องต้น 
การประเมินความเสี่ยงเบื้องต้น เป็นการสร้างความคุ้นเคยของผู้ตรวจสอบภายใน โดยการศึกษาข้อมูลจากการจัดแบ่งส่วนงาน โครงสร้าง นโยบาย เป้าหมาย 
วัตถุประสงค์ ระเบียบปฏิบัติขององค์กรและทำความเข้าใจเกี่ยวกับแผนกลยุทธ์ แผนการปฏิบัติงานและคู่มือการปฏิบัติงาน หรืออาจใช้วิธีการประชุมหารือกับ
ผู้บริหารหน่วยรับตรวจ สัมภาษณ์หัวหน้าหน่วยรับตรวจและเจ้าหน้าที่ที่เกี่ยวข้อง สังเกตการณ์ปฏิบัติงานจริงหรืองานตรวจสอบภายในปีที่ผ่านมา
ขั้นตอนที่ 2 การประเมินผลระบบการควบคุมภายใน
ผู้ตรวจสอบภายในประเมินผลระบบการควบคุมภายในของแต่ละหน่วยงานของกรมการเปลี่ยนแปลงสภาพภูมิอากาศและสิ่งแวดล้อม โดยพิจารณาถึงความเหมาะสม และความเพียงพอของระบบการควบคุมภายใน ซึ่งประกอบด้วยองค์ประกอบ 5 องค์ประกอบ สภาพแวดล้อมการควบคุม (Control Environment) การประเมินความเสี่ยง (Risk Assessment) กิจกรรมการควบคุม (Control Activities) สารสนเทศและการสื่อสาร (Information and Communication) การติดตามและประเมินผล (Monitoring and Evaluation) 
ขั้นตอนที่ 3 การประเมินความเสี่ยง (Risk Assessment)
นำข้อมูลจากขั้นที่ 1 และ 2 นำมาทบทวนเกณฑ์การประเมินความเสี่ยงเพื่อการวางแผนการตรวจสอบโดยจัดส่งแบบสอบถามการประเมินความเสี่ยงระดับหน่วยงานและระดับกิจกรรมให้หน่วยรับตรวจประเมินความเสี่ยงแล้ว              กลุ่มตรวจสอบภายในเห็นนำมาพิจารณาและวิเคราะห์ประเมินความเสี่ยงตามเกณฑ์ที่กลุ่มตรวจสอบภายในกำหนด
ขั้นตอนที่ 4 - 5 จัดทำแผนการตรวจสอบ การประชุมแผกนการตรวจสอบ และเสนออธิบดีอนุมัติ
1. นำคะแนนผลการประเมินความเสี่ยงระดับหน่วยงานและระดับกิจกรรม มาจัดช่วงความเสี่ยง เพื่อให้ได้หน่วยงานหรือกิจกรรมใดที่มีความเสี่ยงในระดับสูงเพียงใด ที่ควรวางแผนการตรวจสอบในปีแรก ๆ และไล่ความเสี่ยงตามลำดับที่คำนวณได้ในปีถัด ๆ ไป
2. พิจารณาข้อมูลจากที่อื่นๆ นำมาประกอบการจัดทำแผนการตรวจสอบ เช่น นโยบายของผู้บริหาร ข้อมูลของ สตง. ฯลฯ
3. จัดทำแผนการตรวจสอบโดยการนำข้อมูลข้อ 1 -  2 มาจัดทำและพิจารณาในรายละเอียดดังนี้
- กำหนดวัตถุประสงค์ในเรื่องหรือกิจกรรมที่ทำการตรวจสอบ เพื่อจะได้วางแผนการปฏิบัติงานตรวจสอบให้บรรลุวัตถุประสงค์ที่กำหนดไว้
- กำหนดขอบเขตการปฏิบัติงานตรวจสอบเกี่ยวกับหน่วยรับตรวจ เรื่องที่ตรวจสอบ ความถี่ในการตรวจสอบ ระยะเวลาในการตรวจสอบ และจำนวนคน / วัน
- กำหนดผู้รับผิดชอบในการตรวจสอบ โดยระบุชื่อผู้รับผิดชอบในการตรวจสอบ
- กำหนดงบประมาณที่ใช้ปฏิบัติงานตรวจสอบ โดยระบุงบประมาณที่จะใช้ปฏิบัติงานตรวจสอบทั้งปีโดยแยกรายงานให้ชัดเจน เช่น ค่าเบี้ยเลี้ยง ค่าที่พัก และค่าพาหนะ ฯลฯ
4. เสนออธิบดีอนุมัติแผนการตรวจสอบภายในเดือนกันยายน
ขั้นตอนที่ 6 การเผยแพร่แผนการตรวจสอบประจำปี
- เผยแพร่แผนการตรวจสอบ โดยแจ้งเวียนให้หน่วยรับตรวจทราบ และเผยแพร่ในเว็บไซต์กรมการเปลี่ยนแปลงสภาพภูมิอากาศและสิ่งแวดล้อม","Document","กลุ่มตรวจสอบภายใน","audit.deqp@gmail.com","https://dgf.dcce.go.th/dataset/db0101-001","https://dgf.dcce.go.th/dataset/648918f1-632e-49ab-a07d-b23ad9d38b03/resource/6991e36b-c483-42a5-bd1e-f3b7fe6a4736/download/-..2567.pdf","Data Catalog (CKAN DGF)","","ข้อมูลสาธารณะ","ปี","อื่นๆ","ตรวจสอบด้วยความถูกต้อง โปร่งใส และ เที่ยงธรรม","ไม่มี","2023-09-13","2023-09-13"
"DAT-069","ข้อมูลพื้นที่สีเขียวในเขตเมืองและชุมชน","Data Asset","เป็นข้อมูลรายชื่อโครงการพื้นที่สีเขียว","Dataset","กองส่งเสริมการมีส่วนร่วมต่อการเปลี่ยนแปลงสภาพภูมิอากาศและสิ่งแวดล้อม","greenarea@deqp.mail.go.th","https://dgf.dcce.go.th/dataset/db0104-003","http://greenarea.dcce.go.th/api/get_greenarea_v4.php","Data Catalog (CKAN DGF)","","ข้อมูลสาธารณะ","วัน","อื่นๆ","ชุมชนสีเขียว, พื้นที่สีเขียว, เมืองสีเขียว","พิกัด","2017-01-01","2021-06-03"
"DAT-070","แนวทางและกลไกการบริหารจัดการคาร์บอนเครดิต","Knowledge Asset","แนวทางและกลไกการดำเนินงานเกี่ยวกับการบริหารจัดการคาร์บอนเครดิตเพื่อวัตถุประสงค์ภายในประเทศ และเพื่อวัตถุประสงค์ระหว่างประเทศ ในการสนับสนุนการบรรลุเป้าหมายการลดก๊าซเรือนกระจกของประเทศภายใต้ความตกลงปารีส และกรอบอนุสัญญาสหประชาชาติว่าด้วยการเปลี่ยนแปลงสภาพภูมิอากาศ ให้เป็นไปอย่างมีประสิทธิภาพ (รวบรวมข้อมูลจาก สำนักงานนโยบายและแผนทรัพยากรธรรมชาติและสิ่งแวดล้อม (สผ.) และได้ทำการถ่ายโอนภารกิจมา ซึ่งในรอบเวลาปรับปรุงข้อมูลถัดไป กรมการเปลี่ยนแปลงสภาพภูมิอากาศและสิ่งแวดล้อมจะเป็นผู้ทำการปรับปรุงข้อมูล)","Document","กองยุทธศาสตร์และความร่วมมือระหว่างประเทศ กรมการเปลี่ยนแปลงสภาพภูมิอากาศและสิ่งแวดล้อม","climatemeasure@onep.go.th","https://dgf.dcce.go.th/dataset/gd-mmd-carboncredit","https://dgf.dcce.go.th/dataset/3e872f1a-8142-4ca1-ae95-a62cd3a234d1/resource/f386c73a-6a41-41f3-913e-1ed41971a62b/download/20220525-carbon-credit-2.pdf","Data Catalog (CKAN DGF)","","ข้อมูลสาธารณะ","ไม่ทราบ","ไม่ทราบ","carbon credit, คาร์บอนเครดิต","ไม่มี","2024-09-26T03:39:27.119742","2024-09-26T04:18:13.729901"
"DAT-071","แผนแม่บทรองรับการเปลี่ยนแปลงสภาพภูมิอากาศ","Knowledge Asset","แผนแม่บทรองรับการเปลี่ยนแปลงสภาพภูมิอากาศของประเทศไทย ประกอบด้วย แนวโน้ม/สถานการณ์การเปลี่ยนแปลงสภาพภูมิอากาศของประเทศไทยและต่างประเทศ วิสัยทัศน์ เป้าหมายของแผน และแนวทางและมาตรการใน 3 เรื่องหลัก ได้แก่ (1) การปรับตัวต่อผลกระทบจากการเปลี่ยนแปลงสภาพภูมิอากาศ 6 สาขา ได้แก่ การจัดการน้ำ อุทกภัยและภัยแล้ง การเกษตรและความมั่นคงทางอาหาร สาธารณสุข การท่องเที่ยว การจัดการทรัพยากรธรรมชาติ และการตั้งถิ่นฐานและความมั่นคงของมนุษย์ (2) การลดก๊าซเรือนกระจกและส่งเสริมการเติบโตที่ปล่อยคาร์บอนต่ำ 8 สาขา ได้แก่ การผลิตไฟฟ้า คมนาคมขนส่ง การใช้พลังงานในอาคาร อุตสาหกรรม ของเสีย เกษตร ป่าไม้ และการจัดการเมือง (3) การสร้างขีดความสามารถด้านการบริหารจัดการการเปลี่ยนแปลงสภาพภูมิอากาศ ได้แก่ การพัฒนางานวิจัย เทคโนโลยี กลไกสนับสนุนการดำเนินงาน การสร้างความตระหนักรู้ และแนวทางความร่วมมือ รวมทั้ง แนวทางการขับเคลื่อนและติดตามประเมินการดำเนินงานตามแผนฯ (รวบรวมข้อมูลจาก สผ. และได้ทำการถ่ายโอนภารกิจมา ซึ่งในรอบเวลาปรับปรุงข้อมูลถัดไป กรมเปลี่ยนแปลงจะเป็นผู้ทำการปรับปรุงข้อมูล)","Document","กองยุทธศาสตร์และความร่วมมือระหว่างประเทศ กรมการเปลี่ยนแปลงสภาพภูมิอากาศและสิ่งแวดล้อม","ccmcpolicy@onep.go.th","https://dgf.dcce.go.th/dataset/policy-1","https://dgf.dcce.go.th/dataset/68219979-a9a8-4422-8940-7cd451f2ac1f/resource/d348b425-194a-4198-939b-bea0effdb227/download/ccmp_58-93_th.pdf","Data Catalog (CKAN DGF)","","ข้อมูลสาธารณะ","ปี","แผนระดับที่ 3 (มติครม. 4 ธ.ค. 2560)","การบริหารจัดการการเปลี่ยนแปลงสภาพภูมิอากาศ, การปรับตัว, การลดก๊าซเรือนกระจก, การเปลี่ยนแปลงสภาพภูมิอากาศ, สภาพภูมิอากาศ, แผนแม่บท","ไม่มี","2014-11-20","2024-05-20"
"DAT-072","สมาชิกอาสาสมัครพิทักษ์ทรัพยากรธรรมชาติและสิ่งแวดล้อมหมู่บ้าน","Data Asset","เป็นข้อมูลสมาชิกอาสาสมัครพิทักษ์ทรัพยากรธรรมชาติและสิ่งแวดล้อมประจำหมู่บ้านทั่วประเทศ","Dataset","กองส่งเสริมการมีส่วนร่วมต่อการเปลี่ยนแปลงสภาพภูมิอากาศและสิ่งแวดล้อม","data_deqp@hotmail.com","https://dgf.dcce.go.th/dataset/db0102-001","https://datacenter.dcce.go.th/services/tsm/member-list/","Data Catalog (CKAN DGF)","","ข้อมูลสาธารณะ","ปี","แผนพัฒนาเศรษฐกิจและสังคมแห่งชาติ, กฎหมายที่เกี่ยวข้อง, พันธกิจหน่วยงาน, อื่นๆ","ทสม., พิทักษ์สิ่งแวดล้อมหมู่บ้าน, อาสาสมัครพิทักษ์ทรัยพยากรธรรมชาติและสิ่งแวดล้อม, อาสาสมัครสิ่งแวดล้อมหมู่บ้าน, อาสาสมัครหมู่บ้าน","จังหวัด","2014-01-01","2021-05-18"
"DAT-073","ข้อมูลอุทยานแห่งชาติสีเขียว (Green National Park)","Data Asset","รายชื่ออุทยานแห่งชาติที่ได้รับการรับรองสถานะอุทยานสีเขียว","Dataset","กองส่งเสริมการมีส่วนร่วมต่อการเปลี่ยนแปลงสภาพภูมิอากาศและสิ่งแวดล้อม","greenNational@deqp.mail.go.th","https://dgf.dcce.go.th/dataset/db0103-008","https://dgf.dcce.go.th/dataset/8435d83e-b8d1-4d5b-90bc-f8355f658f2a/resource/1add4c9b-e23a-4157-bf3a-91ed0a689e0d/download/green-national-park.csv","Data Catalog (CKAN DGF)","","ข้อมูลสาธารณะ","ปี","อื่นๆ","GreenNationalPark, รายชื่ออุทยานแห่งชาติ, อุทยานแห่งชาติที่รับรองสถานะ, อุทยานแห่งชาติสีเขียว","ตำบล","2014-01-01","2021-07-30"
"DAT-074","โรงแรมที่เป็นมิตรกับสิ่งแวดล้อม (Green Hotel)","Data Asset","โรงแรมที่เป็นมิตรกับสิ่งแวดล้อม สถานประกอบการประเภทที่พักซึ่งมีการใช้ทรัพยากรและพลังงานอย่างคุ้มค่าและมีประสิทธิภาพ มีการจัดการมลพิษและสิ่งแวดล้อมที่ดี มีส่วนร่วมในการสืบสานศิลปวัฒนธรรมภูมิปัญญาท้องถิ่น และมีส่วนร่วมในการพัฒนาท้องถิ่น","Dataset","กองส่งเสริมการมีส่วนร่วมต่อการเปลี่ยนแปลงสภาพภูมิอากาศและสิ่งแวดล้อม","greenhotel.deqp64@gmail.com","https://dgf.dcce.go.th/dataset/db0103-002","https://dgf.dcce.go.th/dataset/c04ce150-559a-43f1-9765-a03c60a1418e/resource/d13e3be5-9020-4a78-9a7e-760b2dcbf6be/download/green-hotel.csv","Data Catalog (CKAN DGF)","","ข้อมูลสาธารณะ","ปี","อื่นๆ","GreenHotel, เป็นมิตรกับสิ่งแวดล้อม, โรงแรมที่เป็นมิตรกับสิ่งแวดล้อม","ตำบล","2013-01-01","2021-07-30"
"DAT-075","ข้อมูลสำนักงานสีเขียว (Green Office)","Data Asset","เป็นข้อมูลรายชื่อสำนักงานที่ได้รับรางวัล Green office โดยแบ่งรางวัลออกเป็น 3 ระดับ คือ ระดับทอง ระดับเงิน และระดับทองแดง","Dataset","กองส่งเสริมการมีส่วนร่วมต่อการเปลี่ยนแปลงสภาพภูมิอากาศและสิ่งแวดล้อม","gogreen1661@gmail.com","https://dgf.dcce.go.th/dataset/db0103-001","https://dgf.dcce.go.th/dataset/f79491a3-0948-4e55-a66b-e06b8ea1e36d/resource/b10eef95-a7ad-4340-8978-82b765c03c20/download/greenoffice.csv","Data Catalog (CKAN DGF)","","ข้อมูลสาธารณะ","ปี","อื่นๆ","Greeen Office, สำนักงานสีเขียว","ตำบล","2014-01-01","2021-07-30"
"DAT-076","องค์กรพัฒนาเอกชนด้านสิ่งแวดล้อม","Data Asset","เป็นข้อมูลจำนวนองค์กรเอกชนด้านการคุ้มครองทรัพยากรธรรมชาติและสิ่งแวดล้อมที่ขึ้นทะเบียนกับกรมส่งเสริมคุณภาพสิ่งแวดล้อม","Dataset","กลุ่มความร่วมมือองค์กรเอกชน  กองส่งเสริมการมีส่วนร่วมต่อการเปลี่ยนแปลงสภาพภูมิอากาศและสิ่งแวดล้อม","ngos.deqp@gmail.com","https://dgf.dcce.go.th/dataset/https-datacenter-deqp-go-th-ngos-report-statistic-member-register-year","https://dgf.dcce.go.th/dataset/34c62d52-5ac1-4c3d-bb49-6a2053558eb7/resource/62477eac-9caa-4d99-b066-98ccaf8fb141/download/private-sector.csv","Data Catalog (CKAN DGF)","","ข้อมูลสาธารณะ","ปี","พันธกิจหน่วยงาน","พัฒนาด้านสิ่งแวดล้อม, องค์กรพัฒนาด้านสิ่งแวดล้อม, องค์กรพัฒนาสิ่งแวดล้อม, องค์กรเอกชนด้านสิ่งแวดล้อม","ไม่มี","2022-07-11T03:53:21.974882","2022-07-11"
"DAT-077","ต้นแบบเมืองน่าอยู่คู่อุตสาหกรรรมเชิงนิเวศ","Data Asset","ท้องถิ่นที่มีการพัฒนาอย่างยั่งยืน ภายใต้องค์ประกอบ 4 ด้าน เมืองอยู่ดี คนมีสุข สิ่งแวดล้อมยั่งยืน และเมืองแห่งการเรียนรู้และการบริหารจัดการที่ดี และมีพื้นที่เชื่อมโยงกับเขตเมืองอุตสาหกรรมเชิงนิเวศ เกิดความสมดุลของเศรษฐกิจ สังคม และสิ่งแวดล้อม สะท้อนความน่าอยู่ในทุกๆ ด้าน","Dataset","กลุ่มส่งเสริมการพัฒนาที่ยั่งยืน  กองส่งเสริมการมีส่วนร่วมต่อการเปลี่ยนแปลงสภาพภูมิอากาศและสิ่งแวดล้อม","la21.deqp@gmail.com","https://dgf.dcce.go.th/dataset/db0104-002","https://dgf.dcce.go.th/dataset/9223f858-3d20-4442-b931-24b7808c5e44/resource/decbe67a-b6f3-4f20-978e-5d9c974f4f3b/download/industrial.csv","Data Catalog (CKAN DGF)","","ข้อมูลสาธารณะ","ปี","ยุทธศาสตร์ชาติ","ต้นแบบเมืองน่าอยู่, อุตสาหกรรมเชิงนิเวศ, เมืองน่าอยู่, เมืองน่าอยู่คู่อุตสาหกรรมเชิงนิเวศ","เทศบาล/อบต.","2020-01-01","2021-07-30"
"DAT-078","สถานประกอบการที่ผ่านเกณฑ์การประเมินผลิตภัณฑ์ที่เป็นมิตรกับสิ่งแวดล้อม","Data Asset","ข้อมูลแสดงจำนวนสถานประกอบการที่ผ่านเกณฑ์การประเมินผลิตภัณฑ์ที่เป็นมิตรกับสิ่งแวดล้อม ซึ่งมีทั้งเกณฑ์ ดีเยี่ยม ดีมาก ดี","Dataset","กองส่งเสริมการมีส่วนร่วมต่อการเปลี่ยนแปลงสภาพภูมิอากาศและสิ่งแวดล้อม","GGreen.GreenProduction@gmail.com","https://dgf.dcce.go.th/dataset/green-production","https://dgf.dcce.go.th/dataset/26b9a947-5c46-48de-9aca-55ad5ce639af/resource/352456df-cbf1-414e-ad7d-e100ae78963a/download/green-production_name.csv","Data Catalog (CKAN DGF)","","ข้อมูลสาธารณะ","ปี","พันธกิจหน่วยงาน","ผลิตภัณฑ์ที่เป็นมิตรกับสิ่งแวดล้อม, สถานประกอบการที่ผ่านเกณฑ์ประเมิน, สถานประกอบการที่เป็นมิตรกับสิ่งแวดล้อม, สถิติทรัพยากรธรรมชาติและสิ่งแวดล้อม, สถิติทางการ, เกณฑ์ประเมินผลิตภัณฑ์","ไม่มี","2022-07-11T07:35:24.869626","2022-07-11"
"DAT-079","สมาชิกเครือข่ายอาสาสมัครพิทักษ์ทรัพยากรธรรมชาติและสิ่งแวดล้อม","Data Asset","รวบรวมจากข้อมูลสมาชิกเครือข่ายอาสาสมัครพิทักษ์ทรัพยากรธรรมชาติ และสิ่งแวดล้อม ที่ทำงานอนุรักษ์และฟื้นฟูด้านทรัพยากรธรรมชาติและสิ่งแวดล้อม ในท้องถิ่นของตนเอง","Dataset","กองส่งเสริมการมีส่วนร่วมต่อการเปลี่ยนแปลงสภาพภูมิอากาศและสิ่งแวดล้อม","data_deqp@hotmail.com","https://dgf.dcce.go.th/dataset/https-dgf-deqp-go-th-dataset","https://dgf.dcce.go.th/dataset/c2840295-970a-4b04-bfdc-67398a239d58/resource/8351330a-dd64-4d17-a07c-2eab3c75b4a4/download/os_21020800_0201_01tsm.csv","Data Catalog (CKAN DGF)","","ข้อมูลสาธารณะ","ปี","พันธกิจหน่วยงาน","อาสาสมัครพิทักษ์ทรัยพยากรธรรมชาติและสิ่งแวดล้อม","ไม่มี","2022-07-12T07:09:16.273543","2022-07-12"
"DAT-080","ข้อมูลภัตตาคารและร้านอาหารที่เป็นมิตรกับสิ่งแวดล้อม (Green Restaurant)","Data Asset","เป็นข้อมูลรายชื่อภัตตาคารและร้านอาหารทั่ได้รับการรับรองเป็นมิตรกับสิ่งแวดล้อม","Dataset","กองส่งเสริมการมีส่วนร่วมต่อการเปลี่ยนแปลงสภาพภูมิอากาศและสิ่งแวดล้อม","greenrestaurant@deqp.mail.go.th","https://dgf.dcce.go.th/dataset/db0103-005","https://dgf.dcce.go.th/dataset/e959b75e-1c44-4478-904d-50c8a078f804/resource/ed56ae61-fba9-4316-b4c6-647417d3938e/download/restaurant.csv","Data Catalog (CKAN DGF)","","ข้อมูลสาธารณะ","ปี","เพื่อการให้บริการประชาชน, พันธกิจหน่วยงาน","Green Restaurant, ร้านอาหารที่เป็นมิตรกับสิ่งแวดล้อม","ตำบล","2018-10-01","2021-01-31"
"DAT-081","ข้อมูลผู้ผ่านการพัฒนาศักยภาพเครือข่ายอาสาสมัครพิทักษ์ทรัพยากรธรรมชาติและสิ่งแวดล้อม","Data Asset","ผู้ผ่านการพัฒนาศักยภาพ","Dataset","กองส่งเสริมการมีส่วนร่วมต่อการเปลี่ยนแปลงสภาพภูมิอากาศและสิ่งแวดล้อม","tms_deqp@hotmail.com","https://dgf.dcce.go.th/dataset/db0102-003","https://dgf.dcce.go.th/dataset/d728d300-8a1f-4fa6-880f-5a8244269930/resource/0cb3d524-2ca9-4d79-b758-9e73984a7fe3/download/tsm-2565.csv","Data Catalog (CKAN DGF)","","ข้อมูลสาธารณะ","ปี","ยุทธศาสตร์ชาติ, แผนพัฒนาเศรษฐกิจและสังคมแห่งชาติ, เพื่อการให้บริการประชาชน, พันธกิจหน่วยงาน","ผู้ผ่านการพัฒนาศักยภาพ, พัฒนาศักยภาพอาสาสมัคร, พัฒนาศักยภาพเครือข่าย, พิทักษ์สิ่งแวดล้อมหมู่บ้าน, ศักยภาพอาสาสมัคร, อาสาสมัครสิ่งแวดล้อมหมู่บ้าน, อาสาสมัครหมู่บ้าน","จังหวัด","2020-01-01","2021-07-30"
"DAT-082","ข้อมูลศาสนสถานที่เป็นมิตรกับสิ่งแวดล้อม (Green Religion)","Data Asset","เป็นข้อมูลรายชื่อวัดที่ผ่านเกณฑ์การจัดการสิ่งแวดล้อมของกรมส่งเสริมคุณภาพสิ่งแวดล้อม","Dataset","กองส่งเสริมการมีส่วนร่วมต่อการเปลี่ยนแปลงสภาพภูมิอากาศและสิ่งแวดล้อม","deqp_ptcs@hotmail.com","https://dgf.dcce.go.th/dataset/db0103-004","https://dgf.dcce.go.th/dataset/419df504-97f6-4263-b765-bb060fab0045/resource/58fea9f3-95f3-4d4f-a43d-6e6cd6d44d52/download/religion.csv","Data Catalog (CKAN DGF)","","ข้อมูลสาธารณะ","ปี","กฎหมายที่เกี่ยวข้อง, อื่นๆ","วัด, วัดจัดการสิ่งแวดล้อม, วัดผ่านเกณฑ์ประเมินการจัดการสิ่งแวดล้อม, สิ่งแวดล้อม","ตำบล","2010-01-01","2021-07-30"
"DAT-083","ข้อมูลต้นแบบเมืองสิ่งแวดล้อมยั่งยืน","Data Asset","ข้อมูลของเมืองที่ได้รับรางวัลชนะเลิศเทศบาลด้านสิ่งแวดล้อมยั่งยืน และเป็นต้นแบบเมืองสิ่งแวดล้อมยั่งยืน","Dataset","กองส่งเสริมการมีส่วนร่วมต่อการเปลี่ยนแปลงสภาพภูมิอากาศและสิ่งแวดล้อม","deqp_la21@live.com","https://dgf.dcce.go.th/dataset/db0104-001","https://dgf.dcce.go.th/dataset/b9aa7a90-342a-4489-86cf-f0c81fe6e57b/resource/81dd847a-ff19-4277-9214-7dda583a61fa/download/green-city1.csv","Data Catalog (CKAN DGF)","","ข้อมูลสาธารณะ","ปี","แผนพัฒนาเศรษฐกิจและสังคมแห่งชาติ","รางวัลชนะเลิศเทศบาลด้านสิ่งแวดล้อมยั่งยืน, รางวัลชนะเลิศเทศบาลน่าอยู่อย่างยั่งยืน, เมืองต้นแบบสิ่งแวดล้อมยั่งยืน","พิกัด","2004-01-01","2021-01-01"
"DAT-084","เครือข่ายอาสาสมัครพิทักษ์ทรัพยากรธรรมชาติและสิ่งแวดล้อมหมู่บ้านดีเด่น","Data Asset","รายชื่อเครือข่าย ทสม. ดีเด่นและผลงานด้านการจัดการขยะมูลฝอย","Dataset","กองส่งเสริมการมีส่วนร่วมต่อการเปลี่ยนแปลงสภาพภูมิอากาศและสิ่งแวดล้อม","tsm_datacenter@deqp.mail.go.th","https://dgf.dcce.go.th/dataset/db0102_003","https://dgf.dcce.go.th/dataset/b079ad06-42fa-45db-b767-f8772a4a1b59/resource/c5237afb-9ef5-4edc-8c03-82438f18ead3/download/tsm-network_waste-management-.csv","Data Catalog (CKAN DGF)","","ข้อมูลสาธารณะ","ปี","พันธกิจหน่วยงาน","เครือข่าย ทสม. ดีเด่น, เครือข่ายด้านการจัดการขยะมูลฝอย","ตำบล","2015-01-01","2023-03-16"
"DAT-085","อาสาสมัครพิทักษ์ทรัพยากรธรรมชาติและสิ่งแวดล้อมหมู่บ้านดีเด่น","Data Asset","รายชื่อทสม. ดีเด่นและผลงานด้านการจัดการขยะมูลฝอย","Dataset","กองส่งเสริมการมีส่วนร่วมต่อการเปลี่ยนแปลงสภาพภูมิอากาศและสิ่งแวดล้อม","tsm_datacenter@deqp.mail.go.th","https://dgf.dcce.go.th/dataset/db0102_004","https://dgf.dcce.go.th/dataset/89afa2b3-0203-408c-ab03-5a923937c06b/resource/dbf7bdc6-807a-4a80-851e-116820c242e2/download/tsm_waste-management.csv","Data Catalog (CKAN DGF)","","ข้อมูลสาธารณะ","ปี","พันธกิจหน่วยงาน","ทสม.ดีเด่น, ทสม.ด้านการจัดการขยะมูลฝอย","ตำบล","2015-01-01","2023-03-16"
"DAT-086","ศูนย์เรียนรู้ด้านการจัดการขยะ","Data Asset","รายชื่อศูนย์เรียนรู้ด้านการจัดการขยะ","Dataset","กองขับเคลื่อนการปรับตัวตอการเปลี่ยแปลงสภาพภูมิอากาศและสิ่งแวดล้อม","deqp.ksk@gmail.com","https://dgf.dcce.go.th/dataset/db0107_001","https://dgf.dcce.go.th/dataset/132bb475-f286-4c80-bca1-d62817842ff3/resource/4054a6f9-d0e1-44f0-92b1-c6aebb28a663/download/waste-management-learning-center.csv","Data Catalog (CKAN DGF)","","ข้อมูลสาธารณะ","ปี","พันธกิจหน่วยงาน","ศูนย์เรียนรู้ด้านการจัดการขยะ","จังหวัด","2017-01-01","2023-03-16"
"DAT-087","รายชื่อวิทยากรด้านการจัดการขยะโดยชุมชน","Data Asset","รายชื่อวิทยากรด้านการจัดการขยะโดยชุมชน","Dataset","ศูนย์วิจัยด้านการเปลี่ยนแปลงสภาพภูมิอากาศและสิ่งแวดล้อม","training2@deqp.mail.go.th","https://dgf.dcce.go.th/dataset/db0105-001","https://dgf.dcce.go.th/dataset/76eab2a6-cba0-4be4-a3c5-6ec9fee5d0b7/resource/7508a2d9-33f8-4f3f-a269-cd4d52982cb9/download/lecturer_waste-management.csv","Data Catalog (CKAN DGF)","","ข้อมูลสาธารณะ","ปี","พันธกิจหน่วยงาน","การจัดการขยะโดยชุมชน, วิทยากรด้านการจัดการขยะ","ไม่มี","2015-01-01","2023-03-09"
